FMT, 128, 89, FMT, BBnNZ, Type,Length,Name,Format,Columns
FMT, 129, 23, PARM, Nf, Name,Value
FMT, 130, 45, GPS, BIHBcLLeeEefI, Status,TimeMS,Week,NSats,HDop,Lat,Lng,RelAlt,Alt,Spd,GCrs,VZ,T
FMT, 131, 31, IMU, Iffffff, TimeMS,GyrX,GyrY,GyrZ,AccX,AccY,AccZ
FMT, 132, 67, MSG, Z, Message
FMT, 133, 35, RCIN, Ihhhhhhhhhhhhhh, TimeMS,C1,C2,C3,C4,C5,C6,C7,C8,C9,C10,C11,C12,C13,C14
FMT, 134, 23, RCOU, Ihhhhhhhh, TimeMS,Chan1,Chan2,Chan3,Chan4,Chan5,Chan6,Chan7,Chan8
FMT, 136, 21, BARO, Iffcf, TimeMS,Alt,Press,Temp,CRt
FMT, 137, 13, POWR, ICCH, TimeMS,Vcc,VServo,Flags
FMT, 145, 41, CMD, IHHHfffffff, TimeMS,CTot,CNum,CId,Prm1,Prm2,Prm3,Prm4,Lat,Lng,Alt
FMT, 146, 16, RAD, IBBBBBHH, TimeMS,RSSI,RemRSSI,TxBuf,Noise,RemNoise,RxErrors,Fixed
FMT, 148, 31, CAM, IHLLeeccC, GPSTime,GPSWeek,Lat,Lng,Alt,RelAlt,Roll,Pitch,Yaw
FMT, 25, 25, ATUN, BBfffff, Axis,TuneStep,RateMin,RateMax,RPGain,RDGain,SPGain
FMT, 26, 9, ATDE, cf, Angle,Rate
FMT, 9, 23, CURR, IhIhhhf, TimeMS,ThrOut,ThrInt,Volt,Curr,Vcc,CurrTot
FMT, 12, 20, OF, hhBccee, Dx,Dy,SQual,X,Y,Roll,Pitch
FMT, 5, 47, NTUN, Iffffffffff, TimeMS,DPosX,DPosY,PosX,PosY,DVelX,DVelY,VelX,VelY,DAccX,DAccY
FMT, 4, 33, CTUN, Ihhhffecchh, TimeMS,ThrIn,AngBst,ThrOut,DAlt,Alt,BarAlt,DSAlt,SAlt,DCRt,CRt
FMT, 15, 25, MAG, Ihhhhhhhhh, TimeMS,MagX,MagY,MagZ,OfsX,OfsY,OfsZ,MOfsX,MOfsY,MOfsZ
FMT, 6, 17, PM, HHIhBHB, NLon,NLoop,MaxT,PMT,I2CErr,INSErr,INAVErr
FMT, 1, 23, ATT, IccccCCCC, TimeMS,DesRoll,Roll,DesPitch,Pitch,DesYaw,Yaw,ErrRP,ErrYaw
FMT, 3, 6, MODE, Mh, Mode,ThrCrs
FMT, 10, 3, STRT, , 
FMT, 13, 4, EV, B, Id
FMT, 20, 6, D16, Bh, Id,Value
FMT, 21, 6, DU16, BH, Id,Value
FMT, 22, 8, D32, Bi, Id,Value
FMT, 23, 8, DU32, BI, Id,Value
FMT, 24, 8, DFLT, Bf, Id,Value
FMT, 19, 5, ERR, BB, Subsys,ECode
PARM, SYSID_SW_MREV, 120
PARM, SYSID_SW_TYPE, 10
PARM, SYSID_THISMAV, 1
PARM, SYSID_MYGCS, 255
PARM, SERIAL0_BAUD, 115
PARM, SERIAL1_BAUD, 57
PARM, TELEM_DELAY, 0
PARM, RTL_ALT, 1500
PARM, RNGFND_GAIN, 0.8
PARM, FS_BATT_ENABLE, 0
PARM, FS_BATT_VOLTAGE, 10.5
PARM, FS_BATT_MAH, 0
PARM, FS_GPS_ENABLE, 1
PARM, FS_GCS_ENABLE, 1
PARM, GPS_HDOP_GOOD, 230
PARM, MAG_ENABLE, 1
PARM, FLOW_ENABLE, 0
PARM, SUPER_SIMPLE, 0
PARM, RTL_ALT_FINAL, 0
PARM, RSSI_PIN, -1
PARM, RSSI_RANGE, 5
PARM, WP_YAW_BEHAVIOR, 2
PARM, RTL_LOIT_TIME, 5000
PARM, LAND_SPEED, 50
PARM, PILOT_VELZ_MAX, 250
PARM, PILOT_ACCEL_Z, 250
PARM, THR_MIN, 130
PARM, THR_MAX, 1000
PARM, FS_THR_ENABLE, 0
PARM, FS_THR_VALUE, 975
PARM, TRIM_THROTTLE, 603
PARM, THR_MID, 500
PARM, THR_DZ, 100
PARM, FLTMODE1, 0
PARM, FLTMODE2, 0
PARM, FLTMODE3, 0
PARM, FLTMODE4, 0
PARM, FLTMODE5, 0
PARM, FLTMODE6, 0
PARM, SIMPLE, 0
PARM, LOG_BITMASK, 894
PARM, ESC, 0
PARM, TUNE, 0
PARM, TUNE_LOW, 0
PARM, TUNE_HIGH, 1000
PARM, FRAME, 1
PARM, CH7_OPT, 0
PARM, CH8_OPT, 0
PARM, ARMING_CHECK, 1
PARM, ANGLE_MAX, 4500
PARM, RC_FEEL_RP, 100
PARM, PHLD_BRAKE_RATE, 8
PARM, PHLD_BRAKE_ANGLE, 3000
PARM, LAND_REPOSITION, 1
PARM, EKF_CHECK_THRESH, 0.8
PARM, DCM_CHECK_THRESH, 0.8
PARM, RC1_MIN, 991
PARM, RC1_TRIM, 1504
PARM, RC1_MAX, 2016
PARM, RC1_REV, 1
PARM, RC1_DZ, 30
PARM, RC2_MIN, 991
PARM, RC2_TRIM, 1503
PARM, RC2_MAX, 2016
PARM, RC2_REV, 1
PARM, RC2_DZ, 30
PARM, RC3_MIN, 990
PARM, RC3_TRIM, 992
PARM, RC3_MAX, 2016
PARM, RC3_REV, 1
PARM, RC3_DZ, 30
PARM, RC4_MIN, 991
PARM, RC4_TRIM, 1504
PARM, RC4_MAX, 2016
PARM, RC4_REV, 1
PARM, RC4_DZ, 40
PARM, RC5_MIN, 1503
PARM, RC5_TRIM, 1504
PARM, RC5_MAX, 1508
PARM, RC5_REV, 1
PARM, RC5_DZ, 0
PARM, RC5_FUNCTION, 0
PARM, RC6_MIN, 1500
PARM, RC6_TRIM, 1504
PARM, RC6_MAX, 1504
PARM, RC6_REV, 1
PARM, RC6_DZ, 0
PARM, RC6_FUNCTION, 0
PARM, RC7_MIN, 1503
PARM, RC7_TRIM, 1504
PARM, RC7_MAX, 1507
PARM, RC7_REV, 1
PARM, RC7_DZ, 0
PARM, RC7_FUNCTION, 0
PARM, RC8_MIN, 1500
PARM, RC8_TRIM, 1503
PARM, RC8_MAX, 1507
PARM, RC8_REV, 1
PARM, RC8_DZ, 0
PARM, RC8_FUNCTION, 0
PARM, RC10_MIN, 1100
PARM, RC10_TRIM, 0
PARM, RC10_MAX, 1900
PARM, RC10_REV, 1
PARM, RC10_DZ, 0
PARM, RC10_FUNCTION, 0
PARM, RC11_MIN, 1100
PARM, RC11_TRIM, 0
PARM, RC11_MAX, 1900
PARM, RC11_REV, 1
PARM, RC11_DZ, 0
PARM, RC11_FUNCTION, 0
PARM, RC_SPEED, 490
PARM, ACRO_RP_P, 4.5
PARM, ACRO_YAW_P, 4.5
PARM, ACRO_BAL_ROLL, 1
PARM, ACRO_BAL_PITCH, 1
PARM, ACRO_TRAINER, 2
PARM, ACRO_EXPO, 0.3
PARM, RATE_RLL_P, 0.15
PARM, RATE_RLL_I, 0.1
PARM, RATE_RLL_D, 0.004
PARM, RATE_RLL_IMAX, 1000
PARM, RATE_PIT_P, 0.15
PARM, RATE_PIT_I, 0.1
PARM, RATE_PIT_D, 0.004
PARM, RATE_PIT_IMAX, 1000
PARM, RATE_YAW_P, 0.2
PARM, RATE_YAW_I, 0.02
PARM, RATE_YAW_D, 0
PARM, RATE_YAW_IMAX, 1000
PARM, LOITER_LAT_P, 1
PARM, LOITER_LAT_I, 0.5
PARM, LOITER_LAT_D, 0
PARM, LOITER_LAT_IMAX, 1000
PARM, LOITER_LON_P, 1
PARM, LOITER_LON_I, 0.5
PARM, LOITER_LON_D, 0
PARM, LOITER_LON_IMAX, 1000
PARM, THR_RATE_P, 5
PARM, THR_ACCEL_P, 0.5
PARM, THR_ACCEL_I, 1
PARM, THR_ACCEL_D, 0
PARM, THR_ACCEL_IMAX, 800
PARM, OF_RLL_P, 2.5
PARM, OF_RLL_I, 0.5
PARM, OF_RLL_D, 0.12
PARM, OF_RLL_IMAX, 100
PARM, OF_PIT_P, 2.5
PARM, OF_PIT_I, 0.5
PARM, OF_PIT_D, 0.12
PARM, OF_PIT_IMAX, 100
PARM, STB_RLL_P, 4.5
PARM, STB_PIT_P, 4.5
PARM, STB_YAW_P, 4.5
PARM, THR_ALT_P, 1
PARM, HLD_LAT_P, 1
PARM, CAM_TRIGG_TYPE, 0
PARM, CAM_DURATION, 10
PARM, CAM_SERVO_ON, 1300
PARM, CAM_SERVO_OFF, 1100
PARM, CAM_TRIGG_DIST, 0
PARM, RELAY_PIN, 13
PARM, RELAY_PIN2, -1
PARM, COMPASS_OFS_X, 6
PARM, COMPASS_OFS_Y, -70
PARM, COMPASS_OFS_Z, 99
PARM, COMPASS_DEC, 0
PARM, COMPASS_LEARN, 0
PARM, COMPASS_USE, 1
PARM, COMPASS_AUTODEC, 1
PARM, COMPASS_MOTCT, 0
PARM, COMPASS_MOT_X, 0
PARM, COMPASS_MOT_Y, 0
PARM, COMPASS_MOT_Z, 0
PARM, COMPASS_ORIENT, 0
PARM, COMPASS_EXTERNAL, 0
PARM, INS_PRODUCT_ID, 0
PARM, INS_ACCSCAL_X, 0.9943895
PARM, INS_ACCSCAL_Y, 0.9972535
PARM, INS_ACCSCAL_Z, 0.983452
PARM, INS_ACCOFFS_X, -0.01576085
PARM, INS_ACCOFFS_Y, 0.2131895
PARM, INS_ACCOFFS_Z, 0.0190956
PARM, INS_GYROFFS_X, -0.001229173
PARM, INS_GYROFFS_Y, -0.02051283
PARM, INS_GYROFFS_Z, 0.01378697
PARM, INS_MPU6K_FILTER, 0
PARM, INAV_TC_XY, 2.5
PARM, INAV_TC_Z, 5
PARM, WPNAV_SPEED, 500
PARM, WPNAV_RADIUS, 200
PARM, WPNAV_SPEED_UP, 250
PARM, WPNAV_SPEED_DN, 150
PARM, WPNAV_LOIT_SPEED, 500
PARM, WPNAV_ACCEL, 100
PARM, WPNAV_ACCEL_Z, 100
PARM, WPNAV_LOIT_JERK, 1000
PARM, CIRCLE_RADIUS, 1000
PARM, CIRCLE_RATE, 20
PARM, ATC_RATE_RP_MAX, 18000
PARM, ATC_RATE_Y_MAX, 9000
PARM, ATC_SLEW_YAW, 1000
PARM, ATC_ACCEL_RP_MAX, 0
PARM, ATC_ACCEL_Y_MAX, 0
PARM, ATC_RATE_FF_ENAB, 0
PARM, POSCON_THR_HOVER, 603
PARM, SR0_RAW_SENS, 2
PARM, SR0_EXT_STAT, 2
PARM, SR0_RC_CHAN, 2
PARM, SR0_RAW_CTRL, 2
PARM, SR0_POSITION, 2
PARM, SR0_EXTRA1, 2
PARM, SR0_EXTRA2, 2
PARM, SR0_EXTRA3, 2
PARM, SR0_PARAMS, 0
PARM, SR1_RAW_SENS, 2
PARM, SR1_EXT_STAT, 2
PARM, SR1_RC_CHAN, 2
PARM, SR1_RAW_CTRL, 2
PARM, SR1_POSITION, 2
PARM, SR1_EXTRA1, 2
PARM, SR1_EXTRA2, 2
PARM, SR1_EXTRA3, 2
PARM, SR1_PARAMS, 0
PARM, AHRS_GPS_GAIN, 1
PARM, AHRS_GPS_USE, 1
PARM, AHRS_YAW_P, 0.1
PARM, AHRS_RP_P, 0.1
PARM, AHRS_WIND_MAX, 0
PARM, AHRS_TRIM_X, 0.002718636
PARM, AHRS_TRIM_Y, 0.02381147
PARM, AHRS_TRIM_Z, 0
PARM, AHRS_ORIENTATION, 0
PARM, AHRS_COMP_BETA, 0.1
PARM, AHRS_GPS_MINSATS, 6
PARM, MNT_MODE, 0
PARM, MNT_RETRACT_X, 0
PARM, MNT_RETRACT_Y, 0
PARM, MNT_RETRACT_Z, 0
PARM, MNT_NEUTRAL_X, 0
PARM, MNT_NEUTRAL_Y, 0
PARM, MNT_NEUTRAL_Z, 0
PARM, MNT_CONTROL_X, 0
PARM, MNT_CONTROL_Y, 0
PARM, MNT_CONTROL_Z, 0
PARM, MNT_STAB_ROLL, 0
PARM, MNT_STAB_TILT, 0
PARM, MNT_STAB_PAN, 0
PARM, MNT_RC_IN_ROLL, 0
PARM, MNT_ANGMIN_ROL, -4500
PARM, MNT_ANGMAX_ROL, 4500
PARM, MNT_RC_IN_TILT, 0
PARM, MNT_ANGMIN_TIL, -4500
PARM, MNT_ANGMAX_TIL, 4500
PARM, MNT_RC_IN_PAN, 0
PARM, MNT_ANGMIN_PAN, -4500
PARM, MNT_ANGMAX_PAN, 4500
PARM, MNT_JSTICK_SPD, 0
PARM, BATT_MONITOR, 0
PARM, BATT_VOLT_PIN, 1
PARM, BATT_CURR_PIN, 2
PARM, BATT_VOLT_MULT, 10.1
PARM, BATT_AMP_PERVOLT, 17
PARM, BATT_AMP_OFFSET, 0
PARM, BATT_CAPACITY, 3300
PARM, BATT_VOLT2_PIN, -1
PARM, BATT_VOLT2_MULT, 1
PARM, GND_ABS_PRESS, 41478.01
PARM, GND_TEMP, 31.9383
PARM, GND_ALT_OFFSET, 0
PARM, GPS_TYPE, 1
PARM, GPS_NAVFILTER, 8
PARM, SCHED_DEBUG, 0
PARM, FENCE_ENABLE, 0
PARM, FENCE_TYPE, 3
PARM, FENCE_ACTION, 1
PARM, FENCE_ALT_MAX, 100
PARM, FENCE_RADIUS, 300
PARM, FENCE_MARGIN, 2
PARM, GPSGLITCH_ENABLE, 1
PARM, GPSGLITCH_RADIUS, 200
PARM, GPSGLITCH_ACCEL, 1000
PARM, BAROGLTCH_ENABLE, 1
PARM, BAROGLTCH_DIST, 500
PARM, BAROGLTCH_ACCEL, 1500
PARM, MOT_TCRV_ENABLE, 1
PARM, MOT_TCRV_MIDPCT, 52
PARM, MOT_TCRV_MAXPCT, 93
PARM, MOT_SPIN_ARMED, 70
PARM, RCMAP_ROLL, 1
PARM, RCMAP_PITCH, 2
PARM, RCMAP_THROTTLE, 3
PARM, RCMAP_YAW, 4
PARM, MIS_TOTAL, 0
PARM, MIS_RESTART, 0
PARM, RNGFND_TYPE, 0
PARM, RNGFND_PIN, -1
PARM, RNGFND_SCALING, 3
PARM, RNGFND_OFFSET, 0
PARM, RNGFND_FUNCTION, 0
PARM, RNGFND_MIN_CM, 20
PARM, RNGFND_MAX_CM, 700
PARM, RNGFND_STOP_PIN, -1
PARM, RNGFND_SETTLE_MS, 0
PARM, RNGFND_RMETRIC, 1
MSG, ArduCopter V3.2.1 (36b405fb)
MSG, Frame: QUAD
MODE, Stabilize, 603
EV, 10
MODE, Stabilize, 603
ATT, 21847, 0, -0.03, 0, -0.24, 76.79, 76.79, 0, 0.05
RCIN, 21847, 1503, 1503, 991, 1504, 1504, 1504, 1503, 1503, 0, 0, 0, 0, 0, 0
GPS, 1, 0, 0, 0, 99.99, 0, 0, 0, -17, 0, 0, 0, 21860
RAD, 21867, 207, 208, 93, 28, 52, 0, 0
RAD, 21867, 207, 208, 93, 28, 52, 0, 0
EV, 15
CTUN, 21938, 154, 0, 0, 0, 0, 0.31, 0, 0, 0, -1
ATT, 21948, 0, -0.03, 0, -0.23, 76.76, 76.76, 0, 0.01
RCIN, 21949, 1504, 1503, 1057, 1504, 1504, 1504, 1504, 1503, 0, 0, 0, 0, 0, 0
CTUN, 22041, 184, 0, 184, 0, 0, 0.51, 0, 0, 0, -1
ATT, 22050, 0, -0.03, 0, -0.23, 76.76, 76.75, 0, 0.02
RCIN, 22050, 1504, 1503, 1082, 1504, 1504, 1504, 1504, 1503, 0, 0, 0, 0, 0, 0
GPS, 1, 0, 0, 0, 99.99, 0, 0, 0, -17, 0, 0, 0, 22078
CTUN, 22140, 185, 0, 185, 0, 0.02, 0.46, 0, 0, 0, 0
ATT, 22150, 0, -0.04, 0, -0.22, 76.76, 76.74, 0, 0.04
RCIN, 22150, 1503, 1504, 1083, 1503, 1504, 1504, 1504, 1503, 0, 0, 0, 0, 0, 0
CTUN, 22241, 185, 0, 185, 0, 0.05, -0.02, 0, 0, 0, 0
ATT, 22260, 0, -0.03, 0, -0.22, 76.76, 76.75, 0, 0.01
RCIN, 22261, 1503, 1504, 1084, 1504, 1504, 1504, 1504, 1503, 0, 0, 0, 0, 0, 0
GPS, 1, 0, 0, 0, 99.99, 0, 0, 0.04, -17, 0, 0, 0, 22278
CTUN, 22340, 185, 0, 185, 0, 0.04, 0.62, 0, 0, 0, 0
ATT, 22358, 0, -0.04, 0, -0.22, 76.76, 76.75, 0, 0.02
RCIN, 22358, 1504, 1503, 1084, 1504, 1504, 1504, 1504, 1503, 0, 0, 0, 0, 0, 0
CTUN, 22441, 184, 0, 184, 0, 0.08, 1.32, 0, 0, 0, 0
ATT, 22459, 0, -0.03, 0, -0.22, 76.76, 76.77, 0, 0.34
RCIN, 22460, 1503, 1503, 1082, 1503, 1504, 1504, 1504, 1503, 0, 0, 0, 0, 0, 0
GPS, 1, 0, 0, 0, 99.99, 0, 0, 0.11, -17, 0, 0, 0, 22478
CTUN, 22540, 205, 0, 205, 0, 0.15, 0.96, 0, 0, 0, 2
DU32, 7, 150520
CURR, 22540, 205, 1128, 0, 0, 4732, 0
EV, 28
ATT, 22558, 0, -0.03, 0, -0.22, 76.76, 76.91, 0, 0.08
RCIN, 22558, 1504, 1503, 1161, 1504, 1504, 1504, 1504, 1503, 0, 0, 0, 0, 0, 0
CTUN, 22641, 321, 0, 309, 0, 0.2, 0.13, 0, 0, 0, 3
RAD, 22650, 207, 208, 100, 27, 52, 0, 0
RAD, 22651, 207, 208, 100, 27, 52, 0, 0
ATT, 22660, 0, -0.03, 0, -0.22, 76.76, 76.94, 0, 0.08
RCIN, 22661, 1503, 1504, 1261, 1504, 1503, 1504, 1504, 1503, 0, 0, 0, 0, 0, 0
GPS, 1, 0, 0, 0, 99.99, 0, 0, 0.2, -17, 0, 0, 0, 22678
CTUN, 22740, 371, 0, 371, 0, 0.2, 0.3, 0, 0, 0, 3
ATT, 22760, 0, -0.03, 0, -0.22, 76.76, 76.91, 0, 0.03
RCIN, 22760, 1504, 1503, 1305, 1504, 1504, 1504, 1504, 1503, 0, 0, 0, 0, 0, 0
CTUN, 22841, 434, 0, 434, 0, 0.21, 0.29, 0, 0, 0, 3
ATT, 22859, 0, -0.03, 0, -0.22, 76.76, 76.89, 0, 0.05
RCIN, 22860, 1503, 1503, 1370, 1504, 1504, 1504, 1504, 1503, 0, 0, 0, 0, 0, 0
GPS, 1, 0, 0, 0, 99.99, 0, 0, 0.22, -17, 0, 0, 0, 22878
CTUN, 22940, 435, 0, 435, 0, 0.22, 0.21, 0, 0, 0, 3
ATT, 22958, 0, -0.02, 0, -0.22, 76.76, 76.88, 0, 0.15
RCIN, 22958, 1504, 1503, 1371, 1504, 1504, 1504, 1504, 1504, 0, 0, 0, 0, 0, 0
CTUN, 23041, 436, 0, 436, 0, 0.22, 0.19, 0, 0, 0, 3
ATT, 23059, 0, -0.03, 0, -0.22, 76.76, 76.94, 0, 0.01
RCIN, 23059, 1503, 1504, 1370, 1504, 1504, 1504, 1504, 1503, 0, 0, 0, 0, 0, 0
GPS, 1, 0, 0, 0, 99.99, 0, 0, 0.22, -17, 0, 0, 0, 23078
CTUN, 23140, 436, 0, 436, 0, 0.23, 0.55, 0, 0, 0, 3
ATT, 23158, 0, -0.03, 0, -0.22, 76.76, 76.95, 0, 0.06
RCIN, 23158, 1504, 1503, 1371, 1503, 1504, 1504, 1504, 1503, 0, 0, 0, 0, 0, 0
CTUN, 23241, 436, 0, 436, 0, 0.25, 0.49, 0, 0, 0, 3
ATT, 23260, 0, -0.03, 0, -0.22, 76.76, 76.98, 0, 0.06
RCIN, 23260, 1504, 1503, 1371, 1504, 1504, 1504, 1504, 1503, 0, 0, 0, 0, 0, 0
GPS, 1, 0, 0, 0, 99.99, 0, 0, 0.26, -17, 0, 0, 0, 23278
CTUN, 23340, 436, 0, 435, 0, 0.27, 1.18, 0, 0, 0, 4
ATT, 23358, 0, -0.03, 0, -0.22, 76.76, 77, 0, 0.08
RCIN, 23359, 1503, 1503, 1371, 1504, 1504, 1504, 1504, 1504, 0, 0, 0, 0, 0, 0
CTUN, 23441, 436, 0, 436, 0, 0.33, 0.17, 0, 0, 0, 5
ATT, 23460, 0, -0.04, 0, -0.22, 76.76, 77.03, 0, 0
RCIN, 23461, 1503, 1504, 1371, 1504, 1504, 1504, 1504, 1503, 0, 0, 0, 0, 0, 0
GPS, 1, 0, 0, 0, 99.99, 0, 0, 0.33, -17, 0, 0, 0, 23478
CTUN, 23540, 467, 0, 466, 0, 0.32, 0.37, 0, 0, 0, 5
DU32, 7, 150392
CURR, 23540, 466, 5322, 0, 0, 4693, 0
ATT, 23558, 0, -0.03, 0, -0.21, 76.76, 77.03, 0, 0
RCIN, 23558, 1504, 1503, 1405, 1504, 1504, 1504, 1503, 1504, 0, 0, 0, 0, 0, 0
CTUN, 23641, 468, 0, 468, 0, 0.33, 0.65, 0, 0, 0, 5
ATT, 23660, 0, -0.02, 0, -0.21, 76.76, 77.05, 0, 0.05
RCIN, 23660, 1503, 1503, 1408, 1504, 1504, 1504, 1504, 1503, 0, 0, 0, 0, 0, 0
GPS, 1, 0, 0, 0, 99.99, 0, 0, 0.34, -17, 0, 0, 0, 23678
CTUN, 23740, 494, 0, 468, 0, 0.36, 0.22, 0, 0, 0, 6
ATT, 23758, 0, -0.03, 0, -0.21, 76.76, 77.06, 0, 0.06
RCIN, 23758, 1503, 1504, 1442, 1504, 1504, 1504, 1504, 1503, 0, 0, 0, 0, 0, 0
CTUN, 23841, 559, 0, 559, 0, 0.36, 0.45, 0, 0, 0, 5
RAD, 23850, 207, 208, 97, 29, 51, 0, 0
RAD, 23851, 207, 208, 97, 29, 51, 0, 0
ATT, 23861, 0, -0.03, 0, -0.21, 76.76, 77.09, 0, 0.09
RCIN, 23861, 1504, 1503, 1563, 1504, 1504, 1504, 1504, 1503, 0, 0, 0, 0, 0, 0
GPS, 1, 0, 0, 0, 99.99, 0, 0, 0.36, -17, 0, 0, 0, 23878
CTUN, 23940, 739, 0, 707, 0, 0.37, 0.84, 0, 0, 0, 6
ATT, 23958, 0, -0.04, 0, -0.21, 76.76, 77.13, 0, 0.14
RCIN, 23958, 1503, 1504, 1776, 1503, 1504, 1504, 1504, 1503, 0, 0, 0, 0, 0, 0
CTUN, 24041, 997, 0, 997, 0, 0.4, 0.5, 0, 0, 0, 6
ATT, 24059, 0, -0.03, 0, -0.21, 76.76, 77.18, 0, 0
RCIN, 24059, 1503, 1503, 2016, 1503, 1504, 1504, 1504, 1503, 0, 0, 0, 0, 0, 0
GPS, 1, 0, 0, 0, 99.99, 0, 0, 0.41, -17, 0, 0, 0, 24078
CTUN, 24140, 1000, 0, 1000, 0, 0.42, -0.01, 0, 0, 0, 10
ATT, 24158, 0, -0.04, 0, -0.21, 76.76, 77.18, 0, 0.02
RCIN, 24158, 1504, 1503, 2016, 1504, 1504, 1504, 1504, 1503, 0, 0, 0, 0, 0, 0
CTUN, 24241, 1000, 0, 1000, 0, 0.4, 0.43, 0, 0, 0, -2
ATT, 24260, 0, -0.04, 0, -0.21, 76.76, 77.17, 0.01, 0.04
RCIN, 24260, 1503, 1504, 2015, 1506, 1504, 1504, 1504, 1503, 0, 0, 0, 0, 0, 0
GPS, 1, 0, 0, 0, 99.99, 0, 0, 0.4, -17, 0, 0, 0, 24278
CTUN, 24340, 999, 0, 999, 0, 0.39, 0.97, 0, 0, 0, -9
ATT, 24358, 0, -0.03, 0, -0.21, 76.76, 77.19, 0.01, 0.19
RCIN, 24358, 1504, 1503, 2016, 1506, 1504, 1504, 1504, 1504, 0, 0, 0, 0, 0, 0
CTUN, 24440, 1000, 0, 1000, 0, 0.42, 0.4, 0, 0, 0, -1
ATT, 24460, 0, -0.03, 0, -0.22, 76.76, 77.26, 0.03, 0.02
RCIN, 24460, 1504, 1503, 2016, 1506, 1504, 1504, 1504, 1503, 0, 0, 0, 0, 0, 0
GPS, 1, 0, 0, 0, 99.99, 0, 0, 0.42, -17, 0, 0, 0, 24478
CTUN, 24540, 1000, 0, 1000, 0, 0.43, 0.29, 0, 0, 0, 9
DU32, 7, 150392
CURR, 24540, 1000, 13520, 0, 0, 4752, 0
ATT, 24558, 0, -0.04, 0, -0.21, 76.76, 77.28, 0.03, 0.04
RCIN, 24558, 1504, 1503, 2015, 1508, 1504, 1504, 1504, 1504, 0, 0, 0, 0, 0, 0
CTUN, 24649, 1000, 0, 1000, 0, 0.43, 0.76, 0, 0, 0, 6
RAD, 24661, 207, 208, 98, 24, 49, 0, 0
RAD, 24661, 207, 208, 98, 24, 49, 0, 0
ATT, 24669, 0, -0.04, 0, -0.2, 76.76, 77.3, 0.03, 0.02
RCIN, 24670, 1503, 1504, 2015, 1507, 1504, 1504, 1504, 1504, 0, 0, 0, 0, 0, 0
GPS, 1, 0, 0, 0, 99.99, 0, 0, 0.43, -17, 0, 0, 0, 24678
CTUN, 24749, 999, 0, 1000, 0, 0.44, 0.66, 0, 0, 0, -6
ATT, 24769, 0, -0.03, 0, -0.22, 76.76, 77.32, 0.03, 0.21
RCIN, 24769, 1503, 1503, 2016, 1506, 1504, 1504, 1504, 1503, 0, 0, 0, 0, 0, 0
CTUN, 24849, 1000, 0, 1000, 0, 0.45, 0.18, 0, 0, 0, -6
ATT, 24869, 0, -0.02, 0, -0.22, 76.76, 77.39, 0.02, 0.04
RCIN, 24869, 1503, 1504, 2015, 1527, 1504, 1504, 1504, 1503, 0, 0, 0, 0, 0, 0
GPS, 1, 0, 0, 0, 99.99, 0, 0, 0.44, -17, 0, 0, 0, 24878
CTUN, 24949, 1000, 0, 1000, 0, 0.43, 0.05, 0, 0, 0, 4
ATT, 24968, 0, -0.02, 0, -0.21, 78.92, 77.38, 0.02, 0.02
RCIN, 24969, 1504, 1503, 2016, 1703, 1503, 1504, 1504, 1504, 0, 0, 0, 0, 0, 0
CTUN, 25051, 1000, 0, 1000, 0, 0.42, 0.25, 0, 0, 0, 5
ATT, 25070, 0, -0.02, 0, -0.2, 88.77, 77.38, 0.01, 0.03
RCIN, 25070, 1503, 1503, 2016, 1899, 1504, 1504, 1504, 1503, 0, 0, 0, 0, 0, 0
GPS, 1, 0, 0, 0, 99.99, 0, 0, 0.42, -17, 0, 0, 0, 25078
CTUN, 25149, 1000, 0, 1000, 0, 0.41, 0.21, 0, 0, 0, 5
ATT, 25168, 0, -0.02, 0, -0.19, 89.18, 77.37, 0.01, 0.02
RCIN, 25168, 1503, 1503, 2016, 1967, 1504, 1504, 1504, 1504, 0, 0, 0, 0, 0, 0
CTUN, 25249, 1000, 0, 1000, 0, 0.41, 1.17, 0, 0, 0, 5
GPS, 1, 0, 0, 0, 99.99, 0, 0, 0.41, -17, 0, 0, 0, 25269
ATT, 25270, 0, -0.02, 0, -0.19, 89.41, 77.39, 0, 0.2
RCIN, 25270, 1503, 1504, 2016, 2016, 1504, 1504, 1504, 1503, 0, 0, 0, 0, 0, 0
CTUN, 25349, 999, 0, 999, 0, 0.45, 0.64, 0, 0, 0, 6
ATT, 25369, 0, -0.02, 0, -0.19, 89.48, 77.46, 0, 0.02
RCIN, 25369, 1504, 1503, 2015, 2016, 1504, 1504, 1504, 1503, 0, 0, 0, 0, 0, 0
CTUN, 25450, 1000, 0, 999, 0, 0.48, 0.78, 0, 0, 0, 6
GPS, 1, 0, 0, 0, 99.99, 0, 0, 0.48, -17, 0, 0, 0, 25469
ATT, 25470, 0, -0.02, 0, -0.19, 89.08, 77.48, 0, 0.12
RCIN, 25470, 1503, 1504, 2015, 1866, 1504, 1504, 1504, 1503, 0, 0, 0, 0, 0, 0
DU32, 7, 150392
CURR, 25539, 1000, 22518, 0, 0, 4693, 0
CTUN, 25549, 1000, 0, 1000, 0, 0.5, 0.21, 0, 0, 0, 7
ATT, 25569, 0, -0.03, 0, -0.19, 87.98, 77.52, 0, 0.01
RCIN, 25569, 1503, 1503, 2016, 1652, 1504, 1504, 1504, 1504, 0, 0, 0, 0, 0, 0
RAD, 25609, 207, 208, 100, 26, 54, 0, 0
RAD, 25609, 207, 208, 100, 26, 54, 0, 0
CTUN, 25650, 1000, 0, 1000, 0, 0.49, 0.62, 0, 0, 0, 6
GPS, 1, 0, 0, 0, 99.99, 0, 0, 0.5, -17, 0, 0, 0, 25669
ATT, 25671, 0, -0.03, 0, -0.2, 87.52, 77.53, 0, 0.1
RCIN, 25671, 1503, 1503, 2016, 1510, 1504, 1504, 1504, 1503, 0, 0, 0, 0, 0, 0
CTUN, 25749, 1000, 0, 1000, 0, 0.51, -0.15, 0, 0, 0, 6
ATT, 25769, 0, -0.02, 0, -0.2, 87.52, 77.57, 0, 0.03
RCIN, 25769, 1504, 1503, 2015, 1509, 1504, 1504, 1504, 1503, 0, 0, 0, 0, 0, 0
CTUN, 25850, 1000, 0, 1000, 0, 0.48, 1.33, 0, 0, 0, 5
GPS, 1, 0, 0, 0, 99.99, 0, 0, 0.48, -17, 0, 0, 0, 25870
ATT, 25879, 0, -0.02, 0, -0.2, 87.52, 77.59, 0, 0.05
RCIN, 25879, 1503, 1504, 2015, 1508, 1503, 1504, 1504, 1504, 0, 0, 0, 0, 0, 0
CTUN, 25950, 1000, 0, 1000, 0, 0.53, 0.89, 0, 0, 0, 7
ATT, 25980, 0, -0.01, 0, -0.2, 87.52, 77.62, 0, 0.19
RCIN, 25980, 1503, 1503, 2016, 1508, 1503, 1505, 1503, 1503, 0, 0, 0, 0, 0, 0
CTUN, 26050, 1000, 0, 1000, 0, 0.56, 0.06, 0, 0, 0, 8
GPS, 1, 0, 0, 0, 99.99, 0, 0, 0.56, -17, 0, 0, 0, 26069
ATT, 26080, 0, 0, 0, -0.2, 87.52, 77.7, 0.01, 0.14
RCIN, 26080, 1503, 1503, 2016, 1506, 1504, 1504, 1504, 1503, 0, 0, 0, 0, 0, 0
CTUN, 26149, 1000, 0, 1000, 0, 0.54, 0.76, 0, 0, 0, 8
ATT, 26179, 0, -0.01, 0, -0.19, 87.52, 77.74, 0.01, 0.08
RCIN, 26179, 1504, 1503, 2016, 1506, 1504, 1504, 1504, 1503, 0, 0, 0, 0, 0, 0
CTUN, 26250, 1000, 0, 1000, 0, 0.56, 0.13, 0, 0, 0, 8
GPS, 1, 0, 0, 0, 99.99, 0, 0, 0.56, -17, 0, 0, 0, 26269
ATT, 26280, 0, -0.01, 0, -0.19, 87.52, 77.77, 0.01, 0.06
RCIN, 26280, 1503, 1503, 2016, 1505, 1503, 1504, 1504, 1503, 0, 0, 0, 0, 0, 0
CTUN, 26349, 1000, 0, 1000, 0, 0.55, 0.48, 0, 0, 0, 8
ATT, 26379, 0, -0.01, 0, -0.19, 87.52, 77.8, 0, 0.05
RCIN, 26379, 1504, 1503, 2016, 1505, 1504, 1504, 1504, 1503, 0, 0, 0, 0, 0, 0
CTUN, 26450, 1000, 0, 1000, 0, 0.55, 0.87, 0, 0, 0, 7
GPS, 1, 0, 0, 0, 99.99, 0, 0, 0.55, -17, 0, 0, 0, 26469
ATT, 26479, 0, -0.01, 0, -0.2, 87.52, 77.83, 0, 0.16
RCIN, 26479, 1503, 1503, 2016, 1505, 1503, 1504, 1504, 1503, 0, 0, 0, 0, 0, 0
DU32, 7, 150392
CURR, 26538, 1000, 32518, 0, 0, 4732, 0
PM, 22, 1000, 1819990, 12, 0, 0, 0
CTUN, 26549, 1000, 0, 1000, 0, 0.57, 0.06, 0, 0, 0, 7
ATT, 26579, 0, -0.01, 0, -0.2, 87.52, 77.88, 0, 0.08
RCIN, 26579, 1503, 1504, 2015, 1505, 1504, 1504, 1504, 1503, 0, 0, 0, 0, 0, 0
RAD, 26599, 207, 208, 100, 22, 52, 0, 0
RAD, 26600, 207, 208, 100, 22, 52, 0, 0
CTUN, 26650, 1000, 0, 1000, 0, 0.55, 1, 0, 0, 0, 7
GPS, 1, 0, 0, 0, 99.99, 0, 0, 0.55, -17, 0, 0, 0, 26669
ATT, 26679, 0, 0, 0, -0.2, 87.52, 77.85, 0, 0.01
RCIN, 26679, 1503, 1503, 2016, 1504, 1504, 1504, 1504, 1503, 0, 0, 0, 0, 0, 0
CTUN, 26749, 1000, 0, 1000, 0, 0.58, 0.8, 0, 0, 0, 7
ATT, 26779, 0, 0, 0, -0.2, 87.52, 77.86, 0, 0.06
RCIN, 26780, 1503, 1503, 2016, 1517, 1504, 1504, 1504, 1503, 0, 0, 0, 0, 0, 0
CTUN, 26850, 1000, 0, 999, 0, 0.6, 0.02, 0, 0, 0, 8
GPS, 1, 0, 0, 0, 99.99, 0, 0, 0.6, -17, 0, 0, 0, 26869
ATT, 26879, 0, 0, 0, -0.19, 87.52, 77.88, 0, 0.08
RCIN, 26880, 1503, 1503, 2016, 1511, 1504, 1504, 1504, 1503, 0, 0, 0, 0, 0, 0
CTUN, 26949, 1000, 0, 1000, 0, 0.58, 0.71, 0, 0, 0, 8
ATT, 26979, 0, -0.01, 0, -0.19, 87.52, 77.86, 0.01, 0
RCIN, 26980, 1504, 1503, 2016, 1512, 1504, 1504, 1504, 1504, 0, 0, 0, 0, 0, 0
CTUN, 27050, 1000, 0, 1000, 0, 0.59, 0.43, 0, 0, 0, 7
GPS, 1, 0, 0, 0, 99.99, 0, 0, 0.59, -17, 0, 0, 0, 27069
ATT, 27079, 0, -0.01, 0, -0.19, 87.52, 77.85, 0.01, 0.04
RCIN, 27079, 1504, 1503, 2016, 1510, 1504, 1504, 1504, 1503, 0, 0, 0, 0, 0, 0
CTUN, 27149, 1000, 0, 1000, 0, 0.59, 0.1, 0, 0, 0, 8
ATT, 27180, 0, -0.01, 0, -0.19, 87.52, 77.84, 0, 0.04
RCIN, 27180, 1503, 1504, 2016, 1508, 1503, 1504, 1504, 1503, 0, 0, 0, 0, 0, 0
CTUN, 27250, 1000, 0, 999, 0, 0.57, 0.29, 0, 0, 0, 6
GPS, 1, 0, 0, 0, 99.99, 0, 0, 0.57, -17, 0, 0, 0, 27269
ATT, 27280, 0, -0.01, 0, -0.19, 87.52, 77.82, 0, 0.07
RCIN, 27280, 1503, 1503, 2016, 1506, 1504, 1504, 1504, 1503, 0, 0, 0, 0, 0, 0
CTUN, 27349, 1000, 0, 1000, 0, 0.56, -0.01, 0, 0, 0, 6
ATT, 27380, 0, -0.01, 0, -0.19, 87.52, 77.79, 0, 0.08
RCIN, 27380, 1504, 1503, 2016, 1506, 1504, 1504, 1504, 1503, 0, 0, 0, 0, 0, 0
CTUN, 27450, 1000, 0, 1000, 0, 0.53, 1.19, 0, 0, 0, 4
GPS, 1, 0, 0, 0, 99.99, 0, 0, 0.53, -17, 0, 0, 0, 27469
ATT, 27479, 0, 0, 0, -0.19, 87.52, 77.78, 0, 0.08
RCIN, 27480, 1504, 1503, 2015, 1506, 1504, 1504, 1504, 1503, 0, 0, 0, 0, 0, 0
DU32, 7, 150392
CURR, 27539, 999, 42516, 0, 0, 4712, 0
CTUN, 27549, 1000, 0, 1000, 0, 0.57, 0.53, 0, 0, 0, 5
ATT, 27579, 0, 0, 0, -0.19, 87.52, 77.8, 0, 0.07
RCIN, 27579, 1504, 1503, 2016, 1506, 1503, 1504, 1504, 1503, 0, 0, 0, 0, 0, 0
RAD, 27600, 207, 208, 100, 23, 52, 0, 0
RAD, 27600, 207, 208, 100, 23, 52, 0, 0
CTUN, 27650, 1000, 0, 1000, 0, 0.58, 0.1, 0, 0, 0, 5
GPS, 1, 0, 0, 0, 99.99, 0, 0, 0.58, -17, 0, 0, 0, 27669
ATT, 27679, 0, 0, 0, -0.19, 87.52, 77.78, 0, 0.03
RCIN, 27679, 1503, 1504, 2015, 1506, 1504, 1504, 1504, 1503, 0, 0, 0, 0, 0, 0
CTUN, 27749, 1000, 0, 1000, 0, 0.56, 1.04, 0, 0, 0, 3
ATT, 27779, 0, 0, 0, -0.18, 87.52, 77.78, 0.01, 0
RCIN, 27779, 1504, 1503, 2015, 1505, 1504, 1504, 1504, 1503, 0, 0, 0, 0, 0, 0
CTUN, 27850, 1000, 0, 1000, 0, 0.59, 0.55, 0, 0, 0, 4
GPS, 1, 0, 0, 0, 99.99, 0, 0, 0.59, -17, 0, 0, 0, 27869
ATT, 27880, 0, -0.01, 0, -0.17, 87.52, 77.78, 0.01, 0
RCIN, 27880, 1503, 1503, 2016, 1505, 1503, 1504, 1504, 1503, 0, 0, 0, 0, 0, 0
CTUN, 27949, 999, 0, 1000, 0, 0.59, 0.24, 0, 0, 0, 4
ATT, 27980, 0, -0.02, 0, -0.18, 87.52, 77.78, 0, 0.04
RCIN, 27980, 1503, 1503, 2016, 1506, 1503, 1504, 1504, 1503, 0, 0, 0, 0, 0, 0
CTUN, 28050, 1000, 0, 1000, 0, 0.58, 1.11, 0, 0, 0, 4
GPS, 1, 0, 0, 0, 99.99, 0, 0, 0.58, -17, 0, 0, 0, 28069
ATT, 28079, 0, -0.02, 0, -0.18, 87.52, 77.76, 0, 0.03
RCIN, 28079, 1503, 1504, 2015, 1505, 1504, 1504, 1504, 1503, 0, 0, 0, 0, 0, 0
CTUN, 28150, 1000, 0, 1000, 0, 0.61, 0.48, 0, 0, 0, 5
ATT, 28179, 0, -0.03, 0, -0.18, 87.52, 77.76, 0.01, 0.01
RCIN, 28180, 1503, 1503, 2016, 1505, 1504, 1504, 1504, 1503, 0, 0, 0, 0, 0, 0
CTUN, 28250, 1000, 0, 1000, 0, 0.61, 0.1, 0, 0, 0, 6
GPS, 1, 0, 0, 0, 99.99, 0, 0, 0.61, -17, 0, 0, 0, 28269
ATT, 28279, 0, -0.02, 0, -0.19, 87.52, 77.75, 0.01, 0.11
RCIN, 28279, 1504, 1503, 2016, 1504, 1504, 1504, 1504, 1503, 0, 0, 0, 0, 0, 0
CTUN, 28350, 1000, 0, 1000, 0, 0.59, 0.3, 0, 0, 0, 6
ATT, 28379, 0, -0.02, 0, -0.19, 87.52, 77.72, 0, 0
RCIN, 28380, 1504, 1503, 2016, 1504, 1504, 1504, 1504, 1504, 0, 0, 0, 0, 0, 0
CTUN, 28450, 1000, 0, 1000, 0, 0.58, 0.66, 0, 0, 0, 6
GPS, 1, 0, 0, 0, 99.99, 0, 0, 0.58, -17, 0, 0, 0, 28469
ATT, 28479, 0, -0.01, 0, -0.19, 87.52, 77.73, 0, 0.06
RCIN, 28480, 1503, 1503, 2016, 1505, 1504, 1504, 1504, 1503, 0, 0, 0, 0, 0, 0
DU32, 7, 150392
CURR, 28538, 1000, 52516, 0, 0, 4772, 0
CTUN, 28549, 1000, 0, 1000, 0, 0.59, -0.01, 0, 0, 0, 5
ATT, 28579, 0, -0.01, 0, -0.19, 87.52, 77.75, 0.01, 0.08
RCIN, 28579, 1504, 1503, 2016, 1504, 1504, 1504, 1504, 1503, 0, 0, 0, 0, 0, 0
CTUN, 28650, 1000, 0, 1000, 0, 0.56, 0.37, 0, 0, 0, 4
GPS, 1, 0, 0, 0, 99.99, 0, 0, 0.56, -17, 0, 0, 0, 28669
RAD, 28679, 207, 208, 98, 26, 50, 0, 0
RAD, 28680, 207, 208, 98, 26, 50, 0, 0
ATT, 28681, 0, -0.01, 0, -0.18, 87.52, 77.73, 0.01, 0.01
RCIN, 28681, 1503, 1503, 2016, 1504, 1504, 1504, 1504, 1503, 0, 0, 0, 0, 0, 0
CTUN, 28749, 999, 0, 999, 0, 0.55, 0.69, 0, 0, 0, 3
ATT, 28778, 0, -0.02, 0, -0.18, 87.52, 77.74, 0, 0
RCIN, 28779, 1504, 1503, 2016, 1504, 1504, 1504, 1504, 1503, 0, 0, 0, 0, 0, 0
CTUN, 28850, 1000, 0, 1000, 0, 0.56, -0.08, 0, 0, 0, 4
GPS, 1, 0, 0, 0, 99.99, 0, 0, 0.56, -17, 0, 0, 0, 28869
ATT, 28880, 0, -0.03, 0, -0.19, 87.52, 77.74, 0, 0.07
RCIN, 28880, 1504, 1503, 2016, 1505, 1503, 1504, 1504, 1503, 0, 0, 0, 0, 0, 0
CTUN, 28949, 1000, 0, 1000, 0, 0.53, 0.21, 0, 0, 0, 4
ATT, 28979, 0, -0.03, 0, -0.18, 87.52, 77.72, 0.01, 0.04
RCIN, 28979, 1504, 1503, 2016, 1504, 1504, 1504, 1504, 1503, 0, 0, 0, 0, 0, 0
CTUN, 29050, 1000, 0, 1000, 0, 0.52, 0.82, 0, 0, 0, 4
GPS, 1, 0, 0, 0, 99.99, 0, 0, 0.52, -17, 0, 0, 0, 29069
ATT, 29079, 0, -0.02, 0, -0.19, 87.52, 77.71, 0.01, 0.05
RCIN, 29079, 1504, 1503, 2016, 1504, 1504, 1504, 1504, 1503, 0, 0, 0, 0, 0, 0
CTUN, 29149, 1000, 0, 1000, 0, 0.53, -0.06, 0, 0, 0, 4
ATT, 29180, 0, -0.01, 0, -0.19, 87.52, 77.73, 0, 0.02
RCIN, 29180, 1504, 1503, 2016, 1504, 1504, 1504, 1504, 1503, 0, 0, 0, 0, 0, 0
CTUN, 29250, 1000, 0, 1000, 0, 0.51, 0.27, 0, 0, 0, 1
GPS, 1, 0, 0, 0, 99.99, 0, 0, 0.5, -17, 0, 0, 0, 29269
ATT, 29279, 0, 0, 0, -0.19, 87.52, 77.71, 0, 0.1
RCIN, 29280, 1504, 1503, 2016, 1504, 1504, 1504, 1504, 1503, 0, 0, 0, 0, 0, 0
CTUN, 29349, 1000, 0, 1000, 0, 0.49, 0.33, 0, 0, 0, 1
ATT, 29379, 0, -0.01, 0, -0.19, 87.52, 77.68, 0, 0.03
RCIN, 29380, 1503, 1504, 2015, 1506, 1504, 1504, 1504, 1503, 0, 0, 0, 0, 0, 0
CTUN, 29450, 1000, 0, 1000, 0, 0.49, -0.04, 0, 0, 0, 1
GPS, 1, 0, 0, 0, 99.99, 0, 0, 0.48, -17, 0, 0, 0, 29469
ATT, 29479, 0, 0, 0, -0.19, 87.52, 77.67, 0, 0.05
RCIN, 29480, 1504, 1503, 2016, 1506, 1504, 1504, 1504, 1504, 0, 0, 0, 0, 0, 0
DU32, 7, 150392
CURR, 29539, 1000, 62515, 0, 0, 4693, 0
CTUN, 29549, 1000, 0, 1000, 0, 0.46, 0.22, 0, 0, 0, 2
ATT, 29579, 0, 0, 0, -0.19, 87.52, 77.65, 0, 0.03
RCIN, 29579, 1504, 1503, 2015, 1506, 1504, 1504, 1504, 1503, 0, 0, 0, 0, 0, 0
CTUN, 29650, 1000, 0, 1000, 0, 0.44, -0.17, 0, 0, 0, 1
GPS, 1, 0, 0, 0, 99.99, 0, 0, 0.44, -17, 0, 0, 0, 29669
ATT, 29680, 0, 0, 0, -0.18, 87.52, 77.64, 0.01, 0.02
RCIN, 29680, 1504, 1503, 2016, 1506, 1503, 1504, 1504, 1503, 0, 0, 0, 0, 0, 0
CTUN, 29749, 1000, 0, 1000, 0, 0.41, 0.03, 0, 0, 0, 0
ATT, 29779, 0, -0.01, 0, -0.18, 87.52, 77.64, 0.01, 0
RCIN, 29780, 1503, 1503, 2016, 1506, 1504, 1504, 1504, 1503, 0, 0, 0, 0, 0, 0
CTUN, 29850, 1000, 0, 1000, 0, 0.38, 0, 0, 0, 0, -1
GPS, 1, 0, 0, 0, 99.99, 0, 0, 0.38, -17, 0, 0, 0, 29869
ATT, 29879, 0, -0.01, 0, -0.18, 87.52, 77.64, 0, 0.01
RCIN, 29880, 1504, 1503, 2016, 1506, 1504, 1504, 1504, 1503, 0, 0, 0, 0, 0, 0
RAD, 29940, 207, 208, 91, 27, 50, 0, 0
CTUN, 29949, 1000, 0, 1000, 0, 0.36, 0.68, 0, 0, 0, -1
RAD, 29960, 207, 208, 91, 27, 50, 0, 0
ATT, 29978, 0, -0.02, 0, -0.18, 87.52, 77.64, 0, 0.05
RCIN, 29979, 1504, 1503, 2016, 1504, 1504, 1504, 1504, 1503, 0, 0, 0, 0, 0, 0
CTUN, 30050, 1000, 0, 1000, 0, 0.38, 0.86, 0, 0, 0, 1
GPS, 1, 0, 0, 0, 99.99, 0, 0, 0.38, -17, 0, 0, 0, 30069
ATT, 30080, 0, -0.02, 0, -0.18, 87.52, 77.67, 0, 0.1
RCIN, 30080, 1504, 1503, 2015, 1505, 1504, 1504, 1504, 1503, 0, 0, 0, 0, 0, 0
CTUN, 30149, 999, 0, 1000, 0, 0.4, 0.64, 0, 0, 0, 0
ATT, 30179, 0, -0.01, 0, -0.18, 87.52, 77.71, 0, 0
RCIN, 30180, 1504, 1503, 2016, 1504, 1503, 1504, 1504, 1503, 0, 0, 0, 0, 0, 0
CTUN, 30250, 1000, 0, 1000, 0, 0.42, 0.1, 0, 0, 0, 0
GPS, 1, 0, 0, 0, 99.99, 0, 0, 0.42, -17, 0, 0, 0, 30269
ATT, 30280, 0, -0.01, 0, -0.19, 87.52, 77.71, 0, 0.02
RCIN, 30280, 1503, 1504, 2015, 1505, 1504, 1504, 1504, 1503, 0, 0, 0, 0, 0, 0
CTUN, 30349, 1000, 0, 1000, 0, 0.4, 0.11, 0, 0, 0, 0
ATT, 30379, 0, -0.01, 0, -0.19, 87.52, 77.71, 0, 0
RCIN, 30380, 1503, 1503, 2016, 1506, 1504, 1504, 1504, 1503, 0, 0, 0, 0, 0, 0
CTUN, 30450, 1000, 0, 1000, 0, 0.39, 0.79, 0, 0, 0, 0
GPS, 1, 0, 0, 0, 99.99, 0, 0, 0.39, -17, 0, 0, 0, 30469
ATT, 30479, 0, -0.01, 0, -0.19, 87.52, 77.72, 0, 0.1
RCIN, 30480, 1503, 1504, 2015, 1506, 1504, 1504, 1504, 1504, 0, 0, 0, 0, 0, 0
DU32, 7, 150392
CURR, 30539, 999, 72515, 0, 0, 4732, 0
CTUN, 30549, 1000, 0, 999, 0, 0.41, 0.13, 0, 0, 0, 0
ATT, 30579, 0, 0, 0, -0.19, 87.52, 77.76, 0, 0.01
RCIN, 30580, 1503, 1504, 2015, 1506, 1504, 1503, 1504, 1503, 0, 0, 0, 0, 0, 0
RAD, 30600, 207, 208, 100, 26, 49, 0, 0
RAD, 30600, 207, 208, 100, 26, 49, 0, 0
CTUN, 30650, 1000, 0, 1000, 0, 0.39, 0.62, 0, 0, 0, 0
GPS, 1, 0, 0, 0, 99.99, 0, 0, 0.39, -17, 0, 0, 0, 30669
ATT, 30680, 0, 0, 0, -0.19, 87.52, 77.77, 0, 0.04
RCIN, 30680, 1503, 1503, 2016, 1505, 1504, 1504, 1504, 1503, 0, 0, 0, 0, 0, 0
CTUN, 30749, 1000, 0, 1000, 0, 0.4, -0.06, 0, 0, 0, 0
ATT, 30779, 0, 0, 0, -0.19, 87.52, 77.79, 0, 0.01
RCIN, 30779, 1504, 1503, 2016, 1506, 1504, 1504, 1504, 1503, 0, 0, 0, 0, 0, 0
CTUN, 30850, 1000, 0, 1000, 0, 0.38, 0.01, 0, 0, 0, 0
GPS, 1, 0, 0, 0, 99.99, 0, 0, 0.37, -17, 0, 0, 0, 30869
ATT, 30880, 0, 0, 0, -0.19, 87.52, 77.8, 0.01, 0.04
RCIN, 30880, 1504, 1503, 2016, 1507, 1504, 1504, 1504, 1503, 0, 0, 0, 0, 0, 0
CTUN, 30949, 1000, 0, 1000, 0, 0.36, 0.13, 0, 0, 0, 0
ATT, 30979, 0, 0, 0, -0.19, 87.52, 77.79, 0.01, 0.01
RCIN, 30979, 1504, 1504, 2015, 1507, 1503, 1504, 1504, 1503, 0, 0, 0, 0, 0, 0
CTUN, 31050, 999, 0, 999, 0, 0.34, 0.4, 0, 0, 0, -2
GPS, 1, 0, 0, 0, 99.99, 0, 0, 0.34, -17, 0, 0, 0, 31069
ATT, 31079, 0, -0.01, 0, -0.19, 87.52, 77.8, 0.01, 0.03
RCIN, 31079, 1504, 1503, 2016, 1508, 1504, 1504, 1504, 1504, 0, 0, 0, 0, 0, 0
CTUN, 31149, 999, 0, 999, 0, 0.34, 0.02, 0, 0, 0, 0
ATT, 31179, 0, -0.01, 0, -0.19, 87.52, 77.81, 0.01, 0.04
RCIN, 31179, 1503, 1504, 2016, 1508, 1503, 1504, 1504, 1503, 0, 0, 0, 0, 0, 0
CTUN, 31250, 1000, 0, 1000, 0, 0.32, -0.14, 0, 0, 0, -1
GPS, 1, 0, 0, 0, 99.99, 0, 0, 0.32, -17, 0, 0, 0, 31269
ATT, 31280, 0, -0.01, 0, -0.19, 87.52, 77.8, 0, 0.03
RCIN, 31280, 1504, 1503, 2015, 1508, 1503, 1504, 1504, 1503, 0, 0, 0, 0, 0, 0
CTUN, 31349, 1000, 0, 1000, 0, 0.29, -0.25, 0, 0, 0, -2
ATT, 31379, 0, -0.01, -8.02, -0.19, 87.52, 77.79, 0, 0.02
RCIN, 31380, 1503, 1387, 2016, 1506, 1504, 1504, 1504, 1503, 0, 0, 0, 0, 0, 0
CTUN, 31451, 1000, 0, 1000, 0, 0.26, 0.74, 0, 0, 0, -2
GPS, 1, 0, 0, 0, 99.99, 0, 0, 0.26, -17, 0, 0, 0, 31469
ATT, 31479, 0, -0.01, -34.73, -0.2, 87.52, 77.79, 0, 0.09
RCIN, 31480, 1503, 1049, 2016, 1506, 1504, 1504, 1504, 1503, 0, 0, 0, 0, 0, 0
DU32, 7, 150392
CURR, 31539, 1000, 82512, 0, 0, 4712, 0
CTUN, 31549, 1000, 0, 1000, 0, 0.28, 0.35, 0, 0, 0, -1
ATT, 31579, 2.8, -0.01, -45, -0.2, 87.52, 77.82, 0, 0.01
RCIN, 31580, 1582, 991, 2016, 1506, 1503, 1504, 1504, 1503, 0, 0, 0, 0, 0, 0
RAD, 31620, 207, 208, 100, 30, 50, 0, 0
RAD, 31620, 207, 208, 100, 30, 50, 0, 0
CTUN, 31660, 1000, 0, 1000, 0, 0.28, 0.15, 0, 0, 0, -1
GPS, 1, 0, 0, 0, 99.99, 0, 0, 0.28, -17, 0, 0, 0, 31669
ATT, 31680, 9.98, -0.01, -45, -0.2, 87.52, 77.82, 0, 0.05
RCIN, 31680, 1649, 991, 2016, 1504, 1504, 1504, 1504, 1503, 0, 0, 0, 0, 0, 0
CTUN, 31760, 1000, 0, 1000, 0, 0.27, 0.25, 0, 0, 0, -2
ATT, 31778, 10.92, 0, -45, -0.2, 87.52, 77.81, 0, 0.03
RCIN, 31779, 1651, 991, 2016, 1504, 1504, 1504, 1504, 1503, 0, 0, 0, 0, 0, 0
CTUN, 31860, 999, 0, 1000, 0, 0.27, 0.09, 0, 0, 0, -1
GPS, 1, 0, 0, 0, 99.99, 0, 0, 0.27, -17, 0, 0, 0, 31869
ATT, 31880, 3.26, 0, -45, -0.21, 87.52, 77.8, 0, 0.04
RCIN, 31880, 1569, 991, 2016, 1504, 1504, 1504, 1504, 1503, 0, 0, 0, 0, 0, 0
CTUN, 31960, 1000, 0, 1000, 0, 0.26, 0.24, 0, 0, 0, -3
ATT, 31978, 0, 0, -45, -0.21, 87.52, 77.78, 0, 0
RCIN, 31979, 1511, 992, 2015, 1504, 1504, 1504, 1504, 1503, 0, 0, 0, 0, 0, 0
GPS, 1, 0, 0, 0, 99.99, 0, 0, 0.25, -17, 0, 0, 0, 32069
CTUN, 32079, 1000, 0, 1000, 0, 0.25, -0.05, 0, 0, 0, -2
ATT, 32080, 0, 0, -45, -0.21, 87.52, 77.79, 0, 0.01
RCIN, 32080, 1519, 991, 2016, 1504, 1504, 1504, 1504, 1503, 0, 0, 0, 0, 0, 0
CTUN, 32179, 1000, 0, 1000, 0, 0.23, 1.16, 0, 0, 0, -3
ATT, 32180, 0, 0, -45, -0.21, 87.52, 77.79, 0, 0.09
RCIN, 32180, 1541, 991, 2016, 1504, 1504, 1504, 1504, 1503, 0, 0, 0, 0, 0, 0
GPS, 1, 0, 0, 0, 99.99, 0, 0, 0.27, -17, 0, 0, 0, 32271
CTUN, 32280, 1000, 0, 1000, 0, 0.28, 0.57, 0, 0, 0, -1
ATT, 32281, 0.84, 0, -45, -0.21, 87.52, 77.83, 0, 0.05
RCIN, 32281, 1543, 991, 2016, 1504, 1504, 1504, 1504, 1503, 0, 0, 0, 0, 0, 0
CTUN, 32379, 1000, 0, 1000, 0, 0.3, 0.19, 0, 0, 0, -1
ATT, 32380, 0, 0, -45, -0.21, 87.52, 77.85, 0, 0.04
RCIN, 32381, 1506, 991, 2016, 1504, 1504, 1504, 1504, 1504, 0, 0, 0, 0, 0, 0
GPS, 1, 0, 0, 0, 99.99, 0, 0, 0.29, -17, 0, 0, 0, 32472
CTUN, 32481, 1000, 0, 1000, 0, 0.29, -0.06, 0, 0, 0, -1
ATT, 32482, -1.21, 0, -18.39, -0.21, 87.52, 77.83, 0, 0.01
RCIN, 32483, 1504, 1564, 2016, 1504, 1504, 1504, 1504, 1504, 0, 0, 0, 0, 0, 0
DU32, 7, 150392
CURR, 32541, 1000, 92510, 0, 0, 4654, 0
CTUN, 32581, 1000, 0, 999, 0, 0.27, 0.21, 0, 0, 0, -2
ATT, 32590, -9.31, 0, 45, -0.2, 87.52, 77.82, 0, 0.04
RCIN, 32590, 1292, 2016, 2016, 1504, 1504, 1504, 1504, 1503, 0, 0, 0, 0, 0, 0
GPS, 1, 0, 0, 0, 99.99, 0, 0, 0.26, -17, 0, 0, 0, 32673
CTUN, 32682, 1000, 0, 1000, 0, 0.26, -0.14, 0, 0, 0, -2
RAD, 32691, 207, 208, 94, 37, 54, 0, 0
RAD, 32692, 207, 208, 94, 37, 54, 0, 0
ATT, 32692, -34.84, 0, 44.9, -0.2, 87.52, 77.8, 0, 0.03
RCIN, 32692, 1100, 2015, 2016, 1505, 1503, 1504, 1504, 1503, 0, 0, 0, 0, 0, 0
CTUN, 32781, 1000, 0, 1000, 0, 0.23, -0.01, 0, 0, 0, -3
ATT, 32790, -44.25, 0, 44.9, -0.2, 87.52, 77.78, 0, 0.05
RCIN, 32790, 991, 2015, 2016, 1504, 1504, 1504, 1504, 1503, 0, 0, 0, 0, 0, 0
GPS, 1, 0, 0, 0, 99.99, 0, 0, 0.22, -17, 0, 0, 0, 32871
CTUN, 32882, 1000, 0, 1000, 0, 0.21, 0.43, 0, 0, 0, -3
ATT, 32891, -44.9, 0, 44.9, -0.21, 87.52, 77.78, 0, 0.14
RCIN, 32891, 992, 2015, 2016, 1504, 1504, 1504, 1504, 1503, 0, 0, 0, 0, 0, 0
CTUN, 32981, 1000, 0, 1000, 0, 0.22, -0.13, 0, 0, 0, -3
ATT, 32991, -44.9, 0, 44.9, -0.2, 87.52, 77.81, 0, 0.06
RCIN, 32991, 991, 2016, 2015, 1505, 1504, 1504, 1504, 1503, 0, 0, 0, 0, 0, 0
GPS, 1, 0, 0, 0, 99.99, 0, 0, 0.2, -17, 0, 0, 0, 33071
CTUN, 33081, 1000, 0, 1000, 0, 0.2, 0.17, 0, 0, 0, -3
ATT, 33092, -45, 0, 45, -0.2, 87.52, 77.79, 0, 0.02
RCIN, 33092, 991, 2016, 2016, 1504, 1504, 1504, 1504, 1503, 0, 0, 0, 0, 0, 0
CTUN, 33181, 999, 0, 999, 0, 0.19, 0.87, 0, 0, 0, -3
ATT, 33190, -45, 0, 45, -0.21, 87.52, 77.78, 0, 0.02
RCIN, 33190, 991, 2016, 2016, 1504, 1504, 1504, 1504, 1503, 0, 0, 0, 0, 0, 0
GPS, 1, 0, 0, 0, 99.99, 0, 0, 0.22, -17, 0, 0, 0, 33271
CTUN, 33281, 1000, 0, 1000, 0, 0.23, 0.15, 0, 0, 0, -2
ATT, 33290, -45, 0, 45, -0.2, 87.52, 77.79, 0, 0.04
RCIN, 33290, 991, 2015, 2016, 1504, 1503, 1504, 1504, 1503, 0, 0, 0, 0, 0, 0
CTUN, 33381, 1000, 0, 1000, 0, 0.22, 0.22, 0, 0, 0, -2
ATT, 33390, -45, 0, 44.9, -0.2, 87.52, 77.76, 0, 0.06
RCIN, 33391, 991, 1964, 2016, 1504, 1504, 1504, 1504, 1503, 0, 0, 0, 0, 0, 0
GPS, 1, 0, 0, 0, 99.99, 0, 0, 0.22, -17, 0, 0, 0, 33471
CTUN, 33481, 1000, 0, 1000, 0, 0.22, 0.38, 0, 0, 0, -3
ATT, 33490, -45, 0, 1.11, -0.2, 87.52, 77.74, 0, 0.02
RCIN, 33491, 991, 1519, 2016, 1504, 1504, 1504, 1504, 1503, 0, 0, 0, 0, 0, 0
DU32, 7, 150392
CURR, 33540, 1000, 102510, 0, 0, 4712, 0
CTUN, 33581, 1000, 0, 1000, 0, 0.23, 0.77, 0, 0, 0, -3
RAD, 33582, 207, 208, 100, 28, 48, 0, 0
RAD, 33583, 207, 208, 100, 28, 48, 0, 0
ATT, 33591, -45, 0.01, -17.08, -0.2, 87.52, 77.75, 0, 0.12
RCIN, 33592, 991, 1290, 2015, 1505, 1504, 1504, 1504, 1503, 0, 0, 0, 0, 0, 0
GPS, 1, 0, 0, 0, 99.99, 0, 0, 0.25, -17, 0, 0, 0, 33671
CTUN, 33681, 1000, 0, 1000, 0, 0.25, -0.23, 0, 0, 0, -4
ATT, 33691, -45, 0, -33.42, -0.2, 87.52, 77.79, 0, 0.01
RCIN, 33691, 991, 1098, 2016, 1504, 1504, 1504, 1504, 1504, 0, 0, 0, 0, 0, 0
CTUN, 33781, 1000, 0, 999, 0, 0.22, -0.29, 0, 0, 0, 3
ATT, 33790, -45, 0.01, -43.97, -0.2, 87.52, 77.79, 0.01, 0
RCIN, 33791, 991, 1002, 2016, 1505, 1504, 1504, 1504, 1503, 0, 0, 0, 0, 0, 0
GPS, 1, 0, 0, 0, 99.99, 0, 0, 0.2, -17, 0, 0, 0, 33871
CTUN, 33881, 1000, 0, 1000, 0, 0.2, 0.14, 0, 0, 0, 15
ATT, 33891, -45, 0, -45, -0.19, 87.52, 77.79, 0.01, 0.01
RCIN, 33891, 992, 991, 2016, 1504, 1504, 1504, 1504, 1504, 0, 0, 0, 0, 0, 0
CTUN, 33981, 1000, 0, 1000, 0, 0.22, 0.63, 0, 0, 0, 22
ATT, 33990, -45, 0, -45, -0.2, 87.52, 77.8, 0, 0.06
RCIN, 33991, 991, 991, 2016, 1504, 1504, 1504, 1504, 1503, 0, 0, 0, 0, 0, 0
GPS, 1, 0, 0, 0, 99.99, 0, 0, 0.26, -17, 0, 0, 0, 34071
CTUN, 34081, 1000, 0, 1000, 0, 0.26, 0.69, 0, 0, 0, 17
ATT, 34091, -44.9, 0, -45, -0.2, 87.52, 77.83, 0, 0.05
RCIN, 34091, 991, 991, 2016, 1504, 1504, 1504, 1504, 1503, 0, 0, 0, 0, 0, 0
CTUN, 34181, 952, 0, 1000, 0, 0.3, -0.19, 0, 0, 0, 5
ATT, 34191, -45, 0, -45, -0.21, 87.52, 77.85, 0.02, 0.01
RCIN, 34191, 992, 991, 1962, 1546, 1504, 1504, 1504, 1503, 0, 0, 0, 0, 0, 0
GPS, 1, 0, 0, 0, 99.99, 0, 0, 0.28, -17, 0, 0, 0, 34272
CTUN, 34281, 682, 0, 682, 0, 0.27, -0.36, 0, 0, 0, -5
ATT, 34290, -44.9, 0, -45, -0.22, 88.84, 77.84, 0.02, 0.05
RCIN, 34291, 992, 991, 1526, 1874, 1504, 1504, 1504, 1503, 0, 0, 0, 0, 0, 0
CTUN, 34381, 234, 0, 254, 0, 0.23, -0.1, 0, 0, 0, -3
ATT, 34391, -45, 0.01, -45, -0.22, 89.83, 77.81, 0.03, 0.07
RCIN, 34392, 991, 991, 1057, 2016, 1504, 1504, 1504, 1503, 0, 0, 0, 0, 0, 0
GPS, 1, 0, 0, 0, 99.99, 0, 0, 0.21, -17, 0, 0, 0, 34470
CTUN, 34480, 0, 0, 0, 0, 0.2, 0.23, 0, 0, 0, -4
ATT, 34489, -45, 0, -45, -0.2, 77.79, 77.79, 0.03, 0.1
RCIN, 34489, 992, 991, 992, 2016, 1504, 1504, 1504, 1503, 0, 0, 0, 0, 0, 0
DU32, 7, 150392
CURR, 34540, 0, 110560, 0, 0, 4712, 0
CTUN, 34580, 0, 0, 0, 0, 0.2, 0.32, 0, 0, 0, -4
ATT, 34589, -45, 0, -45, -0.2, 77.83, 77.83, 0, 0.08
RCIN, 34590, 992, 991, 991, 2016, 1504, 1504, 1504, 1503, 0, 0, 0, 0, 0, 0
RAD, 34599, 207, 208, 100, 29, 52, 0, 0
RAD, 34600, 207, 208, 100, 29, 52, 0, 0
GPS, 1, 0, 0, 0, 99.99, 0, 0, 0.2, -17, 0, 0, 0, 34670
CTUN, 34680, 0, 0, 0, 0, 0.2, 0.13, 0, 0, 0, -4
ATT, 34689, -45, 0, -45, -0.2, 77.86, 77.86, 0, 0.02
RCIN, 34689, 991, 991, 991, 2016, 1504, 1504, 1504, 1503, 0, 0, 0, 0, 0, 0
EV, 17
CTUN, 34780, 0, 0, 0, 0, 0.19, -0.22, 0, 0, 0, -4
ATT, 34789, -45, 0, -45, -0.2, 77.87, 77.87, 0, 0.06
RCIN, 34789, 992, 991, 991, 2016, 1504, 1504, 1504, 1503, 0, 0, 0, 0, 0, 0
GPS, 1, 0, 0, 0, 99.99, 0, 0, 0.17, -17, 0, 0, 0, 34870
CTUN, 34880, 0, 0, 0, 0, 0.16, -0.42, 0, 0, 0, -5
ATT, 34889, -45, 0, -45, -0.2, 77.84, 77.84, 0, 0.1
RCIN, 34890, 991, 991, 992, 1913, 1503, 1505, 1503, 1503, 0, 0, 0, 0, 0, 0
CTUN, 34980, 0, 0, 0, 0, 0.12, 0.1, 0, 0, 0, -5
ATT, 34989, -45, 0, -45, -0.2, 77.79, 77.79, 0, 0.05
RCIN, 34990, 991, 1041, 991, 1665, 1504, 1504, 1504, 1503, 0, 0, 0, 0, 0, 0
GPS, 1, 0, 0, 0, 99.99, 0, 0, 0.12, -17, 0, 0, 0, 35070
CTUN, 35080, 0, 0, 0, 0, 0.11, 0.22, 0, 0, 0, -5
ATT, 35089, -45, 0, -45, -0.2, 77.77, 77.77, 0, 0.08
RCIN, 35089, 992, 1148, 991, 1542, 1504, 1503, 1504, 1503, 0, 0, 0, 0, 0, 0
CTUN, 35180, 0, 0, 0, 0, 0.11, -0.06, 0, 0, 0, -5
ATT, 35189, -45, 0, -45, -0.2, 77.73, 77.73, 0, 0.06
RCIN, 35189, 991, 1659, 991, 1301, 1504, 1504, 1504, 1503, 0, 0, 0, 0, 0, 0
GPS, 1, 0, 0, 0, 99.99, 0, 0, 0.1, -17, 0, 0, 0, 35270
EV, 17
CTUN, 35280, 0, 0, 0, 0, 0.1, -0.16, 0, 0, 0, -5
ATT, 35289, -45, 0, -45, -0.21, 77.7, 77.7, 0, 0.06
RCIN, 35289, 991, 1966, 992, 1107, 1504, 1504, 1504, 1503, 0, 0, 0, 0, 0, 0
CTUN, 35380, 0, 0, 0, 0, 0.07, 0.02, 0, 0, 0, -6
ATT, 35389, -45, 0, -45, -0.21, 77.68, 77.68, 0, 0.05
RCIN, 35389, 992, 2015, 992, 991, 1504, 1504, 1504, 1503, 0, 0, 0, 0, 0, 0
GPS, 1, 0, 0, 0, 99.99, 0, 0, 0.07, -17, 0, 0, 0, 35470
CTUN, 35480, 0, 0, 0, 0, 0.06, 0.55, 0, 0, 0, -6
ATT, 35489, -45, 0, -45, -0.21, 77.65, 77.65, 0, 0.01
RCIN, 35489, 991, 2015, 991, 992, 1504, 1504, 1504, 1503, 0, 0, 0, 0, 0, 0
DU32, 7, 936792
CURR, 35539, 0, 110560, 0, 0, 4673, 0
CTUN, 35580, 0, 0, 0, 0, 0.09, 0.64, 0, 0, 0, -5
ATT, 35589, -45, 0, -45, -0.21, 77.67, 77.67, 0, 0.09
RCIN, 35589, 1093, 1589, 991, 1499, 1504, 1504, 1504, 1503, 0, 0, 0, 0, 0, 0
RAD, 35660, 207, 208, 94, 25, 46, 0, 0
RAD, 35660, 207, 208, 94, 25, 46, 0, 0
GPS, 1, 0, 0, 0, 99.99, 0, 0, 0.11, -17, 0, 0, 0, 35670
CTUN, 35680, 0, 0, 0, 0, 0.11, 0.75, 0, 0, 0, -5
ATT, 35689, -45, 0, -45, -0.21, 77.7, 77.7, 0, 0.02
RCIN, 35689, 1100, 1232, 991, 1648, 1504, 1504, 1504, 1503, 0, 0, 0, 0, 0, 0
CTUN, 35780, 0, 0, 0, 0, 0.15, -0.04, 0, 0, 0, -4
ATT, 35789, -45, 0, -45, -0.21, 77.71, 77.71, 0, 0.07
RCIN, 35789, 1119, 1225, 991, 1665, 1504, 1504, 1504, 1503, 0, 0, 0, 0, 0, 0
GPS, 1, 0, 0, 0, 99.99, 0, 0, 0.13, -17, 0, 0, 0, 35870
CTUN, 35880, 0, 0, 0, 0, 0.13, -0.25, 0, 0, 0, -4
ATT, 35889, -45, 0, -45, -0.21, 77.67, 77.67, 0, 0.1
RCIN, 35889, 1503, 1503, 991, 1505, 1504, 1504, 1504, 1503, 0, 0, 0, 0, 0, 0
CTUN, 35980, 0, 0, 0, 0, 0.1, -0.15, 0, 0, 0, -5
ATT, 35989, -45, 0, -45, -0.21, 77.63, 77.63, 0, 0.06
RCIN, 35989, 1503, 1503, 991, 1504, 1504, 1504, 1504, 1504, 0, 0, 0, 0, 0, 0
GPS, 1, 0, 0, 0, 99.99, 0, 0, 0.08, -17, 0, 0, 0, 36070
CTUN, 36080, 0, 0, 0, 0, 0.08, -0.27, 0, 0, 0, -5
ATT, 36089, -45, 0, -45, -0.21, 77.6, 77.6, 0, 0.06
RCIN, 36089, 1503, 1503, 991, 1504, 1504, 1504, 1504, 1503, 0, 0, 0, 0, 0, 0
CTUN, 36181, 0, 0, 0, 0, 0.05, -0.3, 0, 0, 0, -5
ATT, 36189, -45, 0, -45, -0.21, 77.58, 77.58, 0, 0.04
RCIN, 36189, 1503, 1503, 991, 1504, 1504, 1504, 1504, 1503, 0, 0, 0, 0, 0, 0
GPS, 1, 0, 0, 0, 99.99, 0, 0, 0.03, -17, 0, 0, 0, 36270
CTUN, 36280, 0, 0, 0, 0, 0.02, 0.62, 0, 0, 0, -6
ATT, 36289, -45, 0, -45, -0.21, 77.57, 77.57, 0, 0.02
RCIN, 36289, 1503, 1503, 991, 1504, 1504, 1504, 1504, 1503, 0, 0, 0, 0, 0, 0
CTUN, 36380, 0, 0, 0, 0, 0.05, 0.45, 0, 0, 0, -5
ATT, 36390, -45, 0, -45, -0.21, 77.58, 77.58, 0, 0.08
RCIN, 36390, 1503, 1503, 991, 1504, 1504, 1504, 1504, 1503, 0, 0, 0, 0, 0, 0
GPS, 1, 0, 0, 0, 99.99, 0, 0, 0.07, -17, 0, 0, 0, 36470
EV, 17
CTUN, 36480, 0, 0, 0, 0, 0.07, 0.05, 0, 0, 0, -5
ATT, 36489, -45, 0, -45, -0.21, 77.61, 77.61, 0, 0.06
RCIN, 36489, 1503, 1503, 991, 1504, 1503, 1504, 1504, 1504, 0, 0, 0, 0, 0, 0
DU32, 7, 674648
CURR, 36538, 0, 110560, 0, 0, 4693, 0
PM, 3, 1000, 11786, 10, 0, 0, 0
RAD, 36560, 207, 204, 100, 26, 53, 0, 0
CTUN, 36580, 0, 0, 0, 0, 0.06, -0.09, 0, 0, 0, -5
RAD, 36580, 207, 204, 100, 26, 53, 0, 0
ATT, 36591, -45, 0, -45, -0.21, 77.58, 77.58, 0, 0.08
RCIN, 36591, 1503, 1503, 992, 1503, 1504, 1504, 1504, 1503, 0, 0, 0, 0, 0, 0
GPS, 1, 0, 0, 0, 99.99, 0, 0, 0.05, -17, 0, 0, 0, 36670
CTUN, 36680, 0, 0, 0, 0, 0.05, -0.1, 0, 0, 0, -5
ATT, 36689, -45, 0, -45, -0.21, 77.54, 77.54, 0, 0.05
RCIN, 36689, 1503, 1503, 991, 1504, 1504, 1504, 1504, 1503, 0, 0, 0, 0, 0, 0
CTUN, 36780, 0, 0, 0, 0, 0.03, 0.6, 0, 0, 0, -5
ATT, 36789, -45, 0, -45, -0.21, 77.54, 77.54, 0, 0.13
RCIN, 36789, 1503, 1503, 992, 1504, 1504, 1504, 1504, 1504, 0, 0, 0, 0, 0, 0
GPS, 1, 0, 0, 0, 99.99, 0, 0, 0.06, -17, 0, 0, 0, 36870
EV, 17
CTUN, 36880, 0, 0, 0, 0, 0.06, 0.19, 0, 0, 0, -5
ATT, 36889, -45, 0, -45, -0.21, 77.58, 77.58, 0, 0.02
RCIN, 36889, 1503, 1503, 991, 1504, 1504, 1504, 1504, 1503, 0, 0, 0, 0, 0, 0
CTUN, 36980, 0, 0, 0, 0, 0.06, -0.38, 0, 0, 0, -4
ATT, 36989, -45, 0, -45, -0.21, 77.59, 77.59, 0, 0.09
RCIN, 36989, 1503, 1503, 991, 1504, 1504, 1504, 1504, 1503, 0, 0, 0, 0, 0, 0
GPS, 1, 0, 0, 0, 99.99, 0, 0, 0.04, -17, 0, 0, 0, 37070
CTUN, 37080, 0, 0, 0, 0, 0.03, -0.1, 0, 0, 0, -5
ATT, 37089, -45, 0, -45, -0.21, 77.54, 77.54, 0, 0.09
RCIN, 37089, 1503, 1503, 991, 1504, 1503, 1504, 1504, 1503, 0, 0, 0, 0, 0, 0
CTUN, 37180, 0, 0, 0, 0, 0.02, -0.41, 0, 0, 0, -5
ATT, 37189, -45, 0, -45, -0.21, 77.5, 77.5, 0, 0.07
RCIN, 37190, 1503, 1503, 991, 1504, 1504, 1504, 1504, 1504, 0, 0, 0, 0, 0, 0
GPS, 1, 0, 0, 0, 99.99, 0, 0, 0, -17, 0, 0, 0, 37270
CTUN, 37280, 0, 0, 0, 0, -0.01, 0.2, 0, 0, 0, -6
ATT, 37289, -45, 0, -45, -0.21, 77.47, 77.47, 0, 0.04
RCIN, 37289, 1503, 1503, 991, 1504, 1504, 1504, 1504, 1503, 0, 0, 0, 0, 0, 0
CTUN, 37380, 0, 0, 0, 0, 0, -0.17, 0, 0, 0, -5
ATT, 37389, -45, 0, -45, -0.21, 77.45, 77.45, 0, 0.06
RCIN, 37389, 1503, 1503, 991, 1504, 1504, 1504, 1503, 1504, 0, 0, 0, 0, 0, 0
GPS, 1, 0, 0, 0, 99.99, 0, 0, -0.01, -17, 0, 0, 0, 37470
CTUN, 37480, 0, 0, 0, 0, -0.02, 0.6, 0, 0, 0, -6
ATT, 37489, -45, 0, -45, -0.21, 77.43, 77.43, 0, 0.1
RCIN, 37489, 1503, 1503, 991, 1504, 1504, 1504, 1504, 1504, 0, 0, 0, 0, 0, 0
DU32, 7, 674648
CURR, 37538, 0, 110560, 0, 0, 4732, 0
EV, 17
CTUN, 37580, 0, 0, 0, 0, 0, -0.54, 0, 0, 0, -5
ATT, 37589, -45, 0, -45, -0.21, 77.46, 77.46, 0, 0.06
RCIN, 37589, 1504, 1503, 991, 1504, 1504, 1504, 1504, 1503, 0, 0, 0, 0, 0, 0
RAD, 37599, 207, 204, 100, 27, 49, 0, 0
RAD, 37600, 207, 204, 100, 27, 49, 0, 0
GPS, 1, 0, 0, 0, 99.99, 0, 0, -0.02, -17, 0, 0, 0, 37670
CTUN, 37679, 0, 0, 0, 0, -0.03, 0.31, 0, 0, 0, -6
ATT, 37690, -45, -0.01, -45, -0.21, 77.43, 77.43, 0, 0.05
RCIN, 37690, 1503, 1504, 991, 1504, 1504, 1504, 1504, 1503, 0, 0, 0, 0, 0, 0
CTUN, 37780, 0, 0, 0, 0, -0.01, -0.27, 0, 0, 0, -5
ATT, 37789, -45, -0.01, -45, -0.21, 77.4, 77.4, 0, 0.04
RCIN, 37789, 1503, 1503, 991, 1504, 1504, 1504, 1504, 1503, 0, 0, 0, 0, 0, 0
GPS, 1, 0, 0, 0, 99.99, 0, 0, -0.03, -17, 0, 0, 0, 37870
CTUN, 37879, 0, 0, 0, 0, -0.03, 0.6, 0, 0, 0, -6
ATT, 37889, -45, -0.01, -45, -0.21, 77.38, 77.38, 0, 0.01
RCIN, 37889, 1503, 1503, 991, 1504, 1504, 1504, 1504, 1503, 0, 0, 0, 0, 0, 0
CTUN, 37980, 0, 0, 0, 0, 0, 0.47, 0, 0, 0, -5
ATT, 37989, -45, -0.01, -45, -0.21, 77.39, 77.39, 0, 0.04
RCIN, 37989, 1503, 1503, 991, 1504, 1504, 1504, 1504, 1503, 0, 0, 0, 0, 0, 0
GPS, 1, 0, 0, 0, 99.99, 0, 0, 0.01, -17, 0, 0, 0, 38070
CTUN, 38079, 0, 0, 0, 0, 0.01, -0.01, 0, 0, 0, -4
ATT, 38089, -45, -0.01, -45, -0.21, 77.4, 77.4, 0, 0.04
RCIN, 38089, 1503, 1503, 992, 1504, 1503, 1504, 1504, 1503, 0, 0, 0, 0, 0, 0
CTUN, 38180, 0, 0, 0, 0, 0, -0.63, 0, 0, 0, -4
ATT, 38189, -45, -0.01, -45, -0.21, 77.37, 77.37, 0, 0.09
RCIN, 38189, 1503, 1504, 991, 1504, 1504, 1504, 1504, 1504, 0, 0, 0, 0, 0, 0
GPS, 1, 0, 0, 0, 99.99, 0, 0, -0.02, -17, 0, 0, 0, 38270
CTUN, 38280, 0, 0, 0, 0, -0.03, 0.24, 0, 0, 0, -5
ATT, 38289, -45, -0.01, -45, -0.21, 77.33, 77.33, 0, 0.02
RCIN, 38290, 1503, 1503, 991, 1504, 1504, 1504, 1504, 1503, 0, 0, 0, 0, 0, 0
EV, 17
CTUN, 38380, 0, 0, 0, 0, -0.02, 0.71, 0, 0, 0, -5
ATT, 38389, -45, -0.01, -45, -0.21, 77.35, 77.35, 0, 0.09
RCIN, 38389, 1503, 1503, 991, 1504, 1504, 1504, 1504, 1503, 0, 0, 0, 0, 0, 0
GPS, 1, 0, 0, 0, 99.99, 0, 0, 0, -17, 0, 0, 0, 38470
CTUN, 38479, 0, 0, 0, 0, 0.01, 0.65, 0, 0, 0, -4
ATT, 38489, -45, -0.01, -45, -0.21, 77.38, 77.38, 0, 0.03
RCIN, 38489, 1504, 1503, 992, 1503, 1504, 1504, 1504, 1503, 0, 0, 0, 0, 0, 0
DU32, 7, 674648
CURR, 38538, 0, 110560, 0, 0, 4732, 0
CTUN, 38580, 0, 0, 0, 0, 0.04, -0.08, 0, 0, 0, -3
ATT, 38589, -45, -0.01, -45, -0.21, 77.39, 77.39, 0, 0
RCIN, 38589, 1503, 1504, 991, 1504, 1504, 1504, 1504, 1503, 0, 0, 0, 0, 0, 0
RAD, 38641, 207, 204, 100, 28, 47, 0, 0
RAD, 38641, 207, 204, 100, 28, 47, 0, 0
GPS, 1, 0, 0, 0, 99.99, 0, 0, 0.03, -17, 0, 0, 0, 38670
CTUN, 38680, 0, 0, 0, 0, 0.03, -0.3, 0, 0, 0, -4
ATT, 38689, -45, -0.01, -45, -0.21, 77.39, 77.39, 0, 0.01
RCIN, 38689, 1503, 1503, 991, 1504, 1504, 1504, 1504, 1503, 0, 0, 0, 0, 0, 0
CTUN, 38780, 0, 0, 0, 0, 0.01, -0.16, 0, 0, 0, -4
ATT, 38789, -45, -0.01, -45, -0.21, 77.37, 77.37, 0, 0.03
RCIN, 38789, 1503, 1503, 991, 1504, 1504, 1504, 1504, 1503, 0, 0, 0, 0, 0, 0
GPS, 1, 0, 0, 0, 99.99, 0, 0, 0, -17, 0, 0, 0, 38870
CTUN, 38880, 0, 0, 0, 0, 0, -0.62, 0, 0, 0, -4
ATT, 38889, -45, -0.02, -45, -0.21, 77.35, 77.35, 0, 0.09
RCIN, 38889, 1503, 1504, 991, 1504, 1504, 1504, 1504, 1504, 0, 0, 0, 0, 0, 0
CTUN, 38980, 0, 0, 0, 0, -0.04, -0.17, 0, 0, 0, -5
ATT, 38990, -45, -0.02, -45, -0.21, 77.3, 77.3, 0, 0.09
RCIN, 38990, 1503, 1503, 991, 1504, 1504, 1504, 1504, 1503, 0, 0, 0, 0, 0, 0
GPS, 1, 0, 0, 0, 99.99, 0, 0, -0.05, -17, 0, 0, 0, 39070
CTUN, 39080, 0, 0, 0, 0, -0.05, 0.25, 0, 0, 0, -5
ATT, 39089, -45, -0.02, -45, -0.21, 77.28, 77.28, 0, 0.15
RCIN, 39089, 1502, 1504, 991, 1504, 1504, 1504, 1504, 1503, 0, 0, 0, 0, 0, 0
CTUN, 39180, 0, 0, 0, 0, -0.04, -0.03, 0, 0, 0, -4
ATT, 39189, -45, -0.02, -45, -0.21, 77.33, 77.33, 0, 0
RCIN, 39190, 1503, 1503, 991, 1504, 1504, 1504, 1504, 1503, 0, 0, 0, 0, 0, 0
GPS, 1, 0, 0, 0, 99.99, 0, 0, -0.05, -17, 0, 0, 0, 39271
EV, 17
CTUN, 39280, 0, 0, 0, 0, -0.05, -0.25, 0, 0, 0, -4
ATT, 39289, -45, -0.02, -45, -0.21, 77.32, 77.32, 0, 0.04
RCIN, 39289, 1503, 1503, 991, 1504, 1504, 1504, 1504, 1503, 0, 0, 0, 0, 0, 0
CTUN, 39380, 0, 0, 0, 0, -0.06, -0.3, 0, 0, 0, -5
ATT, 39389, -45, -0.02, -45, -0.21, 77.3, 77.3, 0, 0
RCIN, 39389, 1503, 1503, 991, 1505, 1504, 1504, 1504, 1503, 0, 0, 0, 0, 0, 0
GPS, 1, 0, 0, 0, 99.99, 0, 0, -0.08, -17, 0, 0, 0, 39470
CTUN, 39481, 0, 0, 0, 0, -0.08, 0, 0, 0, 0, -5
ATT, 39490, -45, -0.02, -45, -0.21, 77.29, 77.29, 0, 0.04
RCIN, 39490, 1503, 1503, 991, 1504, 1504, 1504, 1504, 1503, 0, 0, 0, 0, 0, 0
DU32, 7, 674648
CURR, 39538, 0, 110560, 0, 0, 4732, 0
EV, 17
CTUN, 39580, 0, 0, 0, 0, -0.08, -0.03, 0, 0, 0, -5
ATT, 39589, -45, -0.03, -45, -0.21, 77.27, 77.27, 0, 0.04
RCIN, 39589, 1503, 1504, 991, 1504, 1504, 1504, 1504, 1503, 0, 0, 0, 0, 0, 0
RAD, 39639, 207, 204, 94, 26, 51, 0, 0
RAD, 39640, 207, 204, 94, 26, 51, 0, 0
GPS, 1, 0, 0, 0, 99.99, 0, 0, -0.09, -17, 0, 0, 0, 39670
CTUN, 39679, 0, 0, 0, 0, -0.09, 1.02, 0, 0, 0, -5
ATT, 39690, -45, -0.03, -45, -0.21, 77.27, 77.27, 0, 0.14
RCIN, 39690, 1503, 1503, 991, 1504, 1504, 1504, 1504, 1503, 0, 0, 0, 0, 0, 0
CTUN, 39780, 0, 0, 0, 0, -0.03, 0.34, 0, 0, 0, -3
ATT, 39789, -45, -0.03, -45, -0.21, 77.32, 77.32, 0, 0.06
RCIN, 39789, 1503, 1503, 992, 1504, 1503, 1504, 1504, 1504, 0, 0, 0, 0, 0, 0
GPS, 1, 0, 0, 0, 99.99, 0, 0, -0.01, -17, 0, 0, 0, 39870
CTUN, 39880, 0, 0, 0, 0, -0.01, -0.11, 0, 0, 0, -3
ATT, 39890, -45, -0.03, -45, -0.21, 77.34, 77.34, 0, 0.02
RCIN, 39890, 1503, 1503, 992, 1504, 1503, 1504, 1504, 1503, 0, 0, 0, 0, 0, 0
CTUN, 39980, 0, 0, 0, 0, -0.02, 0.67, 0, 0, 0, -3
ATT, 39989, -45, -0.03, -45, -0.21, 77.34, 77.34, 0, 0.09
RCIN, 39989, 1503, 1503, 992, 1503, 1504, 1504, 1504, 1503, 0, 0, 0, 0, 0, 0
GPS, 1, 0, 0, 0, 99.99, 0, 0, 0, -17, 0, 0, 0, 40070
CTUN, 40080, 0, 0, 0, 0, 0.01, -0.24, 0, 0, 0, -2
ATT, 40089, -45, -0.03, -45, -0.21, 77.37, 77.37, 0, 0.03
RCIN, 40089, 1503, 1503, 991, 1504, 1504, 1504, 1504, 1503, 0, 0, 0, 0, 0, 0
EV, 17
CTUN, 40180, 0, 0, 0, 0, 0, 0.43, 0, 0, 0, -2
ATT, 40189, -45, -0.03, -45, -0.21, 77.39, 77.39, 0, 0.01
RCIN, 40189, 1503, 1503, 991, 1504, 1504, 1504, 1504, 1504, 0, 0, 0, 0, 0, 0
GPS, 1, 0, 0, 0, 99.99, 0, 0, 0.01, -17, 0, 0, 0, 40270
CTUN, 40280, 0, 0, 0, 0, 0.02, 0.27, 0, 0, 0, -2
ATT, 40289, -45, -0.03, -45, -0.21, 77.39, 77.39, 0, 0.03
RCIN, 40289, 1503, 1503, 991, 1504, 1504, 1504, 1504, 1503, 0, 0, 0, 0, 0, 0
CTUN, 40380, 0, 0, 0, 0, 0.03, 0.22, 0, 0, 0, -2
ATT, 40390, -45, -0.03, -45, -0.21, 77.4, 77.4, 0, 0.04
RCIN, 40390, 1503, 1503, 991, 1504, 1504, 1504, 1504, 1503, 0, 0, 0, 0, 0, 0
GPS, 1, 0, 0, 0, 99.99, 0, 0, 0.04, -17, 0, 0, 0, 40470
CTUN, 40480, 0, 0, 0, 0, 0.04, -0.21, 0, 0, 0, -2
ATT, 40489, -45, -0.03, -45, -0.2, 77.37, 77.37, 0, 0.09
RCIN, 40489, 1503, 1504, 992, 1504, 1504, 1504, 1504, 1503, 0, 0, 0, 0, 0, 0
EV, 15
DU32, 7, 412536
CURR, 40539, 0, 110560, 0, 0, 4693, 0
CTUN, 40581, 187, 0, 187, 0, 0.02, 0.8, 0, 0, 0, -2
RAD, 40582, 207, 205, 100, 25, 53, 0, 0
ATT, 40591, 0, -0.03, 0, -0.2, 77.35, 77.35, 0, 0.12
RCIN, 40591, 1503, 1503, 1109, 1504, 1504, 1504, 1504, 1503, 0, 0, 0, 0, 0, 0
RAD, 40600, 207, 205, 100, 25, 53, 0, 0
GPS, 1, 0, 0, 0, 99.99, 0, 0, 0.06, -17, 0, 0, 0, 40671
CTUN, 40681, 215, 0, 215, 0, 0.06, -0.36, 0, 0, 0, -1
ATT, 40690, 0, -0.03, 0, -0.21, 77.35, 77.38, 0, 0.08
RCIN, 40691, 1503, 1503, 1118, 1504, 1504, 1504, 1504, 1504, 0, 0, 0, 0, 0, 0
CTUN, 40781, 277, 0, 277, 0, 0.04, 0.47, 0, 0, 0, -1
ATT, 40790, 0, -0.03, 0, -0.21, 77.35, 77.35, 0, 0.04
RCIN, 40791, 1503, 1503, 1188, 1504, 1503, 1504, 1504, 1503, 0, 0, 0, 0, 0, 0
GPS, 1, 0, 0, 0, 99.99, 0, 0, 0.06, -17, 0, 0, 0, 40871
CTUN, 40881, 309, 0, 309, 0, 0.06, 0.87, 0, 0, 0, -1
ATT, 40891, 0, -0.03, 0, -0.21, 77.35, 77.37, 0, 0.05
RCIN, 40891, 1503, 1503, 1225, 1504, 1504, 1504, 1504, 1503, 0, 0, 0, 0, 0, 0
CTUN, 40981, 308, 0, 308, 0, 0.11, -0.21, 0, 0, 0, 0
ATT, 40991, 0, -0.03, 0, -0.21, 77.35, 77.38, 0, 0.04
RCIN, 40991, 1503, 1503, 1243, 1504, 1504, 1504, 1504, 1504, 0, 0, 0, 0, 0, 0
GPS, 1, 0, 0, 0, 99.99, 0, 0, 0.09, -17, 0, 0, 0, 41071
CTUN, 41081, 371, 0, 354, 0, 0.09, 0.34, 0, 0, 0, 0
ATT, 41091, 0, -0.03, 0, -0.21, 77.35, 77.36, 0, 0.01
RCIN, 41091, 1503, 1504, 1296, 1504, 1504, 1504, 1504, 1504, 0, 0, 0, 0, 0, 0
CTUN, 41181, 426, 0, 411, 0, 0.1, 0.36, 0, 0, 0, 0
ATT, 41190, 0, -0.03, 0, -0.2, 77.35, 77.36, 0, 0.13
RCIN, 41191, 1503, 1503, 1359, 1504, 1504, 1504, 1504, 1503, 0, 0, 0, 0, 0, 0
GPS, 1, 0, 0, 0, 99.99, 0, 0, 0.12, -17, 0, 0, 0, 41271
CTUN, 41281, 433, 0, 433, 0, 0.12, 0.55, 0, 0, 0, 0
ATT, 41290, 0, -0.03, 0, -0.2, 77.35, 77.42, 0, 0.15
RCIN, 41291, 1503, 1504, 1368, 1504, 1503, 1504, 1504, 1504, 0, 0, 0, 0, 0, 0
CTUN, 41381, 434, 0, 434, 0, 0.15, 0.54, 0, 0, 0, 0
ATT, 41391, 0, -0.03, 0, -0.21, 77.35, 77.47, 0, 0.11
RCIN, 41392, 1503, 1503, 1369, 1504, 1504, 1504, 1504, 1503, 0, 0, 0, 0, 0, 0
GPS, 1, 0, 0, 0, 99.99, 0, 0, 0.16, -17, 0, 0, 0, 41471
CTUN, 41481, 434, 0, 434, 0, 0.17, 0.18, 0, 0, 0, 0
ATT, 41490, 0, -0.03, 0, -0.21, 77.35, 77.52, 0, 0.07
RCIN, 41490, 1503, 1503, 1370, 1504, 1503, 1504, 1504, 1503, 0, 0, 0, 0, 0, 0
DU32, 7, 150392
CURR, 41542, 434, 113856, 0, 0, 4752, 0
CTUN, 41581, 434, 0, 434, 0, 0.17, 0.58, 0, 0, 0, 1
ATT, 41591, 0, -0.03, 0, -0.21, 77.35, 77.55, 0, 0.13
RCIN, 41591, 1503, 1503, 1369, 1503, 1504, 1504, 1504, 1503, 0, 0, 0, 0, 0, 0
GPS, 1, 0, 0, 0, 99.99, 0, 0, 0.19, -17, 0, 0, 0, 41671
CTUN, 41681, 433, 0, 433, 0, 0.2, 0.27, 0, 0, 0, 1
ATT, 41690, 0, -0.02, 0, -0.21, 77.35, 77.59, 0, 0.03
RCIN, 41691, 1503, 1503, 1367, 1504, 1504, 1504, 1504, 1503, 0, 0, 0, 0, 0, 0
RAD, 41742, 206, 205, 91, 27, 39, 0, 0
RAD, 41743, 206, 205, 91, 27, 39, 0, 0
CTUN, 41781, 433, 0, 433, 0, 0.2, 0.58, 0, 0, 0, 1
ATT, 41791, 0, -0.03, 0, -0.21, 77.35, 77.61, 0, 0.12
RCIN, 41791, 1503, 1503, 1368, 1504, 1504, 1504, 1503, 1504, 0, 0, 0, 0, 0, 0
GPS, 1, 0, 0, 0, 99.99, 0, 0, 0.22, -17, 0, 0, 0, 41871
CTUN, 41881, 468, 0, 468, 0, 0.23, 0.46, 0, 0, 0, 2
ATT, 41891, 0, -0.02, 0, -0.21, 77.35, 77.65, 0, 0.06
RCIN, 41891, 1503, 1504, 1435, 1503, 1504, 1504, 1504, 1503, 0, 0, 0, 0, 0, 0
CTUN, 41981, 589, 0, 566, 0, 0.24, 0, 0, 0, 0, 2
ATT, 41991, 0, -0.02, 0, -0.21, 77.35, 77.66, 0, 0
RCIN, 41991, 1503, 1503, 1566, 1504, 1504, 1504, 1504, 1503, 0, 0, 0, 0, 0, 0
GPS, 1, 0, 0, 0, 99.99, 0, 0, 0.23, -17, 0, 0, 0, 42071
CTUN, 42081, 647, 0, 648, 0, 0.23, 0.08, 0, 0, 0, 2
ATT, 42090, 0, -0.03, 0, -0.2, 77.35, 77.67, 0, 0.12
RCIN, 42091, 1503, 1503, 1613, 1504, 1503, 1504, 1504, 1503, 0, 0, 0, 0, 0, 0
CTUN, 42181, 647, 0, 647, 0, 0.23, -0.16, 0, 0, 0, 2
ATT, 42190, 0, -0.03, 0, -0.2, 77.35, 77.72, 0, 0.03
RCIN, 42191, 1503, 1503, 1614, 1504, 1504, 1504, 1504, 1503, 0, 0, 0, 0, 0, 0
GPS, 1, 0, 0, 0, 99.99, 0, 0, 0.21, -17, 0, 0, 0, 42271
CTUN, 42281, 692, 0, 678, 0, 0.2, -0.2, 0, 0, 0, 1
ATT, 42290, 0, -0.03, 0, -0.2, 77.35, 77.73, 0, 0.12
RCIN, 42291, 1503, 1503, 1664, 1504, 1504, 1504, 1504, 1503, 0, 0, 0, 0, 0, 0
CTUN, 42381, 737, 0, 737, 0, 0.18, -0.03, 0, 0, 0, 1
ATT, 42390, 0, -0.02, 0, -0.2, 77.35, 77.76, 0, 0.01
RCIN, 42391, 1503, 1504, 1716, 1504, 1504, 1504, 1504, 1503, 0, 0, 0, 0, 0, 0
GPS, 1, 0, 0, 0, 99.99, 0, 0, 0.17, -17, 0, 0, 0, 42471
CTUN, 42481, 739, 0, 739, 0, 0.17, 0.48, 0, 0, 0, 1
ATT, 42490, 0, -0.03, 0, -0.2, 77.35, 77.77, 0, 0.01
RCIN, 42490, 1503, 1503, 1718, 1504, 1504, 1504, 1503, 1504, 0, 0, 0, 0, 0, 0
DU32, 7, 150392
CURR, 42541, 740, 119586, 0, 0, 4693, 0
CTUN, 42581, 740, 0, 740, 0, 0.19, -0.13, 0, 0, 0, 0
ATT, 42590, 0, -0.02, 0, -0.21, 77.35, 77.78, 0, 0.11
RCIN, 42591, 1503, 1503, 1720, 1505, 1503, 1504, 1504, 1503, 0, 0, 0, 0, 0, 0
RAD, 42661, 206, 205, 98, 43, 51, 0, 0
RAD, 42662, 206, 205, 98, 43, 51, 0, 0
GPS, 1, 0, 0, 0, 99.99, 0, 0, 0.17, -17, 0, 0, 0, 42671
CTUN, 42681, 771, 0, 770, 0, 0.17, 0.16, 0, 0, 0, 0
ATT, 42690, 0, -0.02, 0, -0.21, 77.35, 77.81, 0, 0.02
RCIN, 42691, 1503, 1503, 1754, 1504, 1504, 1504, 1504, 1503, 0, 0, 0, 0, 0, 0
CTUN, 42781, 780, 0, 780, 0, 0.17, 0.33, 0, 0, 0, 0
ATT, 42790, 0, -0.02, 0, -0.21, 77.35, 77.81, 0, 0.16
RCIN, 42791, 1503, 1504, 1787, 1506, 1504, 1504, 1504, 1504, 0, 0, 0, 0, 0, 0
GPS, 1, 0, 0, 0, 99.99, 0, 0, 0.18, -17, 0, 0, 0, 42871
CTUN, 42881, 917, 0, 908, 0, 0.18, 1.32, 0, 0, 0, 1
ATT, 42890, 0, -0.02, 0, -0.2, 77.35, 77.89, 0, 0.14
RCIN, 42891, 1503, 1503, 1941, 1504, 1504, 1504, 1504, 1504, 0, 0, 0, 0, 0, 0
CTUN, 42981, 983, 0, 983, 0, 0.25, -0.19, 0, 0, 0, 0
ATT, 42990, 0, -0.03, 0, -0.2, 77.35, 77.93, 0, 0.07
RCIN, 42991, 1503, 1503, 2016, 1504, 1504, 1504, 1504, 1504, 0, 0, 0, 0, 0, 0
GPS, 1, 0, 0, 0, 99.99, 0, 0, 0.23, -17, 0, 0, 0, 43071
CTUN, 43081, 999, 0, 999, 0, 0.23, -0.33, 0, 0, 0, 3
ATT, 43090, 0, -0.04, 0, -0.21, 77.35, 77.91, 0, 0.03
RCIN, 43091, 1503, 1503, 2016, 1506, 1504, 1504, 1504, 1504, 0, 0, 0, 0, 0, 0
CTUN, 43182, 1000, 0, 1000, 0, 0.19, 1.03, 0, 0, 0, 0
ATT, 43191, 0, -0.03, 0, -0.2, 77.35, 77.91, 0, 0.02
RCIN, 43191, 1503, 1503, 2016, 1506, 1504, 1504, 1503, 1504, 0, 0, 0, 0, 0, 0
GPS, 1, 0, 0, 0, 99.99, 0, 0, 0.23, -17, 0, 0, 0, 43271
CTUN, 43281, 999, 0, 999, 0, 0.24, -0.11, 0, 0, 0, 0
ATT, 43291, 0, -0.03, 0, -0.21, 77.35, 77.92, 0, 0.1
RCIN, 43292, 1503, 1503, 2016, 1508, 1504, 1504, 1504, 1503, 0, 0, 0, 0, 0, 0
CTUN, 43382, 1000, 0, 1000, 0, 0.22, 0.35, 0, 0, 0, 3
ATT, 43391, 0, -0.03, 0, -0.21, 77.35, 77.95, 0, 0.02
RCIN, 43391, 1503, 1503, 2016, 1506, 1504, 1504, 1504, 1503, 0, 0, 0, 0, 0, 0
GPS, 1, 0, 0, 0, 99.99, 0, 0, 0.23, -17, 0, 0, 0, 43472
CTUN, 43481, 1000, 0, 1000, 0, 0.23, 0.84, 0, 0, 0, -1
ATT, 43490, 0, -0.03, 0, -0.21, 77.35, 77.95, 0, 0
RCIN, 43491, 1503, 1503, 2015, 1506, 1504, 1504, 1504, 1504, 0, 0, 0, 0, 0, 0
DU32, 7, 150392
CURR, 43540, 1000, 128722, 0, 0, 4732, 0
CTUN, 43581, 1000, 0, 1000, 0, 0.27, 0.16, 0, 0, 0, 5
RAD, 43582, 206, 207, 97, 28, 49, 0, 0
RAD, 43583, 206, 207, 97, 28, 49, 0, 0
ATT, 43601, 0, -0.03, 0, -0.22, 77.35, 77.96, 0, 0.08
RCIN, 43601, 1503, 1503, 2016, 1505, 1504, 1504, 1504, 1503, 0, 0, 0, 0, 0, 0
GPS, 1, 0, 0, 0, 99.99, 0, 0, 0.27, -17, 0, 0, 0, 43671
CTUN, 43681, 999, 0, 999, 0, 0.26, -0.5, 0, 0, 0, 0
ATT, 43701, 0, -0.02, 0, -0.21, 77.35, 77.97, 0, 0.04
RCIN, 43701, 1503, 1503, 2016, 1504, 1504, 1504, 1504, 1504, 0, 0, 0, 0, 0, 0
CTUN, 43781, 1000, 0, 1000, 0, 0.22, 0.85, 0, 0, 0, 2
ATT, 43802, 0, -0.02, 0, -0.22, 77.35, 77.97, 0, 0.13
RCIN, 43802, 1503, 1503, 2015, 1505, 1503, 1504, 1504, 1503, 0, 0, 0, 0, 0, 0
GPS, 1, 0, 0, 0, 99.99, 0, 0, 0.25, -17, 0, 0, 0, 43872
CTUN, 43881, 1000, 0, 1000, 0, 0.26, -0.34, 0, 0, 0, 3
ATT, 43900, 0, -0.01, 0, -0.21, 77.35, 77.99, 0, 0.06
RCIN, 43901, 1503, 1503, 2016, 1504, 1504, 1504, 1504, 1503, 0, 0, 0, 0, 0, 0
CTUN, 43981, 999, 0, 999, 0, 0.23, 0.18, 0, 0, 0, 0
ATT, 44000, 0, -0.02, 0, -0.21, 77.35, 77.98, 0, 0.01
RCIN, 44001, 1503, 1503, 2016, 1505, 1504, 1504, 1504, 1503, 0, 0, 0, 0, 0, 0
GPS, 1, 0, 0, 0, 99.99, 0, 0, 0.22, -17, 0, 0, 0, 44071
CTUN, 44081, 1000, 0, 1000, 0, 0.22, 0.24, 0, 0, 0, 4
ATT, 44101, 0, -0.02, 0, -0.21, 77.35, 78, 0.01, 0.15
RCIN, 44101, 1503, 1503, 2016, 1504, 1504, 1504, 1504, 1503, 0, 0, 0, 0, 0, 0
CTUN, 44181, 1000, 0, 1000, 0, 0.23, -0.41, 0, 0, 0, -1
ATT, 44201, 0, -0.02, 0, -0.2, 77.35, 78.04, 0.01, 0
RCIN, 44201, 1503, 1503, 2016, 1504, 1504, 1504, 1504, 1503, 0, 0, 0, 0, 0, 0
GPS, 1, 0, 0, 0, 99.99, 0, 0, 0.2, -17, 0, 0, 0, 44272
CTUN, 44281, 1000, 0, 1000, 0, 0.19, 0.12, 0, 0, 0, 4
ATT, 44301, 0, -0.03, 0, -0.2, 77.35, 78.05, 0, 0.08
RCIN, 44301, 1503, 1503, 2016, 1505, 1504, 1504, 1504, 1504, 0, 0, 0, 0, 0, 0
CTUN, 44383, 999, 0, 999, 0, 0.18, -0.22, 0, 0, 0, 0
ATT, 44402, 0, -0.03, 0, -0.2, 77.35, 78.06, 0, 0.03
RCIN, 44402, 1503, 1503, 2016, 1504, 1504, 1504, 1504, 1503, 0, 0, 0, 0, 0, 0
GPS, 1, 0, 0, 0, 99.99, 0, 0, 0.17, -17, 0, 0, 0, 44473
CTUN, 44482, 1000, 0, 1000, 0, 0.16, 0.91, 0, 0, 0, 0
ATT, 44503, 0, -0.03, 0, -0.21, 77.35, 78.07, 0, 0.09
RCIN, 44503, 1503, 1503, 2016, 1504, 1504, 1504, 1504, 1504, 0, 0, 0, 0, 0, 0
DU32, 7, 150392
CURR, 44542, 1000, 138718, 0, 0, 4712, 0
CTUN, 44583, 999, 0, 999, 0, 0.21, 1.16, 0, 0, 0, 2
ATT, 44602, 0, -0.02, 0, -0.21, 77.35, 78.12, 0, 0.16
RCIN, 44603, 1503, 1504, 2016, 1504, 1504, 1504, 1504, 1503, 0, 0, 0, 0, 0, 0
GPS, 1, 0, 0, 0, 99.99, 0, 0, 0.26, -17, 0, 0, 0, 44673
CTUN, 44682, 1000, 0, 999, 0, 0.27, -0.05, 0, 0, 0, 0
ATT, 44702, 0, -0.03, 0, -0.21, 77.35, 78.15, 0, 0.07
RCIN, 44702, 1503, 1504, 2016, 1504, 1504, 1504, 1504, 1503, 0, 0, 0, 0, 0, 0
RAD, 44742, 206, 207, 98, 37, 38, 0, 0
RAD, 44743, 206, 207, 98, 37, 38, 0, 0
CTUN, 44782, 999, 0, 1000, 0, 0.25, 0.2, 0, 0, 0, 3
ATT, 44803, 0, -0.02, 0, -0.22, 77.35, 78.12, 0, 0.03
RCIN, 44803, 1503, 1503, 2016, 1504, 1504, 1504, 1504, 1503, 0, 0, 0, 0, 0, 0
GPS, 1, 0, 0, 0, 99.99, 0, 0, 0.25, -17, 0, 0, 0, 44873
CTUN, 44883, 1000, 0, 1000, 0, 0.25, 0.2, 0, 0, 0, 0
ATT, 44902, 0, -0.03, 0, -0.22, 77.35, 78.1, 0, 0.09
RCIN, 44902, 1503, 1503, 2016, 1504, 1504, 1504, 1504, 1504, 0, 0, 0, 0, 0, 0
CTUN, 44983, 1000, 0, 1000, 0, 0.25, 0.24, 0, 0, 0, 4
ATT, 45002, 0, -0.03, 0, -0.22, 77.35, 78.07, 0, 0.02
RCIN, 45003, 1503, 1503, 2016, 1504, 1504, 1504, 1504, 1503, 0, 0, 0, 0, 0, 0
GPS, 1, 0, 0, 0, 99.99, 0, 0, 0.25, -17, 0, 0, 0, 45073
CTUN, 45083, 999, 0, 999, 0, 0.25, 1.11, 0, 0, 0, 0
ATT, 45103, 0, -0.03, 0, -0.22, 77.35, 78.07, 0, 0.05
RCIN, 45104, 1502, 1504, 2016, 1504, 1504, 1504, 1504, 1503, 0, 0, 0, 0, 0, 0
CTUN, 45182, 1000, 0, 1000, 0, 0.31, 0.08, 0, 0, 0, 6
ATT, 45202, 0, -0.03, 0, -0.22, 77.35, 78.07, 0, 0.08
RCIN, 45202, 1503, 1503, 2016, 1504, 1504, 1504, 1504, 1503, 0, 0, 0, 0, 0, 0
GPS, 1, 0, 0, 0, 99.99, 0, 0, 0.3, -17, 0, 0, 0, 45273
CTUN, 45282, 1000, 0, 1000, 0, 0.3, 0.08, 0, 0, 0, 0
ATT, 45302, 0, -0.03, 0, -0.22, 77.35, 78.04, 0, 0.06
RCIN, 45303, 1503, 1503, 2016, 1504, 1504, 1504, 1504, 1503, 0, 0, 0, 0, 0, 0
CTUN, 45383, 1000, 0, 1000, 0, 0.29, 0.28, 0, 0, 0, 5
ATT, 45403, 0, -0.03, 0, -0.23, 77.35, 78.01, 0, 0.07
RCIN, 45403, 1503, 1504, 2015, 1504, 1504, 1504, 1504, 1503, 0, 0, 0, 0, 0, 0
GPS, 1, 0, 0, 0, 99.99, 0, 0, 0.29, -17, 0, 0, 0, 45473
CTUN, 45482, 1000, 0, 1000, 0, 0.29, 0.74, 0, 0, 0, -1
ATT, 45502, 0, -0.03, 0, -0.22, 77.35, 77.99, 0, 0
RCIN, 45502, 1503, 1504, 2015, 1505, 1504, 1504, 1504, 1503, 0, 0, 0, 0, 0, 0
DU32, 7, 150392
CURR, 45542, 1000, 148717, 0, 0, 4732, 0
CTUN, 45582, 1000, 0, 1000, 0, 0.32, 0.15, 0, 0, 0, 5
ATT, 45602, 0, -0.03, 0, -0.23, 77.35, 78, 0, 0.02
RCIN, 45603, 1502, 1504, 2016, 1504, 1504, 1504, 1504, 1503, 0, 0, 0, 0, 0, 0
GPS, 1, 0, 0, 0, 99.99, 0, 0, 0.31, -17, 0, 0, 0, 45673
CTUN, 45683, 1000, 0, 1000, 0, 0.31, 0.57, 0, 0, 0, -2
RAD, 45684, 206, 207, 98, 26, 54, 0, 0
RAD, 45684, 206, 207, 98, 26, 54, 0, 0
ATT, 45702, 0, -0.03, 0, -0.22, 77.35, 78, 0, 0.03
RCIN, 45702, 1503, 1503, 2016, 1504, 1504, 1504, 1504, 1503, 0, 0, 0, 0, 0, 0
CTUN, 45782, 1000, 0, 1000, 0, 0.33, 0.58, 0, 0, 0, 5
ATT, 45802, 0, -0.03, 0, -0.23, 77.35, 78.01, 0, 0.08
RCIN, 45802, 1503, 1503, 2016, 1504, 1504, 1504, 1504, 1504, 0, 0, 0, 0, 0, 0
GPS, 1, 0, 0, 0, 99.99, 0, 0, 0.34, -17, 0, 0, 0, 45873
CTUN, 45883, 1000, 0, 1000, 0, 0.34, -0.06, 0, 0, 0, -1
ATT, 45902, 0, -0.03, 0, -0.22, 77.35, 78.03, 0, 0.02
RCIN, 45903, 1503, 1503, 2016, 1504, 1504, 1504, 1504, 1503, 0, 0, 0, 0, 0, 0
CTUN, 45983, 1000, 0, 1000, 0, 0.32, 0.39, 0, 0, 0, 4
ATT, 46002, 0, -0.03, 0, -0.22, 77.35, 78.04, 0, 0.11
RCIN, 46002, 1502, 1503, 2016, 1504, 1504, 1504, 1504, 1503, 0, 0, 0, 0, 0, 0
GPS, 1, 0, 0, 0, 99.99, 0, 0, 0.33, -17, 0, 0, 0, 46073
CTUN, 46083, 1000, 0, 1000, 0, 0.33, -0.24, 0, 0, 0, -1
ATT, 46103, 0, -0.02, 0, -0.22, 77.35, 78.07, 0, 0.07
RCIN, 46103, 1503, 1503, 2016, 1504, 1504, 1504, 1504, 1503, 0, 0, 0, 0, 0, 0
CTUN, 46183, 1000, 0, 1000, 0, 0.3, 1.62, 0, 0, 0, 5
ATT, 46202, 0, -0.03, 0, -0.22, 77.35, 78.05, 0, 0.06
RCIN, 46202, 1503, 1503, 2016, 1505, 1503, 1504, 1504, 1503, 0, 0, 0, 0, 0, 0
GPS, 1, 0, 0, 0, 99.99, 0, 0, 0.36, -17, 0, 0, 0, 46273
CTUN, 46282, 1000, 0, 999, 0, 0.38, 0.17, 0, 0, 0, 0
ATT, 46303, 0, -0.03, 0, -0.21, 77.35, 78.08, 0, 0.01
RCIN, 46303, 1503, 1503, 2016, 1504, 1504, 1504, 1504, 1503, 0, 0, 0, 0, 0, 0
CTUN, 46383, 1000, 0, 1000, 0, 0.37, -0.07, 0, 0, 0, 7
ATT, 46402, 0, -0.03, 0, -0.22, 77.35, 78.08, 0, 0.01
RCIN, 46402, 1503, 1503, 2016, 1504, 1504, 1504, 1504, 1503, 0, 0, 0, 0, 0, 0
GPS, 1, 0, 0, 0, 99.99, 0, 0, 0.35, -17, 0, 0, 0, 46474
CTUN, 46483, 1000, 0, 1000, 0, 0.35, 0.31, 0, 0, 0, -1
ATT, 46502, 0, -0.03, 0, -0.21, 77.35, 78.07, 0, 0.03
RCIN, 46503, 1503, 1503, 2016, 1504, 1504, 1504, 1504, 1503, 0, 0, 0, 0, 0, 0
DU32, 7, 150392
CURR, 46542, 999, 158716, 0, 0, 4693, 0
PM, 5, 1000, 11958, 10, 0, 0, 0
CTUN, 46583, 1000, 0, 1000, 0, 0.35, 0.09, 0, 0, 0, 6
ATT, 46602, 0, -0.03, 0, -0.22, 77.35, 78.05, 0, 0.08
RCIN, 46603, 1503, 1503, 2015, 1505, 1504, 1504, 1504, 1504, 0, 0, 0, 0, 0, 0
GPS, 1, 0, 0, 0, 99.99, 0, 0, 0.34, -17, 0, 0, 0, 46674
CTUN, 46683, 1000, 0, 1000, 0, 0.34, -0.41, 0, 0, 0, -1
RAD, 46703, 206, 207, 93, 29, 52, 0, 0
RAD, 46703, 206, 207, 93, 29, 52, 0, 0
ATT, 46704, 0, -0.03, 0, -0.21, 77.35, 78.03, 0, 0
RCIN, 46704, 1503, 1503, 2016, 1504, 1504, 1504, 1504, 1503, 0, 0, 0, 0, 0, 0
CTUN, 46782, 1000, 0, 999, 0, 0.29, 0.62, 0, 0, 0, 5
ATT, 46802, 0, -0.03, 0, -0.22, 77.35, 78.04, 0, 0.1
RCIN, 46803, 1503, 1503, 2016, 1504, 1504, 1504, 1504, 1503, 0, 0, 0, 0, 0, 0
GPS, 1, 0, 0, 0, 99.99, 0, 0, 0.31, -17, 0, 0, 0, 46874
CTUN, 46883, 1000, 0, 1000, 0, 0.32, -0.1, 0, 0, 0, -2
ATT, 46902, 0, -0.03, 0, -0.22, 77.35, 78.07, 0, 0
RCIN, 46903, 1503, 1503, 2016, 1504, 1504, 1504, 1504, 1504, 0, 0, 0, 0, 0, 0
CTUN, 46983, 1000, 0, 1000, 0, 0.29, 0.09, 0, 0, 0, 4
ATT, 47003, 0, -0.03, 0, -0.22, 77.35, 78.07, 0, 0.02
RCIN, 47003, 1503, 1503, 2016, 1504, 1504, 1504, 1504, 1503, 0, 0, 0, 0, 0, 0
GPS, 1, 0, 0, 0, 99.99, 0, 0, 0.28, -17, 0, 0, 0, 47073
CTUN, 47084, 1000, 0, 1000, 0, 0.28, 0.17, 0, 0, 0, -2
ATT, 47102, 0, -0.03, 0, -0.22, 77.35, 78.07, 0, 0.02
RCIN, 47102, 1503, 1503, 2016, 1504, 1504, 1504, 1504, 1503, 0, 0, 0, 0, 0, 0
CTUN, 47183, 1000, 0, 1000, 0, 0.27, 0.07, 0, 0, 0, 2
ATT, 47202, 0, -0.03, 0, -0.22, 77.35, 78.07, 0, 0.02
RCIN, 47202, 1503, 1503, 2016, 1504, 1504, 1504, 1504, 1503, 0, 0, 0, 0, 0, 0
GPS, 1, 0, 0, 0, 99.99, 0, 0, 0.26, -17, 0, 0, 0, 47273
CTUN, 47284, 1000, 0, 1000, 0, 0.26, 0.12, 0, 0, 0, -3
ATT, 47302, 0, -0.03, 0, -0.22, 77.35, 78.06, 0, 0.02
RCIN, 47302, 1503, 1503, 2016, 1504, 1504, 1504, 1504, 1503, 0, 0, 0, 0, 0, 0
CTUN, 47383, 1000, 0, 999, 0, 0.25, 0.48, 0, 0, 0, 1
ATT, 47402, 0, -0.03, 0, -0.22, 77.35, 78.06, 0, 0.02
RCIN, 47402, 1503, 1503, 2016, 1504, 1504, 1504, 1504, 1504, 0, 0, 0, 0, 0, 0
CTUN, 47482, 1000, 0, 1000, 0, 0.26, 1.61, 0, 0, 0, -3
GPS, 1, 0, 0, 0, 99.99, 0, 0, 0.26, -17, 0, 0, 0, 47492
ATT, 47502, 0, -0.03, 0, -0.22, 77.35, 78.07, 0, 0.08
RCIN, 47502, 1503, 1503, 2016, 1504, 1504, 1504, 1504, 1504, 0, 0, 0, 0, 0, 0
DU32, 7, 150392
CURR, 47542, 1000, 168714, 0, 0, 4732, 0
CTUN, 47583, 1000, 0, 1000, 0, 0.34, -0.12, 0, 0, 0, 3
ATT, 47602, 0, -0.03, 0, -0.22, 77.35, 78.09, 0, 0.02
RCIN, 47602, 1503, 1503, 2016, 1504, 1504, 1504, 1504, 1503, 0, 0, 0, 0, 0, 0
RAD, 47612, 206, 207, 98, 29, 48, 0, 0
RAD, 47613, 206, 207, 98, 29, 48, 0, 0
GPS, 1, 0, 0, 0, 99.99, 0, 0, 0.32, -17, 0, 0, 0, 47673
CTUN, 47683, 1000, 0, 1000, 0, 0.32, 0.01, 0, 0, 0, -2
ATT, 47703, 0, -0.04, 0, -0.22, 77.35, 78.08, 0, 0.04
RCIN, 47704, 1503, 1503, 2016, 1504, 1504, 1504, 1504, 1504, 0, 0, 0, 0, 0, 0
CTUN, 47783, 1000, 0, 1000, 0, 0.3, 0.11, 0, 0, 0, 0
ATT, 47803, 0, -0.04, 0, -0.21, 77.35, 78.07, 0, 0.04
RCIN, 47803, 1503, 1504, 2016, 1504, 1504, 1504, 1504, 1503, 0, 0, 0, 0, 0, 0
GPS, 1, 0, 0, 0, 99.99, 0, 0, 0.29, -17, 0, 0, 0, 47873
CTUN, 47883, 1000, 0, 1000, 0, 0.29, 0.33, 0, 0, 0, -1
ATT, 47902, 0, -0.05, 0, -0.22, 77.35, 78.06, 0, 0.01
RCIN, 47902, 1503, 1504, 2015, 1504, 1504, 1504, 1504, 1503, 0, 0, 0, 0, 0, 0
CTUN, 47983, 1000, 0, 1000, 0, 0.29, 0.02, 0, 0, 0, -1
ATT, 48002, 0, -0.04, 0, -0.21, 77.35, 78.06, 0, 0.04
RCIN, 48002, 1503, 1503, 2015, 1505, 1504, 1504, 1504, 1503, 0, 0, 0, 0, 0, 0
GPS, 1, 0, 0, 0, 99.99, 0, 0, 0.27, -17, 0, 0, 0, 48073
CTUN, 48082, 1000, 0, 1000, 0, 0.27, -0.12, 0, 0, 0, 0
ATT, 48102, 0, -0.05, 0, -0.22, 77.35, 78.04, 0, 0.06
RCIN, 48102, 1502, 1503, 2016, 1505, 1503, 1504, 1504, 1504, 0, 0, 0, 0, 0, 0
CTUN, 48183, 1000, 0, 1000, 0, 0.24, 0.85, 0, 0, 0, -3
ATT, 48202, 0, -0.05, 0, -0.22, 77.35, 78.05, 0, 0.1
RCIN, 48202, 1503, 1503, 2016, 1504, 1504, 1504, 1504, 1503, 0, 0, 0, 0, 0, 0
GPS, 1, 0, 0, 0, 99.99, 0, 0, 0.27, -17, 0, 0, 0, 48273
CTUN, 48282, 1000, 0, 1000, 0, 0.28, -0.2, 0, 0, 0, 0
ATT, 48303, 0, -0.05, 0, -0.22, 77.35, 78.08, 0, 0
RCIN, 48303, 1503, 1503, 2016, 1504, 1504, 1504, 1504, 1503, 0, 0, 0, 0, 0, 0
CTUN, 48382, 1000, 0, 1000, 0, 0.25, -0.11, 0, 0, 0, -4
ATT, 48402, 0, -0.04, 0, -0.22, 77.35, 78.08, 0, 0.02
RCIN, 48402, 1503, 1503, 2015, 1505, 1504, 1504, 1504, 1503, 0, 0, 0, 0, 0, 0
GPS, 1, 0, 0, 0, 99.99, 0, 0, 0.23, -17, 0, 0, 0, 48473
CTUN, 48482, 1000, 0, 1000, 0, 0.22, 0.71, 0, 0, 0, 0
ATT, 48503, 0, -0.05, 0, -0.22, 77.35, 78.09, 0, 0.07
RCIN, 48503, 1502, 1503, 2016, 1505, 1504, 1504, 1504, 1503, 0, 0, 0, 0, 0, 0
DU32, 7, 150392
CURR, 48543, 1000, 178710, 0, 0, 4712, 0
CTUN, 48582, 1000, 0, 999, 0, 0.25, 0.72, 0, 0, 0, -4
RAD, 48602, 206, 207, 100, 30, 45, 0, 0
RAD, 48603, 206, 207, 100, 30, 45, 0, 0
ATT, 48603, 0, -0.05, 0, -0.22, 77.35, 78.13, 0, 0.14
RCIN, 48603, 1503, 1503, 2016, 1504, 1504, 1504, 1504, 1503, 0, 0, 0, 0, 0, 0
GPS, 1, 0, 0, 0, 99.99, 0, 0, 0.27, -17, 0, 0, 0, 48673
CTUN, 48682, 999, 0, 999, 0, 0.28, 0.21, 0, 0, 0, 2
ATT, 48702, 0, -0.05, 0, -0.22, 77.35, 78.18, 0, 0.06
RCIN, 48703, 1503, 1503, 2016, 1505, 1504, 1503, 1504, 1503, 0, 0, 0, 0, 0, 0
CTUN, 48783, 1000, 0, 1000, 0, 0.27, 0.07, 0, 0, 0, -5
ATT, 48802, 0, -0.05, 0, -0.22, 77.35, 78.2, 0, 0.02
RCIN, 48802, 1503, 1503, 2016, 1504, 1504, 1504, 1504, 1503, 0, 0, 0, 0, 0, 0
GPS, 1, 0, 0, 0, 99.99, 0, 0, 0.26, -17, 0, 0, 0, 48873
CTUN, 48882, 1000, 0, 1000, 0, 0.26, 0, 0, 0, 0, 2
ATT, 48902, 0, -0.06, 0, -0.22, 77.35, 78.19, 0, 0.04
RCIN, 48902, 1503, 1503, 2016, 1505, 1503, 1504, 1504, 1503, 0, 0, 0, 0, 0, 0
CTUN, 48983, 1000, 0, 1000, 0, 0.24, -0.06, 0, 0, 0, -6
ATT, 49003, 0, -0.05, 0, -0.22, 77.35, 78.18, 0, 0.02
RCIN, 49003, 1503, 1503, 2016, 1504, 1504, 1504, 1504, 1503, 0, 0, 0, 0, 0, 0
GPS, 1, 0, 0, 0, 99.99, 0, 0, 0.22, -17, 0, 0, 0, 49073
CTUN, 49082, 1000, 0, 1000, 0, 0.22, -0.28, 0, 0, 0, 1
ATT, 49102, 0, -0.05, 0, -0.23, 77.35, 78.17, 0, 0
RCIN, 49103, 1503, 1504, 2015, 1504, 1504, 1504, 1504, 1503, 0, 0, 0, 0, 0, 0
CTUN, 49183, 1000, 0, 999, 0, 0.18, 1.14, 0, 0, 0, -6
ATT, 49202, 0, -0.05, 0, -0.23, 77.35, 78.19, 0, 0.09
RCIN, 49203, 1503, 1504, 2015, 1505, 1504, 1504, 1504, 1503, 0, 0, 0, 0, 0, 0
GPS, 1, 0, 0, 0, 99.99, 0, 0, 0.23, -17, 0, 0, 0, 49273
CTUN, 49282, 999, 0, 999, 0, 0.24, 0.46, 0, 0, 0, 1
ATT, 49302, 0, -0.05, 0, -0.23, 77.35, 78.23, 0, 0.05
RCIN, 49303, 1503, 1503, 2016, 1504, 1504, 1504, 1504, 1504, 0, 0, 0, 0, 0, 0
CTUN, 49383, 1000, 0, 1000, 0, 0.25, 0.21, 0, 0, 0, -4
ATT, 49402, 0, -0.05, 0, -0.23, 77.35, 78.25, 0, 0
RCIN, 49402, 1503, 1503, 2015, 1504, 1503, 1504, 1504, 1503, 0, 0, 0, 0, 0, 0
GPS, 1, 0, 0, 0, 99.99, 0, 0, 0.24, -17, 0, 0, 0, 49473
CTUN, 49483, 999, 0, 999, 0, 0.24, -0.12, 0, 0, 0, 0
ATT, 49502, 0, -0.05, 0, -0.23, 77.35, 78.24, 0, 0.07
RCIN, 49502, 1503, 1503, 2016, 1542, 1504, 1504, 1504, 1503, 0, 0, 0, 0, 0, 0
DU32, 7, 150392
CURR, 49542, 1000, 188709, 0, 0, 4712, 0
CTUN, 49582, 1000, 0, 1000, 0, 0.22, 0.38, 0, 0, 0, -2
RAD, 49602, 206, 207, 91, 22, 52, 0, 0
ATT, 49603, 0, -0.05, 0, -0.23, 77.53, 78.22, 0, 0.04
RCIN, 49604, 1503, 1503, 2016, 1537, 1504, 1504, 1504, 1503, 0, 0, 0, 0, 0, 0
RAD, 49622, 206, 207, 91, 22, 52, 0, 0
GPS, 1, 0, 0, 0, 99.99, 0, 0, 0.23, -17, 0, 0, 0, 49673
CTUN, 49682, 1000, 0, 999, 0, 0.23, 1.31, 0, 0, 0, 0
ATT, 49702, 0, -0.04, 0, -0.23, 77.53, 78.23, 0, 0.1
RCIN, 49702, 1503, 1504, 2015, 1515, 1504, 1504, 1504, 1503, 0, 0, 0, 0, 0, 0
CTUN, 49782, 1000, 0, 1000, 0, 0.29, 0.22, 0, 0, 0, -2
ATT, 49802, 0, -0.04, 0, -0.24, 77.53, 78.25, 0, 0.03
RCIN, 49803, 1503, 1503, 2016, 1493, 1504, 1504, 1504, 1503, 0, 0, 0, 0, 0, 0
GPS, 1, 0, 0, 0, 99.99, 0, 0, 0.29, -17, 0, 0, 0, 49873
CTUN, 49882, 1000, 0, 999, 0, 0.28, -0.12, 0, 0, 0, 1
ATT, 49902, 0, -0.04, 0, -0.23, 76.87, 78.25, 0, 0.02
RCIN, 49902, 1503, 1504, 2015, 1401, 1504, 1504, 1504, 1503, 0, 0, 0, 0, 0, 0
CTUN, 49982, 1000, 0, 1000, 0, 0.26, 0.47, 0, 0, 0, 0
ATT, 50002, 0, -0.04, 0, -0.24, 73.61, 78.26, 0, 0.03
RCIN, 50002, 1503, 1503, 2016, 1381, 1504, 1504, 1504, 1503, 0, 0, 0, 0, 0, 0
GPS, 1, 0, 0, 0, 99.99, 0, 0, 0.27, -17, 0, 0, 0, 50073
CTUN, 50083, 1000, 0, 1000, 0, 0.27, -0.03, 0, 0, 0, -13
ATT, 50103, 0, -0.04, 0, -0.24, 72.59, 78.27, 0, 0.05
RCIN, 50103, 1503, 1503, 2016, 1527, 1504, 1504, 1504, 1503, 0, 0, 0, 0, 0, 0
CTUN, 50184, 1000, 0, 1000, 0, 0.23, 0.58, 0, 0, 0, -25
ATT, 50202, 0, -0.04, 0, -0.24, 76.48, 78.26, 0.02, 0
RCIN, 50202, 1503, 1503, 2016, 1732, 1503, 1504, 1504, 1503, 0, 0, 0, 0, 0, 0
GPS, 1, 0, 0, 0, 99.99, 0, 0, 0.23, -17, 0, 0, 0, 50273
CTUN, 50283, 1000, 0, 1000, 0, 0.22, 0.32, 0, 0, 0, -22
ATT, 50302, 0, -0.04, 0, -0.23, 85.57, 78.27, 0.02, 0.07
RCIN, 50302, 1503, 1503, 2016, 1773, 1503, 1504, 1504, 1503, 0, 0, 0, 0, 0, 0
CTUN, 50384, 1000, 0, 1000, 0, 0.21, 0.22, 0, 0, 0, -22
ATT, 50402, 0, -0.05, 0, -0.21, 88.73, 78.28, 0, 0.08
RCIN, 50402, 1503, 1503, 2016, 1623, 1504, 1504, 1504, 1503, 0, 0, 0, 0, 0, 0
GPS, 1, 0, 0, 0, 99.99, 0, 0, 0.19, -17, 0, 0, 0, 50473
CTUN, 50482, 1000, 0, 1000, 0, 0.18, 0.14, 0, 0, 0, -22
ATT, 50502, 0, -0.04, 0, -0.22, 88.26, 78.26, 0, 0.06
RCIN, 50502, 1503, 1503, 2016, 1508, 1504, 1504, 1504, 1503, 0, 0, 0, 0, 0, 0
DU32, 7, 150392
CURR, 50542, 999, 198709, 0, 0, 4732, 0
CTUN, 50583, 1000, 0, 1000, 0, 0.16, 0.33, 0, 0, 0, -22
RAD, 50583, 206, 207, 100, 24, 50, 0, 0
RAD, 50602, 206, 207, 100, 24, 50, 0, 0
ATT, 50602, 0, -0.04, 0, -0.22, 88.24, 78.26, 0, 0.11
RCIN, 50602, 1503, 1503, 2016, 1506, 1503, 1504, 1504, 1504, 0, 0, 0, 0, 0, 0
GPS, 1, 0, 0, 0, 99.99, 0, 0, 0.15, -17, 0, 0, 0, 50673
CTUN, 50682, 999, 0, 999, 0, 0.14, 0.01, 0, 0, 0, -22
ATT, 50703, 0, -0.04, 0, -0.22, 88.24, 78.29, 0, 0.04
RCIN, 50703, 1503, 1503, 2016, 1506, 1504, 1504, 1504, 1503, 0, 0, 0, 0, 0, 0
CTUN, 50783, 999, 0, 1000, 0, 0.11, 1.18, 0, 0, 0, -21
ATT, 50803, 0, -0.05, 0, -0.22, 88.24, 78.29, 0, 0.05
RCIN, 50804, 1503, 1503, 2016, 1506, 1504, 1504, 1504, 1503, 0, 0, 0, 0, 0, 0
GPS, 1, 0, 0, 0, 99.99, 0, 0, 0.14, -17, 0, 0, 0, 50873
CTUN, 50882, 1000, 0, 1000, 0, 0.15, 0.17, 0, 0, 0, -21
ATT, 50902, 0, -0.04, 0, -0.22, 88.24, 78.31, 0, 0
RCIN, 50902, 1503, 1503, 2015, 1506, 1503, 1504, 1504, 1503, 0, 0, 0, 0, 0, 0
CTUN, 50982, 1000, 0, 999, 0, 0.13, 0.71, 0, 0, 0, -21
ATT, 51002, 0, -0.04, 0, -0.22, 88.24, 78.31, 0, 0
RCIN, 51002, 1503, 1503, 2016, 1506, 1503, 1504, 1504, 1503, 0, 0, 0, 0, 0, 0
GPS, 1, 0, 0, 0, 99.99, 0, 0, 0.14, -17, 0, 0, 0, 51073
CTUN, 51082, 1000, 0, 1000, 0, 0.14, 0.32, 0, 0, 0, -19
ATT, 51102, 0, -0.04, 0, -0.22, 88.24, 78.32, 0, 0.02
RCIN, 51102, 1503, 1504, 2015, 1537, 1504, 1504, 1504, 1504, 0, 0, 0, 0, 0, 0
CTUN, 51183, 1000, 0, 1000, 0, 0.13, -0.01, 0, 0, 0, -20
ATT, 51203, 0, -0.04, 0, -0.23, 88.24, 78.32, 0, 0.06
RCIN, 51203, 1503, 1503, 2016, 1514, 1503, 1504, 1504, 1503, 0, 0, 0, 0, 0, 0
GPS, 1, 0, 0, 0, 99.99, 0, 0, 0.11, -17, 0, 0, 0, 51273
CTUN, 51282, 999, 0, 1000, 0, 0.1, 0.1, 0, 0, 0, -20
ATT, 51303, 0, -0.04, 0, -0.23, 88.24, 78.31, 0, 0.02
RCIN, 51303, 1503, 1503, 2016, 1510, 1504, 1504, 1504, 1503, 0, 0, 0, 0, 0, 0
CTUN, 51383, 1000, 0, 1000, 0, 0.08, -0.18, 0, 0, 0, -19
ATT, 51402, 0, -0.04, 0, -0.23, 88.24, 78.31, 0, 0.01
RCIN, 51402, 1503, 1503, 2015, 1508, 1504, 1504, 1504, 1503, 0, 0, 0, 0, 0, 0
GPS, 1, 0, 0, 0, 99.99, 0, 0, 0.05, -17, 0, 0, 0, 51473
CTUN, 51482, 1000, 0, 1000, 0, 0.04, 0.06, 0, 0, 0, -21
ATT, 51502, 0, -0.04, 0, -0.23, 88.24, 78.31, 0, 0.02
RCIN, 51502, 1503, 1504, 2016, 1505, 1504, 1504, 1504, 1504, 0, 0, 0, 0, 0, 0
DU32, 7, 150392
CURR, 51542, 1000, 208706, 0, 0, 4693, 0
CTUN, 51582, 1000, 0, 1000, 0, 0.02, 0.12, 0, 0, 0, -19
ATT, 51602, 0, -0.04, 0, -0.24, 88.24, 78.31, 0, 0.02
RCIN, 51602, 1503, 1503, 2015, 1506, 1504, 1504, 1504, 1503, 0, 0, 0, 0, 0, 0
GPS, 1, 0, 0, 0, 99.99, 0, 0, 0.01, -17, 0, 0, 0, 51673
CTUN, 51682, 1000, 0, 1000, 0, 0, 0.33, 0, 0, 0, -20
RAD, 51702, 206, 207, 98, 29, 47, 0, 0
ATT, 51703, 0, -0.04, 0, -0.23, 88.24, 78.31, 0, 0.06
RCIN, 51703, 1503, 1503, 2015, 1506, 1504, 1504, 1504, 1503, 0, 0, 0, 0, 0, 0
RAD, 51722, 206, 207, 98, 29, 47, 0, 0
CTUN, 51782, 1000, 0, 1000, 0, 0, 0.18, 0, 0, 0, -19
ATT, 51803, 0, -0.04, 0, -0.23, 88.24, 78.35, 0, 0.13
RCIN, 51803, 1503, 1503, 2016, 1506, 1504, 1503, 1504, 1503, 0, 0, 0, 0, 0, 0
GPS, 1, 0, 0, 0, 99.99, 0, 0, 0, -17, 0, 0, 0, 51873
CTUN, 51882, 1000, 0, 1000, 0, 0, 0.2, 0, 0, 0, -19
ATT, 51902, 0, -0.04, 0, -0.23, 88.24, 78.38, 0, 0.03
RCIN, 51902, 1503, 1503, 2016, 1504, 1504, 1504, 1504, 1503, 0, 0, 0, 0, 0, 0
CTUN, 51982, 1000, 0, 1000, 0, -0.01, -0.04, 0, 0, 0, -19
ATT, 52002, 0, -0.04, 0, -0.23, 88.24, 78.37, 0, 0.07
RCIN, 52002, 1503, 1504, 2015, 1505, 1504, 1504, 1504, 1504, 0, 0, 0, 0, 0, 0
GPS, 1, 0, 0, 0, 99.99, 0, 0, -0.03, -17, 0, 0, 0, 52073
CTUN, 52082, 1000, 0, 1000, 0, -0.03, 0.07, 0, 0, 0, -19
ATT, 52102, 0, -0.04, 0, -0.23, 88.24, 78.36, 0, 0.02
RCIN, 52103, 1503, 1503, 2016, 1504, 1504, 1504, 1504, 1504, 0, 0, 0, 0, 0, 0
CTUN, 52183, 999, 0, 999, 0, -0.05, 0.68, 0, 0, 0, -20
ATT, 52203, 0, -0.04, 0, -0.23, 88.24, 78.37, 0, 0.15
RCIN, 52203, 1503, 1503, 2016, 1504, 1504, 1504, 1504, 1503, 0, 0, 0, 0, 0, 0
GPS, 1, 0, 0, 0, 99.99, 0, 0, -0.03, -17, 0, 0, 0, 52273
CTUN, 52282, 1000, 0, 1000, 0, -0.02, -0.26, 0, 0, 0, -18
ATT, 52303, 0, -0.04, 0, -0.23, 88.24, 78.41, 0, 0.03
RCIN, 52303, 1503, 1503, 2016, 1504, 1504, 1504, 1504, 1503, 0, 0, 0, 0, 0, 0
CTUN, 52383, 1000, 0, 999, 0, -0.06, 0.22, 0, 0, 0, -19
ATT, 52403, 0, -0.04, 0, -0.23, 88.24, 78.4, 0, 0.03
RCIN, 52404, 1503, 1503, 2016, 1506, 1504, 1504, 1504, 1504, 0, 0, 0, 0, 0, 0
CTUN, 52482, 1000, 0, 1000, 0, -0.06, 0.28, 0, 0, 0, -17
GPS, 1, 0, 0, 0, 99.99, 0, 0, -0.06, -17, 0, 0, 0, 52491
ATT, 52503, 0, -0.04, 0, -0.23, 88.24, 78.39, 0, 0.03
RCIN, 52503, 1503, 1503, 2015, 1506, 1504, 1504, 1504, 1503, 0, 0, 0, 0, 0, 0
DU32, 7, 150392
CURR, 52542, 999, 218705, 0, 0, 4693, 0
CTUN, 52583, 1000, 0, 1000, 0, -0.06, 0.48, 0, 0, 0, -18
ATT, 52602, 0, -0.04, 0, -0.23, 88.24, 78.4, 0, 0.11
RCIN, 52602, 1503, 1503, 2016, 1508, 1504, 1504, 1504, 1503, 0, 0, 0, 0, 0, 0
CTUN, 52682, 999, 0, 999, 0, -0.04, 0.01, 0, 0, 0, -16
GPS, 1, 0, 0, 0, 99.99, 0, 0, -0.04, -17, 0, 0, 0, 52691
ATT, 52702, 0, -0.04, 0, -0.23, 88.24, 78.42, 0, 0.07
RCIN, 52702, 1503, 1503, 2016, 1504, 1504, 1504, 1504, 1503, 0, 0, 0, 0, 0, 0
CTUN, 52783, 1000, 0, 1000, 0, -0.06, 0.29, 0, 0, 0, -17
RAD, 52783, 206, 207, 100, 34, 53, 0, 0
RAD, 52784, 206, 207, 100, 34, 53, 0, 0
ATT, 52802, 0, -0.04, 0, -0.23, 88.24, 78.4, 0, 0.03
RCIN, 52802, 1503, 1504, 2015, 1501, 1503, 1504, 1504, 1503, 0, 0, 0, 0, 0, 0
GPS, 1, 0, 0, 0, 99.99, 0, 0, -0.06, -17, 0, 0, 0, 52874
CTUN, 52883, 1000, 0, 1000, 0, -0.06, -0.09, 0, 0, 0, -16
ATT, 52902, 0, -0.05, 0, -0.23, 88.24, 78.4, 0, 0.03
RCIN, 52903, 1503, 1503, 2015, 1491, 1504, 1504, 1504, 1503, 0, 0, 0, 0, 0, 0
CTUN, 52983, 1000, 0, 1000, 0, -0.08, -0.08, 0, 0, 0, -16
ATT, 53003, 0, -0.05, 0, -0.23, 88.14, 78.39, 0, 0.02
RCIN, 53003, 1503, 1503, 2016, 1472, 1504, 1504, 1504, 1503, 0, 0, 0, 0, 0, 0
CTUN, 53084, 1000, 0, 999, 0, -0.1, 0.96, 0, 0, 0, -16
GPS, 1, 0, 0, 0, 99.99, 0, 0, -0.1, -17, 0, 0, 0, 53091
ATT, 53101, 0, -0.05, 0, -0.23, 88.14, 78.39, 0, 0.04
RCIN, 53102, 1503, 1503, 2016, 1504, 1504, 1504, 1504, 1503, 0, 0, 0, 0, 0, 0
CTUN, 53183, 999, 0, 999, 0, -0.05, 0.73, 0, 0, 0, -15
ATT, 53202, 0, -0.04, 0, -0.23, 88.14, 78.42, 0, 0.06
RCIN, 53202, 1503, 1503, 2016, 1504, 1504, 1504, 1504, 1504, 0, 0, 0, 0, 0, 0
CTUN, 53282, 999, 0, 1000, 0, -0.02, 0.61, 0, 0, 0, -14
GPS, 1, 0, 0, 0, 99.99, 0, 0, -0.02, -17, 0, 0, 0, 53292
ATT, 53302, 0, -0.04, 0, -0.23, 88.14, 78.45, 0, 0.03
RCIN, 53302, 1503, 1503, 2016, 1504, 1504, 1504, 1504, 1503, 0, 0, 0, 0, 0, 0
CTUN, 53382, 1000, 0, 1000, 0, 0, 0.02, 0, 0, 0, -12
ATT, 53402, 0, -0.04, 0, -0.23, 88.14, 78.46, 0, 0.04
RCIN, 53402, 1503, 1503, 2016, 1504, 1504, 1504, 1504, 1503, 0, 0, 0, 0, 0, 0
CTUN, 53482, 999, 0, 1000, 0, -0.01, 0.06, 0, 0, 0, -13
GPS, 1, 0, 0, 0, 99.99, 0, 0, -0.01, -17, 0, 0, 0, 53491
ATT, 53503, 0, -0.04, 0, -0.23, 88.14, 78.45, 0, 0.07
RCIN, 53503, 1503, 1503, 2016, 1504, 1504, 1504, 1504, 1503, 0, 0, 0, 0, 0, 0
DU32, 7, 150392
CURR, 53542, 1000, 228704, 0, 0, 4732, 0
CTUN, 53582, 1000, 0, 1000, 0, -0.02, -0.03, 0, 0, 0, -12
ATT, 53601, 0, -0.04, 0, -0.23, 88.14, 78.43, 0, 0.04
RCIN, 53602, 1503, 1503, 2016, 1504, 1504, 1504, 1504, 1503, 0, 0, 0, 0, 0, 0
CTUN, 53682, 1000, 0, 999, 0, -0.03, 0.2, 0, 0, 0, -12
GPS, 1, 0, 0, 0, 99.99, 0, 0, -0.03, -17, 0, 0, 0, 53691
ATT, 53703, 0, -0.04, 0, -0.23, 88.14, 78.43, 0, 0.01
RCIN, 53703, 1503, 1504, 2015, 1505, 1504, 1504, 1504, 1503, 0, 0, 0, 0, 0, 0
RAD, 53712, 206, 207, 88, 25, 48, 0, 0
RAD, 53713, 206, 207, 88, 25, 48, 0, 0
CTUN, 53782, 1000, 0, 1000, 0, -0.03, 0.55, 0, 0, 0, -12
ATT, 53802, 0, -0.04, 0, -0.23, 88.14, 78.45, 0, 0.09
RCIN, 53802, 1503, 1503, 2015, 1505, 1504, 1504, 1504, 1503, 0, 0, 0, 0, 0, 0
GPS, 1, 0, 0, 0, 99.99, 0, 0, -0.01, -17, 0, 0, 0, 53873
CTUN, 53882, 1000, 0, 1000, 0, -0.01, 0.09, 0, 0, 0, -11
ATT, 53902, 0, -0.05, 0, -0.23, 88.14, 78.48, 0, 0.02
RCIN, 53902, 1503, 1503, 2016, 1504, 1504, 1504, 1504, 1503, 0, 0, 0, 0, 0, 0
CTUN, 53982, 1000, 0, 1000, 0, -0.02, 0.97, 0, 0, 0, -12
ATT, 54002, 0, -0.04, 0, -0.23, 88.14, 78.49, 0, 0.04
RCIN, 54002, 1503, 1504, 2015, 1504, 1504, 1504, 1504, 1503, 0, 0, 0, 0, 0, 0
CTUN, 54083, 1000, 0, 1000, 0, 0.02, 0.3, 0, 0, 0, -10
GPS, 1, 0, 0, 0, 99.99, 0, 0, 0.02, -17, 0, 0, 0, 54091
ATT, 54103, 0, -0.05, 0, -0.22, 88.14, 78.51, 0, 0.02
RCIN, 54103, 1503, 1503, 2016, 1504, 1504, 1504, 1504, 1504, 0, 0, 0, 0, 0, 0
CTUN, 54182, 1000, 0, 1000, 0, 0.03, 0.25, 0, 0, 0, -10
ATT, 54203, 0, -0.05, 0, -0.22, 88.14, 78.52, 0, 0.03
RCIN, 54203, 1503, 1503, 2015, 1505, 1504, 1504, 1504, 1503, 0, 0, 0, 0, 0, 0
CTUN, 54282, 1000, 0, 1000, 0, 0.03, 0.55, 0, 0, 0, -10
GPS, 1, 0, 0, 0, 99.99, 0, 0, 0.03, -17, 0, 0, 0, 54291
ATT, 54302, 0, -0.05, 0, -0.22, 88.14, 78.53, 0, 0.09
RCIN, 54302, 1503, 1503, 2016, 1504, 1504, 1504, 1504, 1503, 0, 0, 0, 0, 0, 0
CTUN, 54383, 1000, 0, 1000, 0, 0.05, 0.34, 0, 0, 0, -8
ATT, 54402, 0, -0.06, 0, -0.23, 88.14, 78.55, 0, 0.03
RCIN, 54402, 1503, 1503, 2016, 1504, 1504, 1504, 1504, 1503, 0, 0, 0, 0, 0, 0
CTUN, 54482, 999, 0, 999, 0, 0.06, 0.89, 0, 0, 0, -9
GPS, 1, 0, 0, 0, 99.99, 0, 0, 0.06, -17, 0, 0, 0, 54492
ATT, 54502, 0, -0.05, 0, -0.23, 88.14, 78.56, 0, 0.09
RCIN, 54502, 1503, 1503, 2015, 1504, 1504, 1504, 1504, 1503, 0, 0, 0, 0, 0, 0
DU32, 7, 150392
CURR, 54542, 1000, 238703, 0, 0, 4732, 0
CTUN, 54583, 1000, 0, 1000, 0, 0.1, 0.33, 0, 0, 0, -7
ATT, 54602, 0, -0.05, 0, -0.23, 88.14, 78.59, 0, 0.04
RCIN, 54602, 1503, 1503, 2016, 1504, 1504, 1504, 1504, 1503, 0, 0, 0, 0, 0, 0
RAD, 54622, 206, 207, 98, 27, 47, 0, 0
RAD, 54623, 206, 207, 98, 27, 47, 0, 0
CTUN, 54682, 1000, 0, 1000, 0, 0.1, 1.1, 0, 0, 0, -8
GPS, 1, 0, 0, 0, 99.99, 0, 0, 0.1, -17, 0, 0, 0, 54691
ATT, 54702, 0, -0.04, 0, -0.23, 88.14, 78.57, 0, 0.04
RCIN, 54702, 1503, 1503, 2016, 1505, 1504, 1504, 1504, 1503, 0, 0, 0, 0, 0, 0
CTUN, 54783, 1000, 0, 1000, 0, 0.16, 0.25, 0, 0, 0, -7
ATT, 54802, 0, -0.05, 0, -0.23, 88.14, 78.23, 0, 0.05
RCIN, 54802, 1503, 1503, 2016, 1504, 1504, 1504, 1504, 1503, 0, 0, 0, 0, 0, 0
CTUN, 54882, 999, 0, 999, 0, 0.16, 0.21, 0, 0, 0, -6
GPS, 1, 0, 0, 0, 99.99, 0, 0, 0.16, -17, 0, 0, 0, 54891
ATT, 54902, 0, -0.05, 0, -0.23, 88.14, 78.15, 0, 0.05
RCIN, 54902, 1503, 1503, 2016, 1504, 1504, 1504, 1504, 1503, 0, 0, 0, 0, 0, 0
CTUN, 54982, 1000, 0, 1000, 0, 0.15, -0.13, 0, 0, 0, -6
ATT, 55002, 0, -0.04, 0, -0.23, 88.14, 78.14, 0, 0.09
RCIN, 55002, 1503, 1503, 2016, 1504, 1504, 1504, 1504, 1503, 0, 0, 0, 0, 0, 0
CTUN, 55082, 1000, 0, 1000, 0, 0.13, 0.13, 0, 0, 0, -6
GPS, 1, 0, 0, 0, 99.99, 0, 0, 0.13, -17, 0, 0, 0, 55091
ATT, 55102, 0, -0.05, 0, -0.23, 88.11, 78.11, 0, 0.06
RCIN, 55102, 1503, 1503, 2016, 1504, 1504, 1504, 1504, 1503, 0, 0, 0, 0, 0, 0
CTUN, 55183, 1000, 0, 1000, 0, 0.12, -0.19, 0, 0, 0, -6
ATT, 55202, 0, -0.05, 0, -0.23, 88.1, 78.1, 0, 0.03
RCIN, 55202, 1503, 1503, 2016, 1504, 1504, 1504, 1504, 1503, 0, 0, 0, 0, 0, 0
CTUN, 55282, 1000, 0, 1000, 0, 0.1, 1.54, 0, 0, 0, -7
GPS, 1, 0, 0, 0, 99.99, 0, 0, 0.1, -17, 0, 0, 0, 55291
ATT, 55302, 0, -0.05, 0, -0.22, 88.1, 78.11, 0, 0.05
RCIN, 55302, 1503, 1503, 2016, 1504, 1504, 1504, 1504, 1503, 0, 0, 0, 0, 0, 0
CTUN, 55383, 1000, 0, 1000, 0, 0.18, 1.19, 0, 0, 0, -4
ATT, 55402, 0, -0.05, 0, -0.22, 88.1, 78.14, 0, 0.07
RCIN, 55402, 1503, 1503, 2016, 1505, 1504, 1504, 1504, 1503, 0, 0, 0, 0, 0, 0
CTUN, 55482, 999, 0, 1000, 0, 0.23, 0.1, 0, 0, 0, -3
GPS, 1, 0, 0, 0, 99.99, 0, 0, 0.23, -17, 0, 0, 0, 55492
ATT, 55502, 0, -0.05, 0, -0.22, 88.1, 78.17, 0, 0.02
RCIN, 55502, 1503, 1503, 2016, 1504, 1504, 1504, 1504, 1503, 0, 0, 0, 0, 0, 0
DU32, 7, 150392
CURR, 55542, 1000, 248699, 0, 0, 4693, 0
CTUN, 55582, 999, 0, 999, 0, 0.22, 0.57, 0, 0, 0, -3
ATT, 55602, 0, -0.05, 0, -0.22, 88.1, 78.15, 0, 0.05
RCIN, 55603, 1503, 1503, 2016, 1505, 1503, 1504, 1504, 1503, 0, 0, 0, 0, 0, 0
CTUN, 55682, 1000, 0, 1000, 0, 0.24, 0.19, 0, 0, 0, -2
GPS, 1, 0, 0, 0, 99.99, 0, 0, 0.24, -17, 0, 0, 0, 55691
ATT, 55702, 0, -0.06, 0, -0.23, 88.1, 78.14, 0, 0.04
RCIN, 55702, 1502, 1504, 2015, 1505, 1504, 1504, 1504, 1503, 0, 0, 0, 0, 0, 0
CTUN, 55782, 999, 0, 999, 0, 0.23, 0.39, 0, 0, 0, -2
RAD, 55783, 206, 207, 95, 29, 46, 0, 0
RAD, 55784, 206, 207, 95, 29, 46, 0, 0
ATT, 55802, 0, -0.06, 0, -0.22, 88.1, 78.13, 0, 0.07
RCIN, 55802, 1503, 1503, 2015, 1505, 1503, 1504, 1504, 1503, 0, 0, 0, 0, 0, 0
CTUN, 55882, 1000, 0, 1000, 0, 0.24, 0.11, 0, 0, 0, -2
GPS, 1, 0, 0, 0, 99.99, 0, 0, 0.24, -17, 0, 0, 0, 55891
ATT, 55902, 0, -0.06, 0, -0.22, 88.1, 78.1, 0, 0.03
RCIN, 55902, 1503, 1503, 2016, 1504, 1504, 1504, 1504, 1503, 0, 0, 0, 0, 0, 0
CTUN, 55983, 1000, 0, 999, 0, 0.23, 1.1, 0, 0, 0, -2
ATT, 56002, 0, -0.06, 0, -0.22, 88.1, 78.12, 0, 0.13
RCIN, 56002, 1503, 1503, 2016, 1505, 1504, 1504, 1504, 1503, 0, 0, 0, 0, 0, 0
CTUN, 56082, 1000, 0, 1000, 0, 0.28, 1.25, 0, 0, 0, -1
GPS, 1, 0, 0, 0, 99.99, 0, 0, 0.28, -17, 0, 0, 0, 56091
ATT, 56102, 0, -0.06, 0, -0.23, 88.1, 78.17, 0, 0.09
RCIN, 56102, 1503, 1503, 2016, 1505, 1504, 1504, 1504, 1503, 0, 0, 0, 0, 0, 0
CTUN, 56183, 1000, 0, 1000, 0, 0.34, 0.02, 0, 0, 0, 0
ATT, 56202, 0, -0.06, 0, -0.23, 88.1, 78.19, 0, 0.08
RCIN, 56202, 1503, 1503, 2016, 1504, 1504, 1504, 1504, 1504, 0, 0, 0, 0, 0, 0
CTUN, 56282, 1000, 0, 1000, 0, 0.32, 0.92, 0, 0, 0, 0
GPS, 1, 0, 0, 0, 99.99, 0, 0, 0.32, -17, 0, 0, 0, 56291
ATT, 56302, 0, -0.06, 0, -0.23, 88.1, 78.12, 0, 0
RCIN, 56302, 1503, 1503, 2016, 1504, 1504, 1504, 1504, 1503, 0, 0, 0, 0, 0, 0
CTUN, 56382, 1000, 0, 1000, 0, 0.35, 0.26, 0, 0, 0, 0
ATT, 56403, 0, -0.06, 0, -0.23, 88.1, 78.12, 0, 0.06
RCIN, 56403, 1503, 1504, 2016, 1504, 1504, 1504, 1504, 1504, 0, 0, 0, 0, 0, 0
CTUN, 56482, 1000, 0, 1000, 0, 0.35, 0.53, 0, 0, 0, 0
GPS, 1, 0, 0, 0, 99.99, 0, 0, 0.35, -17, 0, 0, 0, 56491
ATT, 56502, 0, -0.06, 0, -0.23, 88.1, 78.14, 0, 0.05
RCIN, 56502, 1503, 1503, 2016, 1504, 1504, 1504, 1504, 1504, 0, 0, 0, 0, 0, 0
DU32, 7, 150392
CURR, 56542, 1000, 258696, 0, 0, 4732, 0
PM, 1, 1000, 10506, 10, 0, 0, 0
CTUN, 56583, 1000, 0, 1000, 0, 0.36, 1, 0, 0, 0, 0
RAD, 56583, 206, 207, 99, 31, 44, 0, 0
RAD, 56584, 206, 207, 99, 31, 44, 0, 0
ATT, 56602, 0, -0.06, 0, -0.23, 88.1, 78.14, 0, 0.04
RCIN, 56602, 1503, 1503, 2016, 1505, 1503, 1504, 1504, 1503, 0, 0, 0, 0, 0, 0
GPS, 1, 0, 0, 0, 99.99, 0, 0, 0.4, -17, 0, 0, 0, 56682
CTUN, 56684, 999, 0, 999, 0, 0.4, 0.97, 0, 0, 0, 1
ATT, 56702, 0, -0.05, 0, -0.23, 88.1, 78.19, 0, 0.13
RCIN, 56702, 1503, 1503, 2016, 1504, 1504, 1504, 1504, 1503, 0, 0, 0, 0, 0, 0
CTUN, 56782, 1000, 0, 1000, 0, 0.43, -0.15, 0, 0, 0, 1
ATT, 56802, 0, -0.05, 0, -0.23, 88.1, 78.22, 0, 0.07
RCIN, 56802, 1503, 1503, 2016, 1504, 1504, 1504, 1504, 1503, 0, 0, 0, 0, 0, 0
GPS, 1, 0, 0, 0, 99.99, 0, 0, 0.4, -17, 0, 0, 0, 56882
CTUN, 56883, 1000, 0, 1000, 0, 0.4, 0.33, 0, 0, 0, 1
ATT, 56902, 0, -0.05, 0, -0.23, 88.1, 78.21, 0, 0.01
RCIN, 56902, 1503, 1504, 2015, 1505, 1504, 1504, 1504, 1503, 0, 0, 0, 0, 0, 0
CTUN, 56984, 999, 0, 999, 0, 0.4, 0.68, 0, 0, 0, 1
ATT, 57002, 0, -0.05, 0, -0.23, 88.1, 78.23, 0.01, 0.06
RCIN, 57002, 1503, 1503, 2016, 1504, 1504, 1504, 1504, 1503, 0, 0, 0, 0, 0, 0
GPS, 1, 0, 0, 0, 99.99, 0, 0, 0.42, -17, 0, 0, 0, 57082
CTUN, 57083, 1000, 0, 1000, 0, 0.42, 0.69, 0, 0, 0, 1
ATT, 57102, 0, -0.05, 0, -0.22, 88.1, 78.26, 0.01, 0.05
RCIN, 57102, 1503, 1503, 2016, 1504, 1504, 1503, 1504, 1503, 0, 0, 0, 0, 0, 0
CTUN, 57183, 1000, 0, 1000, 0, 0.43, 0.44, 0, 0, 0, 2
ATT, 57202, 0, -0.06, 0, -0.22, 88.1, 78.29, 0, 0.09
RCIN, 57202, 1503, 1503, 2015, 1505, 1504, 1504, 1504, 1504, 0, 0, 0, 0, 0, 0
GPS, 1, 0, 0, 0, 99.99, 0, 0, 0.44, -17, 0, 0, 0, 57282
CTUN, 57284, 1000, 0, 999, 0, 0.44, 0.49, 0, 0, 0, 2
ATT, 57302, 0, -0.06, 0, -0.22, 88.1, 78.31, 0, 0.05
RCIN, 57302, 1503, 1503, 2016, 1504, 1504, 1504, 1504, 1504, 0, 0, 0, 0, 0, 0
CTUN, 57383, 1000, 0, 1000, 0, 0.44, 1.03, 0, 0, 0, 2
ATT, 57401, 0, -0.05, 0, -0.22, 88.1, 78.31, 0, 0.06
RCIN, 57402, 1503, 1503, 2015, 1505, 1504, 1504, 1504, 1504, 0, 0, 0, 0, 0, 0
GPS, 1, 0, 0, 0, 99.99, 0, 0, 0.48, -17, 0, 0, 0, 57482
CTUN, 57483, 1000, 0, 1000, 0, 0.48, -0.05, 0, 0, 0, 4
ATT, 57502, 0, -0.06, 0, -0.22, 88.1, 78.34, 0, 0.03
RCIN, 57502, 1503, 1504, 2015, 1504, 1504, 1504, 1504, 1503, 0, 0, 0, 0, 0, 0
DU32, 7, 150392
CURR, 57542, 999, 268694, 0, 0, 4732, 0
CTUN, 57583, 999, 0, 999, 0, 0.45, 0.12, 0, 0, 0, 3
ATT, 57602, 0, -0.06, 0, -0.21, 88.1, 78.33, 0, 0.06
RCIN, 57602, 1503, 1503, 2016, 1504, 1504, 1504, 1504, 1503, 0, 0, 0, 0, 0, 0
RAD, 57652, 206, 207, 100, 22, 46, 0, 0
RAD, 57653, 206, 207, 100, 22, 46, 0, 0
GPS, 1, 0, 0, 0, 99.99, 0, 0, 0.44, -17, 0, 0, 0, 57682
CTUN, 57683, 1000, 0, 1000, 0, 0.44, 1.5, 0, 0, 0, 3
ATT, 57702, 0, -0.06, 0, -0.21, 88.1, 78.33, 0, 0.06
RCIN, 57702, 1503, 1503, 2016, 1504, 1504, 1504, 1504, 1503, 0, 0, 0, 0, 0, 0
CTUN, 57783, 1000, 0, 1000, 0, 0.51, -0.06, 0, 0, 0, 5
ATT, 57803, 0, -0.06, 0, -0.22, 88.1, 78.35, 0, 0.02
RCIN, 57803, 1503, 1503, 2015, 1505, 1504, 1504, 1504, 1503, 0, 0, 0, 0, 0, 0
GPS, 1, 0, 0, 0, 99.99, 0, 0, 0.48, -17, 0, 0, 0, 57882
CTUN, 57884, 1000, 0, 1000, 0, 0.48, 0.7, 0, 0, 0, 3
ATT, 57902, 0, -0.05, 0, -0.22, 88.1, 78.34, 0, 0.03
RCIN, 57902, 1503, 1504, 2015, 1505, 1504, 1504, 1504, 1503, 0, 0, 0, 0, 0, 0
CTUN, 57983, 999, 0, 1000, 0, 0.5, 0.62, 0, 0, 0, 5
ATT, 58002, 0, -0.05, 0, -0.22, 88.1, 78.35, 0, 0.06
RCIN, 58002, 1502, 1504, 2015, 1505, 1504, 1504, 1504, 1503, 0, 0, 0, 0, 0, 0
GPS, 1, 0, 0, 0, 99.99, 0, 0, 0.51, -17, 0, 0, 0, 58082
CTUN, 58083, 999, 0, 999, 0, 0.51, 0.49, 0, 0, 0, 5
ATT, 58102, 0, -0.05, 0, -0.22, 88.1, 78.36, 0, 0.07
RCIN, 58102, 1503, 1503, 2016, 1504, 1504, 1504, 1504, 1503, 0, 0, 0, 0, 0, 0
CTUN, 58183, 1000, 0, 1000, 0, 0.51, 0.12, 0, 0, 0, 4
ATT, 58202, 0, -0.05, 0, -0.21, 88.1, 78.34, 0, 0.03
RCIN, 58202, 1503, 1503, 2016, 1505, 1504, 1504, 1504, 1503, 0, 0, 0, 0, 0, 0
GPS, 1, 0, 0, 0, 99.99, 0, 0, 0.49, -17, 0, 0, 0, 58282
CTUN, 58283, 999, 0, 999, 0, 0.49, 0.08, 0, 0, 0, 5
ATT, 58304, 0, -0.05, 0, -0.22, 88.1, 78.33, 0, 0.05
RCIN, 58304, 1503, 1503, 2016, 1504, 1504, 1504, 1504, 1503, 0, 0, 0, 0, 0, 0
CTUN, 58384, 999, 0, 1000, 0, 0.47, 0.87, 0, 0, 0, 4
ATT, 58403, 0, -0.05, 0, -0.21, 88.1, 78.33, 0, 0.05
RCIN, 58403, 1503, 1503, 2016, 1504, 1504, 1504, 1504, 1503, 0, 0, 0, 0, 0, 0
GPS, 1, 0, 0, 0, 99.99, 0, 0, 0.5, -17, 0, 0, 0, 58483
CTUN, 58485, 1000, 0, 1000, 0, 0.5, 0.7, 0, 0, 0, 4
ATT, 58503, 0, -0.05, 0, -0.21, 88.1, 78.36, 0, 0.05
RCIN, 58503, 1503, 1503, 2015, 1505, 1504, 1504, 1504, 1503, 0, 0, 0, 0, 0, 0
DU32, 7, 150392
CURR, 58544, 1000, 278691, 0, 0, 4732, 0
CTUN, 58584, 1000, 0, 1000, 0, 0.52, 0.6, 0, 0, 0, 5
ATT, 58603, 0, -0.06, 0, -0.21, 88.1, 78.37, 0, 0.03
RCIN, 58604, 1503, 1503, 2016, 1506, 1504, 1504, 1504, 1503, 0, 0, 0, 0, 0, 0
RAD, 58653, 206, 207, 99, 29, 50, 0, 0
RAD, 58654, 206, 207, 99, 29, 50, 0, 0
GPS, 1, 0, 0, 0, 99.99, 0, 0, 0.53, -17, 0, 0, 0, 58683
CTUN, 58685, 999, 0, 1000, 0, 0.53, 0.28, 0, 0, 0, 6
ATT, 58703, 0, -0.06, 0, -0.2, 88.1, 78.37, 0, 0.02
RCIN, 58703, 1503, 1503, 2016, 1506, 1504, 1504, 1504, 1504, 0, 0, 0, 0, 0, 0
CTUN, 58784, 1000, 0, 1000, 0, 0.52, 0.77, 0, 0, 0, 5
ATT, 58804, 0, -0.06, 0, -0.2, 88.1, 78.36, 0, 0.05
RCIN, 58804, 1503, 1503, 2016, 1530, 1504, 1504, 1504, 1503, 0, 0, 0, 0, 0, 0
GPS, 1, 0, 0, 0, 99.99, 0, 0, 0.54, -17, 0, 0, 0, 58884
CTUN, 58885, 1000, 0, 1000, 0, 0.54, 0.59, 0, 0, 0, 6
ATT, 58903, 0, -0.06, 0, -0.21, 88.1, 78.37, 0, 0.04
RCIN, 58903, 1503, 1503, 2016, 1508, 1504, 1504, 1504, 1503, 0, 0, 0, 0, 0, 0
CTUN, 58984, 1000, 0, 1000, 0, 0.55, 0.12, 0, 0, 0, 6
ATT, 59003, 0, -0.05, 0, -0.21, 88.1, 78.38, 0, 0.07
RCIN, 59003, 1502, 1504, 2016, 1506, 1504, 1504, 1504, 1503, 0, 0, 0, 0, 0, 0
GPS, 1, 0, 0, 0, 99.99, 0, 0, 0.54, -17, 0, 0, 0, 59084
CTUN, 59085, 999, 0, 1000, 0, 0.54, 0.12, 0, 0, 0, 5
ATT, 59103, 0, -0.05, 0, -0.21, 88.1, 78.37, 0, 0
RCIN, 59103, 1503, 1503, 2016, 1506, 1504, 1504, 1504, 1503, 0, 0, 0, 0, 0, 0
CTUN, 59184, 1000, 0, 1000, 0, 0.52, -0.04, 0, 0, 0, 6
ATT, 59203, 0, -0.05, 0, -0.21, 88.1, 78.37, 0, 0.03
RCIN, 59203, 1503, 1503, 2016, 1506, 1504, 1504, 1504, 1504, 0, 0, 0, 0, 0, 0
GPS, 1, 0, 0, 0, 99.99, 0, 0, 0.49, -17, 0, 0, 0, 59283
CTUN, 59284, 1000, 0, 1000, 0, 0.49, 0.79, 0, 0, 0, 5
ATT, 59303, 0, -0.05, 0, -0.21, 88.1, 78.36, 0, 0.05
RCIN, 59304, 1503, 1503, 2015, 1506, 1504, 1504, 1504, 1503, 0, 0, 0, 0, 0, 0
CTUN, 59384, 1000, 0, 1000, 0, 0.51, 0.39, 0, 0, 0, 5
ATT, 59403, 0, -0.05, 0, -0.21, 88.1, 78.35, 0, 0.03
RCIN, 59403, 1503, 1503, 2015, 1505, 1504, 1504, 1504, 1504, 0, 0, 0, 0, 0, 0
GPS, 1, 0, 0, 0, 99.99, 0, 0, 0.51, -17, 0, 0, 0, 59483
CTUN, 59485, 1000, 0, 1000, 0, 0.51, 0.45, 0, 0, 0, 6
ATT, 59503, 0, -0.05, 0, -0.21, 88.1, 78.35, 0, 0
RCIN, 59503, 1503, 1503, 2016, 1504, 1504, 1504, 1504, 1503, 0, 0, 0, 0, 0, 0
DU32, 7, 150392
CURR, 59543, 999, 288688, 0, 0, 4693, 0
CTUN, 59584, 1000, 0, 1000, 0, 0.51, 0.79, 0, 0, 0, 5
ATT, 59603, 0, -0.04, 0, -0.21, 88.1, 78.37, 0, 0.1
RCIN, 59603, 1503, 1503, 2016, 1504, 1504, 1504, 1503, 1504, 0, 0, 0, 0, 0, 0
GPS, 1, 0, 0, 0, 99.99, 0, 0, 0.54, -17, 0, 0, 0, 59683
CTUN, 59685, 1000, 0, 1000, 0, 0.54, 0.1, 0, 0, 0, 6
ATT, 59703, 0, -0.04, 0, -0.21, 88.1, 78.39, 0, 0.09
RCIN, 59703, 1503, 1503, 2016, 1504, 1503, 1504, 1504, 1503, 0, 0, 0, 0, 0, 0
CTUN, 59784, 1000, 0, 1000, 0, 0.52, -0.21, 0, 0, 0, 6
RAD, 59793, 206, 207, 86, 26, 53, 0, 0
ATT, 59803, 0, -0.05, 0, -0.21, 88.1, 78.37, 0, 0.03
RCIN, 59803, 1503, 1503, 2015, 1505, 1504, 1504, 1504, 1503, 0, 0, 0, 0, 0, 0
RAD, 59813, 206, 207, 86, 26, 53, 0, 0
GPS, 1, 0, 0, 0, 99.99, 0, 0, 0.48, -17, 0, 0, 0, 59884
CTUN, 59885, 1000, 0, 1000, 0, 0.48, 0.43, 0, 0, 0, 5
ATT, 59903, 0, -0.04, 0, -0.21, 88.1, 78.36, 0, 0.03
RCIN, 59903, 1503, 1503, 2016, 1504, 1504, 1504, 1504, 1503, 0, 0, 0, 0, 0, 0
CTUN, 59984, 1000, 0, 1000, 0, 0.48, 0.82, 0, 0, 0, 5
ATT, 60003, 0, -0.05, 0, -0.21, 88.1, 78.37, 0, 0.1
RCIN, 60003, 1503, 1503, 2016, 1505, 1504, 1504, 1504, 1504, 0, 0, 0, 0, 0, 0
GPS, 1, 0, 0, 0, 99.99, 0, 0, 0.51, -17, 0, 0, 0, 60084
CTUN, 60085, 999, 0, 999, 0, 0.51, 0.61, 0, 0, 0, 6
ATT, 60103, 0, -0.05, 0, -0.21, 88.1, 78.41, 0, 0.02
RCIN, 60103, 1503, 1503, 2016, 1504, 1504, 1504, 1504, 1503, 0, 0, 0, 0, 0, 0
CTUN, 60184, 1000, 0, 1000, 0, 0.52, 0.65, 0, 0, 0, 6
ATT, 60203, 0, -0.05, 0, -0.21, 88.1, 78.43, 0, 0.03
RCIN, 60203, 1503, 1504, 2015, 1505, 1504, 1504, 1504, 1503, 0, 0, 0, 0, 0, 0
GPS, 1, 0, 0, 0, 99.99, 0, 0, 0.54, -17, 0, 0, 0, 60283
CTUN, 60285, 1000, 0, 1000, 0, 0.54, 0.16, 0, 0, 0, 7
ATT, 60303, 0, -0.05, 0, -0.21, 88.1, 78.44, 0, 0.05
RCIN, 60303, 1503, 1503, 2016, 1505, 1504, 1504, 1504, 1503, 0, 0, 0, 0, 0, 0
CTUN, 60384, 1000, 0, 999, 0, 0.52, 0.33, 0, 0, 0, 6
ATT, 60403, 0, -0.06, 0, -0.21, 88.1, 78.42, 0, 0.06
RCIN, 60403, 1503, 1504, 2015, 1504, 1504, 1504, 1504, 1503, 0, 0, 0, 0, 0, 0
GPS, 1, 0, 0, 0, 99.99, 0, 0, 0.52, -17, 0, 0, 0, 60483
CTUN, 60485, 999, 0, 999, 0, 0.52, 1.38, 0, 0, 0, 5
ATT, 60503, 0, -0.05, 0, -0.21, 88.1, 78.42, 0.01, 0.08
RCIN, 60503, 1503, 1503, 2016, 1504, 1504, 1504, 1504, 1503, 0, 0, 0, 0, 0, 0
DU32, 7, 150392
CURR, 60543, 1000, 298687, 0, 0, 4732, 0
CTUN, 60584, 1000, 0, 1000, 0, 0.58, 0.43, 0, 0, 0, 7
RAD, 60594, 206, 207, 100, 30, 45, 0, 0
RAD, 60594, 206, 207, 100, 30, 45, 0, 0
ATT, 60604, 0, -0.05, 0, -0.22, 88.1, 78.44, 0.01, 0.02
RCIN, 60604, 1503, 1503, 2016, 1506, 1504, 1504, 1504, 1503, 0, 0, 0, 0, 0, 0
GPS, 1, 0, 0, 0, 99.99, 0, 0, 0.58, -17, 0, 0, 0, 60683
CTUN, 60685, 1000, 0, 1000, 0, 0.58, 0.06, 0, 0, 0, 7
ATT, 60703, 0, -0.05, 0, -0.22, 88.1, 78.44, 0, 0.04
RCIN, 60703, 1503, 1503, 2016, 1505, 1504, 1504, 1504, 1503, 0, 0, 0, 0, 0, 0
CTUN, 60784, 1000, 0, 1000, 0, 0.55, 1.08, 0, 0, 0, 6
ATT, 60803, 0, -0.04, 0, -0.22, 88.1, 78.43, 0, 0.04
RCIN, 60803, 1503, 1503, 2016, 1505, 1504, 1504, 1504, 1504, 0, 0, 0, 0, 0, 0
GPS, 1, 0, 0, 0, 99.99, 0, 0, 0.59, -17, 0, 0, 0, 60883
CTUN, 60885, 1000, 0, 1000, 0, 0.59, 0.32, 0, 0, 0, 8
ATT, 60903, 0, -0.05, 0, -0.22, 88.1, 78.45, 0, 0
RCIN, 60903, 1503, 1503, 2016, 1505, 1504, 1504, 1504, 1503, 0, 0, 0, 0, 0, 0
CTUN, 60984, 1000, 0, 1000, 0, 0.59, 0.45, 0, 0, 0, 7
ATT, 61003, 0, -0.05, 0, -0.22, 88.1, 78.45, 0, 0.03
RCIN, 61003, 1503, 1503, 2016, 1504, 1504, 1504, 1504, 1503, 0, 0, 0, 0, 0, 0
GPS, 1, 0, 0, 0, 99.99, 0, 0, 0.59, -17, 0, 0, 0, 61084
CTUN, 61085, 999, 0, 1000, 0, 0.59, 0.55, 0, 0, 0, 7
ATT, 61103, 0, -0.05, 0, -0.21, 88.1, 78.45, 0, 0.03
RCIN, 61103, 1503, 1503, 2016, 1504, 1504, 1504, 1504, 1503, 0, 0, 0, 0, 0, 0
CTUN, 61184, 1000, 0, 1000, 0, 0.59, 0.33, 0, 0, 0, 8
ATT, 61203, 0, -0.05, 0, -0.22, 88.1, 78.43, 0, 0.09
RCIN, 61203, 1503, 1503, 2016, 1504, 1503, 1504, 1504, 1503, 0, 0, 0, 0, 0, 0
GPS, 1, 0, 0, 0, 99.99, 0, 0, 0.59, -17, 0, 0, 0, 61284
CTUN, 61285, 999, 0, 1000, 0, 0.59, 0.67, 0, 0, 0, 7
ATT, 61303, 0, -0.05, 0, -0.22, 88.1, 78.42, 0, 0.07
RCIN, 61303, 1503, 1503, 2016, 1505, 1503, 1504, 1504, 1503, 0, 0, 0, 0, 0, 0
CTUN, 61385, 999, 0, 999, 0, 0.6, -0.05, 0, 0, 0, 7
ATT, 61403, 0, -0.05, 0, -0.22, 88.1, 78.44, 0, 0.07
RCIN, 61403, 1503, 1504, 2015, 1505, 1504, 1504, 1504, 1503, 0, 0, 0, 0, 0, 0
GPS, 1, 0, 0, 0, 99.99, 0, 0, 0.57, -17, 0, 0, 0, 61484
CTUN, 61493, 999, 0, 1000, 0, 0.57, 0.34, 0, 0, 0, 7
ATT, 61503, 0, -0.06, 0, -0.21, 88.1, 78.42, 0, 0
RCIN, 61503, 1503, 1503, 2015, 1505, 1504, 1504, 1504, 1503, 0, 0, 0, 0, 0, 0
DU32, 7, 150392
CURR, 61543, 1000, 308687, 0, 0, 4712, 0
CTUN, 61593, 1000, 0, 1000, 0, 0.56, 0.86, 0, 0, 0, 7
ATT, 61603, 0, -0.05, 0, -0.22, 88.1, 78.43, 0, 0.02
RCIN, 61603, 1503, 1503, 2016, 1504, 1504, 1504, 1504, 1503, 0, 0, 0, 0, 0, 0
RAD, 61653, 206, 207, 100, 25, 50, 0, 0
RAD, 61654, 206, 207, 100, 25, 50, 0, 0
GPS, 1, 0, 0, 0, 99.99, 0, 0, 0.58, -17, 0, 0, 0, 61684
CTUN, 61693, 1000, 0, 1000, 0, 0.58, 0.41, 0, 0, 0, 7
ATT, 61703, 0, -0.06, 0, -0.22, 88.1, 78.45, 0, 0.09
RCIN, 61703, 1503, 1503, 2016, 1504, 1504, 1504, 1504, 1503, 0, 0, 0, 0, 0, 0
CTUN, 61793, 1000, 0, 1000, 0, 0.58, 0.05, 0, 0, 0, 8
ATT, 61803, 0, -0.06, 0, -0.22, 88.1, 78.48, 0, 0.06
RCIN, 61803, 1503, 1504, 2015, 1504, 1504, 1504, 1504, 1503, 0, 0, 0, 0, 0, 0
GPS, 1, 0, 0, 0, 99.99, 0, 0, 0.56, -17, 0, 0, 0, 61884
CTUN, 61893, 1000, 0, 1000, 0, 0.56, 0.75, 0, 0, 0, 7
ATT, 61903, 0, -0.05, 0, -0.22, 88.1, 78.47, 0, 0.04
RCIN, 61903, 1503, 1503, 2016, 1504, 1504, 1504, 1504, 1504, 0, 0, 0, 0, 0, 0
CTUN, 61993, 1000, 0, 1000, 0, 0.58, 1.19, 0, 0, 0, 7
ATT, 62003, 0, -0.05, 0, -0.22, 88.1, 78.47, 0, 0.1
RCIN, 62003, 1503, 1503, 2016, 1506, 1504, 1504, 1504, 1503, 0, 0, 0, 0, 0, 0
GPS, 1, 0, 0, 0, 99.99, 0, 0, 0.62, -17, 0, 0, 0, 62085
CTUN, 62094, 1000, 0, 1000, 0, 0.62, 0.12, 0, 0, 0, 8
ATT, 62103, 0, -0.04, 0, -0.22, 88.1, 78.5, 0, 0.04
RCIN, 62103, 1503, 1503, 2016, 1505, 1504, 1504, 1504, 1503, 0, 0, 0, 0, 0, 0
CTUN, 62193, 1000, 0, 1000, 0, 0.61, -0.17, 0, 0, 0, 7
ATT, 62203, 0, -0.04, 0, -0.22, 88.1, 78.49, 0, 0.03
RCIN, 62203, 1503, 1503, 2016, 1505, 1504, 1504, 1504, 1503, 0, 0, 0, 0, 0, 0
GPS, 1, 0, 0, 0, 99.99, 0, 0, 0.57, -17, 0, 0, 0, 62284
CTUN, 62294, 999, 0, 999, 0, 0.57, 0.88, 0, 0, 0, 7
ATT, 62303, 0, -0.04, 0, -0.22, 88.1, 78.49, 0, 0.09
RCIN, 62304, 1503, 1503, 2016, 1504, 1504, 1504, 1504, 1503, 0, 0, 0, 0, 0, 0
CTUN, 62393, 999, 0, 999, 0, 0.59, -0.04, 0, 0, 0, 8
ATT, 62404, 0, -0.04, 0, -0.22, 88.1, 78.52, 0, 0.07
RCIN, 62404, 1503, 1504, 2015, 1504, 1504, 1504, 1504, 1503, 0, 0, 0, 0, 0, 0
GPS, 1, 0, 0, 0, 99.99, 0, 0, 0.56, -17, 0, 0, 0, 62484
CTUN, 62493, 1000, 0, 1000, 0, 0.56, 0.96, 0, 0, 0, 7
ATT, 62505, 0, -0.03, 0, -0.21, 88.1, 78.51, 0, 0.03
RCIN, 62505, 1503, 1503, 2016, 1505, 1503, 1504, 1504, 1503, 0, 0, 0, 0, 0, 0
DU32, 7, 150392
CURR, 62544, 1000, 318686, 0, 0, 4712, 0
CTUN, 62594, 1000, 0, 1000, 0, 0.59, 1.28, 0, 0, 0, 7
RAD, 62604, 206, 207, 97, 23, 48, 0, 0
RAD, 62604, 206, 207, 97, 23, 48, 0, 0
ATT, 62605, 0, -0.04, 0, -0.22, 88.1, 78.53, 0, 0.08
RCIN, 62605, 1503, 1503, 2016, 1504, 1504, 1504, 1504, 1503, 0, 0, 0, 0, 0, 0
GPS, 1, 0, 0, 0, 99.99, 0, 0, 0.64, -17, 0, 0, 0, 62684
CTUN, 62693, 999, 0, 999, 0, 0.64, 1.36, 0, 0, 0, 8
ATT, 62705, 0, -0.05, 0, -0.22, 88.1, 78.57, 0, 0.01
RCIN, 62705, 1503, 1503, 2016, 1504, 1504, 1504, 1504, 1503, 0, 0, 0, 0, 0, 0
CTUN, 62793, 1000, 0, 999, 0, 0.69, 0.05, 0, 0, 0, 9
ATT, 62803, 0, -0.04, 0, -0.22, 88.1, 78.58, 0, 0.02
RCIN, 62804, 1502, 1503, 2016, 1505, 1504, 1504, 1504, 1503, 0, 0, 0, 0, 0, 0
GPS, 1, 0, 0, 0, 99.99, 0, 0, 0.67, -17, 0, 0, 0, 62884
CTUN, 62893, 1000, 0, 1000, 0, 0.67, 0.22, 0, 0, 0, 9
ATT, 62903, 0, -0.04, 0, -0.22, 88.1, 78.57, 0, 0.1
RCIN, 62904, 1503, 1503, 2016, 1506, 1504, 1504, 1504, 1503, 0, 0, 0, 0, 0, 0
CTUN, 62993, 1000, 0, 1000, 0, 0.65, 0.31, 0, 0, 0, 9
ATT, 63004, 0, -0.04, 0, -0.22, 88.1, 78.54, 0, 0.02
RCIN, 63005, 1503, 1503, 2016, 1504, 1504, 1503, 1504, 1503, 0, 0, 0, 0, 0, 0
GPS, 1, 0, 0, 0, 99.99, 0, 0, 0.64, -17, 0, 0, 0, 63084
CTUN, 63093, 999, 0, 1000, 0, 0.64, 0.89, 0, 0, 0, 8
ATT, 63104, 0, -0.03, 0, -0.22, 88.1, 78.54, 0, 0
RCIN, 63104, 1503, 1504, 2015, 1505, 1503, 1504, 1504, 1503, 0, 0, 0, 0, 0, 0
CTUN, 63193, 999, 0, 999, 0, 0.66, 0.87, 0, 0, 0, 9
ATT, 63204, 0, -0.03, 0, -0.22, 88.1, 78.55, 0, 0.11
RCIN, 63204, 1503, 1504, 2015, 1505, 1504, 1504, 1504, 1503, 0, 0, 0, 0, 0, 0
GPS, 1, 0, 0, 0, 99.99, 0, 0, 0.69, -17, 0, 0, 0, 63284
CTUN, 63293, 1000, 0, 1000, 0, 0.69, 0.25, 0, 0, 0, 9
ATT, 63303, 0, -0.03, 0, -0.22, 88.1, 78.59, 0, 0.06
RCIN, 63304, 1503, 1503, 2016, 1504, 1504, 1504, 1504, 1503, 0, 0, 0, 0, 0, 0
CTUN, 63393, 999, 0, 999, 0, 0.67, 0.5, 0, 0, 0, 9
ATT, 63404, 0, -0.03, 0, -0.22, 88.1, 78.62, 0.01, 0
RCIN, 63404, 1503, 1503, 2016, 1506, 1504, 1504, 1503, 1503, 0, 0, 0, 0, 0, 0
GPS, 1, 0, 0, 0, 99.99, 0, 0, 0.67, -17, 0, 0, 0, 63484
CTUN, 63493, 1000, 0, 1000, 0, 0.67, 0.02, 0, 0, 0, 9
ATT, 63503, 0, -0.04, 0, -0.21, 88.1, 78.61, 0.01, 0.09
RCIN, 63503, 1503, 1503, 2016, 1504, 1504, 1504, 1504, 1503, 0, 0, 0, 0, 0, 0
DU32, 7, 150392
CURR, 63543, 1000, 328683, 0, 0, 4712, 0
CTUN, 63593, 1000, 0, 1000, 0, 0.65, 0.33, 0, 0, 0, 8
ATT, 63604, 0, -0.04, 0, -0.21, 88.1, 78.59, 0, 0.06
RCIN, 63605, 1503, 1504, 2015, 1504, 1504, 1504, 1504, 1503, 0, 0, 0, 0, 0, 0
RAD, 63633, 206, 207, 91, 26, 49, 0, 0
RAD, 63634, 206, 207, 91, 26, 49, 0, 0
GPS, 1, 0, 0, 0, 99.99, 0, 0, 0.63, -17, 0, 0, 0, 63684
CTUN, 63693, 1000, 0, 1000, 0, 0.63, 1.03, 0, 0, 0, 8
ATT, 63703, 0, -0.04, 0, -0.21, 88.1, 78.58, 0, 0.14
RCIN, 63703, 1503, 1503, 2016, 1504, 1504, 1504, 1504, 1503, 0, 0, 0, 0, 0, 0
CTUN, 63793, 1000, 0, 1000, 0, 0.66, 0.02, 0, 0, 0, 9
ATT, 63803, 0, -0.05, 0, -0.21, 88.1, 78.62, 0, 0.06
RCIN, 63804, 1503, 1503, 2016, 1506, 1504, 1504, 1504, 1504, 0, 0, 0, 0, 0, 0
GPS, 1, 0, 0, 0, 99.99, 0, 0, 0.64, -17, 0, 0, 0, 63884
CTUN, 63893, 1000, 0, 1000, 0, 0.64, 1.4, 0, 0, 0, 8
ATT, 63903, 0, -0.04, 0, -0.21, 88.1, 78.61, 0, 0.07
RCIN, 63904, 1503, 1503, 2016, 1504, 1504, 1504, 1504, 1503, 0, 0, 0, 0, 0, 0
CTUN, 63993, 1000, 0, 1000, 0, 0.69, 0.18, 0, 0, 0, 8
ATT, 64003, 0, -0.04, 0, -0.21, 88.1, 78.64, 0, 0
RCIN, 64003, 1503, 1503, 2016, 1505, 1504, 1504, 1504, 1503, 0, 0, 0, 0, 0, 0
GPS, 1, 0, 0, 0, 99.99, 0, 0, 0.67, -17, 0, 0, 0, 64084
CTUN, 64093, 1000, 0, 1000, 0, 0.67, 0.31, 0, 0, 0, 9
ATT, 64103, 0, -0.04, 0, -0.21, 88.1, 78.64, 0, 0
RCIN, 64104, 1503, 1503, 2016, 1505, 1504, 1504, 1504, 1504, 0, 0, 0, 0, 0, 0
CTUN, 64193, 999, 0, 1000, 0, 0.66, 0.21, 0, 0, 0, 7
ATT, 64203, 0, -0.03, 0, -0.21, 88.1, 78.64, 0, 0.06
RCIN, 64204, 1503, 1504, 2015, 1504, 1504, 1504, 1504, 1503, 0, 0, 0, 0, 0, 0
GPS, 1, 0, 0, 0, 99.99, 0, 0, 0.64, -17, 0, 0, 0, 64284
CTUN, 64293, 1000, 0, 1000, 0, 0.64, 0.35, 0, 0, 0, 7
ATT, 64303, 0, -0.03, 0, -0.21, 88.1, 78.62, 0, 0.03
RCIN, 64304, 1503, 1504, 2016, 1505, 1504, 1504, 1504, 1504, 0, 0, 0, 0, 0, 0
CTUN, 64393, 1000, 0, 1000, 0, 0.63, 0.76, 0, 0, 0, 7
ATT, 64403, 0, -0.03, 0, -0.21, 88.1, 78.62, 0, 0.07
RCIN, 64404, 1503, 1503, 2016, 1505, 1504, 1504, 1504, 1504, 0, 0, 0, 0, 0, 0
GPS, 1, 0, 0, 0, 99.99, 0, 0, 0.65, -17, 0, 0, 0, 64484
CTUN, 64493, 999, 0, 999, 0, 0.65, 0.1, 0, 0, 0, 7
ATT, 64503, 0, -0.02, 0, -0.2, 88.1, 78.65, 0, 0.06
RCIN, 64503, 1503, 1503, 2016, 1505, 1503, 1504, 1504, 1503, 0, 0, 0, 0, 0, 0
DU32, 7, 150392
CURR, 64543, 1000, 338681, 0, 0, 4712, 0
CTUN, 64593, 1000, 0, 1000, 0, 0.63, 0.23, 0, 0, 0, 7
ATT, 64603, 0, -0.03, 0, -0.2, 88.1, 78.63, 0.01, 0.05
RCIN, 64604, 1503, 1503, 2016, 1504, 1504, 1504, 1504, 1503, 0, 0, 0, 0, 0, 0
RAD, 64633, 206, 207, 98, 27, 51, 0, 0
RAD, 64634, 206, 207, 98, 27, 51, 0, 0
GPS, 1, 0, 0, 0, 99.99, 0, 0, 0.61, -17, 0, 0, 0, 64684
CTUN, 64693, 1000, 0, 1000, 0, 0.61, 1.66, 0, 0, 0, 7
ATT, 64704, 0, -0.03, 0, -0.2, 88.1, 78.62, 0.01, 0.03
RCIN, 64704, 1503, 1503, 2016, 1505, 1503, 1504, 1504, 1503, 0, 0, 0, 0, 0, 0
CTUN, 64793, 1000, 0, 1000, 0, 0.67, 0.2, 0, 0, 0, 7
ATT, 64804, 0, -0.03, 0, -0.2, 88.1, 78.63, 0, 0.05
RCIN, 64804, 1503, 1503, 2016, 1505, 1504, 1504, 1504, 1503, 0, 0, 0, 0, 0, 0
GPS, 1, 0, 0, 0, 99.99, 0, 0, 0.66, -17, 0, 0, 0, 64884
CTUN, 64893, 1000, 0, 1000, 0, 0.66, 0.07, 0, 0, 0, 8
ATT, 64904, 0, -0.03, 0, -0.2, 88.1, 78.62, 0, 0.03
RCIN, 64904, 1503, 1503, 2016, 1504, 1504, 1504, 1504, 1503, 0, 0, 0, 0, 0, 0
CTUN, 64993, 999, 0, 999, 0, 0.63, 0.78, 0, 0, 0, 7
ATT, 65003, 0, -0.04, 0, -0.2, 88.1, 78.61, 0, 0.04
RCIN, 65004, 1503, 1503, 2016, 1504, 1504, 1504, 1504, 1503, 0, 0, 0, 0, 0, 0
GPS, 1, 0, 0, 0, 99.99, 0, 0, 0.65, -17, 0, 0, 0, 65084
CTUN, 65093, 1000, 0, 1000, 0, 0.65, 0.46, 0, 0, 0, 7
ATT, 65104, 0, -0.03, 0, -0.2, 88.1, 78.6, 0, 0.03
RCIN, 65104, 1503, 1503, 2016, 1504, 1504, 1504, 1504, 1504, 0, 0, 0, 0, 0, 0
CTUN, 65193, 1000, 0, 1000, 0, 0.65, 0.66, 0, 0, 0, 7
ATT, 65204, 0, -0.03, 0, -0.2, 88.1, 78.62, 0, 0
RCIN, 65204, 1503, 1503, 2016, 1530, 1504, 1504, 1504, 1503, 0, 0, 0, 0, 0, 0
GPS, 1, 0, 0, 0, 99.99, 0, 0, 0.65, -17, 0, 0, 0, 65284
CTUN, 65293, 999, 0, 1000, 0, 0.65, -0.02, 0, 0, 0, 7
ATT, 65304, 0, -0.03, 0, -0.2, 88.1, 78.61, 0, 0.09
RCIN, 65304, 1503, 1504, 2015, 1511, 1504, 1504, 1504, 1503, 0, 0, 0, 0, 0, 0
CTUN, 65393, 1000, 0, 1000, 0, 0.62, 0.05, 0, 0, 0, 6
ATT, 65404, 0, -0.03, 0, -0.2, 88.1, 78.58, 0, 0
RCIN, 65404, 1503, 1504, 2015, 1526, 1504, 1504, 1504, 1504, 0, 0, 0, 0, 0, 0
GPS, 1, 0, 0, 0, 99.99, 0, 0, 0.6, -17, 0, 0, 0, 65484
CTUN, 65493, 935, 0, 961, 0, 0.6, 0.2, 0, 0, 0, 6
ATT, 65503, 0, -0.02, 0, -0.2, 88.1, 78.58, 0, 0.05
RCIN, 65504, 1503, 1503, 1942, 1524, 1504, 1504, 1504, 1504, 0, 0, 0, 0, 0, 0
DU32, 7, 150392
CURR, 65544, 848, 348678, 0, 0, 4732, 0
CTUN, 65593, 793, 0, 793, 0, 0.58, 0.04, 0, 0, 0, 6
ATT, 65604, 0, -0.02, 0, -0.2, 88.67, 78.57, 0, 0.02
RCIN, 65604, 1503, 1503, 1780, 1570, 1504, 1504, 1504, 1504, 0, 0, 0, 0, 0, 0
GPS, 1, 0, 0, 0, 99.99, 0, 0, 0.55, -17, 0, 0, 0, 65684
CTUN, 65693, 792, 0, 792, 0, 0.55, 0.34, 0, 0, 0, 5
ATT, 65704, 0, -0.02, 0, -0.2, 88.73, 78.57, 0, 0
RCIN, 65704, 1503, 1502, 1778, 1582, 1504, 1504, 1504, 1504, 0, 0, 0, 0, 0, 0
CTUN, 65793, 791, 0, 791, 0, 0.54, 0.3, 0, 0, 0, 5
ATT, 65805, 0, -0.02, 0, -0.2, 88.64, 78.56, 0, 0.05
RCIN, 65805, 1503, 1503, 1777, 1549, 1504, 1504, 1504, 1503, 0, 0, 0, 0, 0, 0
RAD, 65853, 206, 207, 81, 27, 47, 0, 0
RAD, 65854, 206, 207, 81, 27, 47, 0, 0
GPS, 1, 0, 0, 0, 99.99, 0, 0, 0.54, -17, 0, 0, 0, 65884
CTUN, 65893, 790, 0, 790, 0, 0.54, 1.08, 0, 0, 0, 4
ATT, 65903, 0, -0.03, 0, -0.2, 88.55, 78.56, 0, 0.12
RCIN, 65904, 1503, 1503, 1753, 1518, 1504, 1504, 1504, 1503, 0, 0, 0, 0, 0, 0
CTUN, 65993, 672, 0, 696, 0, 0.57, 1.02, 0, 0, 0, 5
ATT, 66003, 0, -0.03, 0, -0.19, 88.55, 78.62, 0, 0.14
RCIN, 66004, 1503, 1503, 1641, 1505, 1504, 1504, 1504, 1504, 0, 0, 0, 0, 0, 0
GPS, 1, 0, 0, 0, 99.99, 0, 0, 0.6, -17, 0, 0, 0, 66084
CTUN, 66093, 670, 0, 670, 0, 0.6, 1.36, 0, 0, 0, 6
ATT, 66103, 0, -0.03, 0, -0.19, 88.55, 78.67, 0, 0.04
RCIN, 66104, 1503, 1502, 1640, 1506, 1504, 1504, 1504, 1503, 0, 0, 0, 0, 0, 0
CTUN, 66193, 670, 0, 670, 0, 0.65, 0.51, 0, 0, 0, 7
ATT, 66203, 0, -0.03, 0, -0.2, 88.55, 78.68, 0, 0.06
RCIN, 66204, 1503, 1503, 1639, 1506, 1504, 1504, 1504, 1503, 0, 0, 0, 0, 0, 0
GPS, 1, 0, 0, 0, 99.99, 0, 0, 0.66, -17, 0, 0, 0, 66284
CTUN, 66293, 670, 0, 670, 0, 0.66, 0.33, 0, 0, 0, 7
ATT, 66303, 0, -0.03, 0, -0.19, 88.55, 78.66, 0, 0.07
RCIN, 66304, 1503, 1503, 1639, 1506, 1504, 1504, 1504, 1503, 0, 0, 0, 0, 0, 0
CTUN, 66395, 670, 0, 670, 0, 0.65, 0.22, 0, 0, 0, 6
ATT, 66405, 0, -0.02, 0, -0.19, 88.55, 78.64, 0, 0.02
RCIN, 66405, 1503, 1502, 1639, 1506, 1504, 1504, 1504, 1503, 0, 0, 0, 0, 0, 0
GPS, 1, 0, 0, 0, 99.99, 0, 0, 0.63, -17, 0, 0, 0, 66485
CTUN, 66494, 640, 0, 640, 0, 0.63, 0.39, 0, 0, 0, 6
ATT, 66503, 0, -0.02, 0, -0.19, 88.55, 78.63, 0, 0.07
RCIN, 66504, 1503, 1503, 1604, 1504, 1504, 1504, 1504, 1503, 0, 0, 0, 0, 0, 0
DU32, 7, 150392
CURR, 66544, 611, 355942, 0, 0, 4732, 0
PM, 5, 1000, 12203, 10, 0, 0, 0
CTUN, 66593, 611, 0, 611, 0, 0.62, 0.23, 0, 0, 0, 6
ATT, 66604, 0, -0.03, 0, -0.2, 88.55, 78.61, 0, 0.04
RCIN, 66605, 1503, 1503, 1571, 1505, 1504, 1504, 1504, 1504, 0, 0, 0, 0, 0, 0
GPS, 1, 0, 0, 0, 99.99, 0, 0, 0.61, -17, 0, 0, 0, 66684
CTUN, 66693, 611, 0, 611, 0, 0.61, 1.13, 0, 0, 0, 6
RAD, 66694, 206, 207, 100, 32, 50, 0, 0
RAD, 66695, 206, 207, 100, 32, 50, 0, 0
ATT, 66704, 0, -0.03, 0, -0.2, 88.55, 78.6, 0, 0.05
RCIN, 66704, 1503, 1503, 1571, 1505, 1503, 1504, 1504, 1503, 0, 0, 0, 0, 0, 0
CTUN, 66793, 611, 0, 611, 0, 0.64, 0.33, 0, 0, 0, 6
ATT, 66804, 0, -0.02, 0, -0.2, 88.55, 78.62, 0, 0.05
RCIN, 66804, 1503, 1503, 1571, 1504, 1504, 1504, 1504, 1503, 0, 0, 0, 0, 0, 0
GPS, 1, 0, 0, 0, 99.99, 0, 0, 0.63, -17, 0, 0, 0, 66884
CTUN, 66893, 611, 0, 611, 0, 0.63, 0.41, 0, 0, 0, 6
ATT, 66903, 0, -0.02, 0, -0.2, 88.55, 78.6, 0, 0.04
RCIN, 66904, 1503, 1503, 1571, 1504, 1504, 1504, 1504, 1503, 0, 0, 0, 0, 0, 0
CTUN, 66993, 565, 0, 565, 0, 0.63, 0.05, 0, 0, 0, 6
ATT, 67003, 0, -0.02, 0, -0.19, 88.55, 78.59, 0, 0.07
RCIN, 67004, 1503, 1502, 1503, 1503, 1504, 1504, 1504, 1503, 0, 0, 0, 0, 0, 0
GPS, 1, 0, 0, 0, 99.99, 0, 0, 0.6, -17, 0, 0, 0, 67084
CTUN, 67093, 551, 0, 551, 0, 0.6, 1.09, 0, 0, 0, 5
ATT, 67103, 0, -0.02, 0, -0.2, 88.55, 78.58, 0, 0.02
RCIN, 67104, 1503, 1503, 1503, 1504, 1503, 1504, 1504, 1503, 0, 0, 0, 0, 0, 0
CTUN, 67193, 551, 0, 551, 0, 0.63, 0.58, 0, 0, 0, 6
ATT, 67203, 0, -0.02, 0, -0.2, 88.55, 78.6, 0, 0.03
RCIN, 67204, 1503, 1504, 1503, 1504, 1504, 1504, 1504, 1503, 0, 0, 0, 0, 0, 0
GPS, 1, 0, 0, 0, 99.99, 0, 0, 0.64, -17, 0, 0, 0, 67284
CTUN, 67293, 550, 0, 551, 0, 0.64, -0.01, 0, 0, 0, 6
ATT, 67303, 0, -0.02, 0, -0.19, 88.55, 78.61, 0, 0
RCIN, 67304, 1503, 1503, 1501, 1504, 1504, 1504, 1504, 1503, 0, 0, 0, 0, 0, 0
CTUN, 67393, 522, 0, 522, 0, 0.61, 0.34, 0, 0, 0, 5
ATT, 67403, 0, -0.02, 0, -0.2, 88.55, 78.6, 0, 0.1
RCIN, 67404, 1503, 1503, 1469, 1504, 1503, 1504, 1504, 1503, 0, 0, 0, 0, 0, 0
GPS, 1, 0, 0, 0, 99.99, 0, 0, 0.6, -17, 0, 0, 0, 67484
CTUN, 67493, 522, 0, 523, 0, 0.6, 0.28, 0, 0, 0, 5
ATT, 67504, 0, -0.02, 0, -0.19, 88.55, 78.57, 0, 0.06
RCIN, 67504, 1503, 1503, 1469, 1504, 1504, 1504, 1504, 1503, 0, 0, 0, 0, 0, 0
DU32, 7, 150392
CURR, 67544, 522, 361674, 0, 0, 4732, 0
CTUN, 67593, 522, 0, 522, 0, 0.58, -0.04, 0, 0, 0, 5
ATT, 67604, 0, -0.03, 0, -0.19, 88.55, 78.55, 0, 0.03
RCIN, 67604, 1502, 1503, 1470, 1504, 1504, 1504, 1504, 1504, 0, 0, 0, 0, 0, 0
RAD, 67653, 206, 207, 89, 21, 39, 0, 0
RAD, 67654, 206, 207, 89, 21, 39, 0, 0
GPS, 1, 0, 0, 0, 99.99, 0, 0, 0.55, -17, 0, 0, 0, 67684
CTUN, 67693, 522, 0, 522, 0, 0.55, 1.37, 0, 0, 0, 4
ATT, 67703, 0, -0.02, 0, -0.19, 88.55, 78.55, 0, 0.06
RCIN, 67704, 1503, 1503, 1469, 1505, 1504, 1504, 1504, 1503, 0, 0, 0, 0, 0, 0
CTUN, 67793, 522, 0, 523, 0, 0.6, 0.21, 0, 0, 0, 5
ATT, 67803, 0, -0.03, 0, -0.19, 88.55, 78.58, 0, 0
RCIN, 67804, 1503, 1504, 1469, 1504, 1504, 1504, 1504, 1504, 0, 0, 0, 0, 0, 0
GPS, 1, 0, 0, 0, 99.99, 0, 0, 0.59, -17, 0, 0, 0, 67884
CTUN, 67893, 522, 0, 522, 0, 0.59, 0.29, 0, 0, 0, 5
ATT, 67904, 0, -0.02, 0, -0.19, 88.55, 78.58, 0, 0.02
RCIN, 67904, 1503, 1504, 1469, 1504, 1504, 1504, 1504, 1504, 0, 0, 0, 0, 0, 0
CTUN, 67993, 523, 0, 523, 0, 0.58, 0.5, 0, 0, 0, 5
ATT, 68004, 0, -0.03, 0, -0.19, 88.55, 78.57, 0, 0
RCIN, 68004, 1503, 1503, 1470, 1504, 1504, 1504, 1504, 1503, 0, 0, 0, 0, 0, 0
GPS, 1, 0, 0, 0, 99.99, 0, 0, 0.58, -17, 0, 0, 0, 68084
CTUN, 68093, 523, 0, 523, 0, 0.58, 0.12, 0, 0, 0, 5
ATT, 68103, 0, -0.03, 0, -0.2, 88.55, 78.56, 0, 0.09
RCIN, 68104, 1503, 1503, 1469, 1505, 1503, 1504, 1504, 1503, 0, 0, 0, 0, 0, 0
CTUN, 68193, 522, 0, 522, 0, 0.56, 1.02, 0, 0, 0, 4
ATT, 68204, 0, -0.02, 0, -0.19, 88.54, 78.55, 0, 0.12
RCIN, 68204, 1503, 1502, 1469, 1505, 1504, 1504, 1504, 1503, 0, 0, 0, 0, 0, 0
GPS, 1, 0, 0, 0, 99.99, 0, 0, 0.58, -17, 0, 0, 0, 68284
CTUN, 68293, 523, 0, 523, 0, 0.58, 1.15, 0, 0, 0, 5
ATT, 68303, 0, -0.03, 0, -0.2, 88.54, 78.61, 0, 0.13
RCIN, 68304, 1503, 1503, 1469, 1505, 1504, 1504, 1504, 1503, 0, 0, 0, 0, 0, 0
CTUN, 68393, 454, 0, 458, 0, 0.62, -0.12, 0, 0, 0, 6
ATT, 68403, 0, -0.03, 0, -0.2, 88.54, 78.65, 0, 0.09
RCIN, 68403, 1503, 1503, 1359, 1504, 1504, 1504, 1504, 1503, 0, 0, 0, 0, 0, 0
GPS, 1, 0, 0, 0, 99.99, 0, 0, 0.59, -17, 0, 0, 0, 68484
CTUN, 68493, 425, 0, 425, 0, 0.59, 0.4, 0, 0, 0, 5
ATT, 68504, 0, -0.03, 0, -0.2, 88.54, 78.61, 0, 0.05
RCIN, 68504, 1503, 1503, 1358, 1504, 1504, 1504, 1504, 1503, 0, 0, 0, 0, 0, 0
DU32, 7, 150392
CURR, 68544, 425, 366770, 0, 0, 4693, 0
CTUN, 68593, 425, 0, 424, 0, 0.58, 0.31, 0, 0, 0, 5
ATT, 68604, 0, -0.03, 0, -0.2, 88.54, 78.59, 0, 0.08
RCIN, 68604, 1503, 1503, 1357, 1504, 1504, 1504, 1504, 1503, 0, 0, 0, 0, 0, 0
RAD, 68654, 206, 207, 94, 28, 51, 0, 0
RAD, 68655, 206, 207, 94, 28, 51, 0, 0
GPS, 1, 0, 0, 0, 99.99, 0, 0, 0.57, -17, 0, 0, 0, 68684
CTUN, 68693, 395, 0, 394, 0, 0.57, 0.75, 0, 0, 0, 5
ATT, 68704, 0, -0.04, 0, -0.2, 88.54, 78.57, 0, 0
RCIN, 68704, 1503, 1503, 1324, 1504, 1504, 1504, 1504, 1503, 0, 0, 0, 0, 0, 0
CTUN, 68793, 394, 0, 394, 0, 0.59, 0.49, 0, 0, 0, 5
ATT, 68804, 0, -0.03, 0, -0.2, 88.54, 78.57, 0, 0.04
RCIN, 68804, 1503, 1503, 1324, 1504, 1504, 1504, 1503, 1504, 0, 0, 0, 0, 0, 0
GPS, 1, 0, 0, 0, 99.99, 0, 0, 0.59, -17, 0, 0, 0, 68884
CTUN, 68893, 335, 0, 336, 0, 0.59, 0.53, 0, 0, 0, 5
ATT, 68903, 0, -0.03, 0, -0.2, 88.54, 78.58, 0, 0.1
RCIN, 68903, 1503, 1503, 1255, 1504, 1504, 1504, 1504, 1503, 0, 0, 0, 0, 0, 0
CTUN, 68993, 335, 0, 335, 0, 0.59, 1.11, 0, 0, 0, 5
ATT, 69003, 0, -0.03, 0, -0.2, 88.54, 78.56, 0, 0.07
RCIN, 69003, 1503, 1503, 1254, 1504, 1504, 1504, 1504, 1503, 0, 0, 0, 0, 0, 0
GPS, 1, 0, 0, 0, 99.99, 0, 0, 0.63, -17, 0, 0, 0, 69084
CTUN, 69093, 334, 0, 333, 0, 0.63, 0.07, 0, 0, 0, 6
ATT, 69103, 0, -0.03, 0, -0.2, 88.54, 78.58, 0, 0.02
RCIN, 69104, 1503, 1502, 1254, 1504, 1504, 1504, 1504, 1503, 0, 0, 0, 0, 0, 0
CTUN, 69193, 334, 0, 334, 0, 0.61, 1.3, 0, 0, 0, 5
ATT, 69203, 0, -0.04, 0, -0.2, 88.54, 78.58, 0, 0.06
RCIN, 69203, 1503, 1503, 1253, 1504, 1504, 1504, 1504, 1504, 0, 0, 0, 0, 0, 0
GPS, 1, 0, 0, 0, 99.99, 0, 0, 0.65, -17, 0, 0, 0, 69285
CTUN, 69294, 332, 0, 333, 0, 0.65, 0.74, 0, 0, 0, 6
ATT, 69303, 0, -0.03, 0, -0.2, 88.54, 78.6, 0, 0
RCIN, 69304, 1503, 1503, 1253, 1504, 1503, 1504, 1504, 1503, 0, 0, 0, 0, 0, 0
CTUN, 69393, 333, 0, 333, 0, 0.66, 0.1, 0, 0, 0, 7
ATT, 69404, 0, -0.03, 0, -0.2, 88.54, 78.6, 0, 0.07
RCIN, 69404, 1503, 1503, 1253, 1504, 1504, 1504, 1504, 1504, 0, 0, 0, 0, 0, 0
GPS, 1, 0, 0, 0, 99.99, 0, 0, 0.64, -17, 0, 0, 0, 69493
CTUN, 69494, 333, 0, 333, 0, 0.64, 0.52, 0, 0, 0, 6
ATT, 69504, 0, -0.03, 0, -0.2, 88.54, 78.57, 0, 0.02
RCIN, 69504, 1503, 1503, 1253, 1504, 1504, 1504, 1504, 1503, 0, 0, 0, 0, 0, 0
DU32, 7, 150392
CURR, 69544, 333, 370341, 0, 0, 4693, 0
CTUN, 69593, 333, 0, 333, 0, 0.64, 0.76, 0, 0, 0, 6
ATT, 69604, 0, -0.03, 0, -0.2, 88.54, 78.56, 0, 0.06
RCIN, 69604, 1503, 1503, 1253, 1503, 1504, 1504, 1504, 1503, 0, 0, 0, 0, 0, 0
RAD, 69623, 206, 207, 98, 22, 45, 0, 0
RAD, 69624, 206, 207, 98, 22, 45, 0, 0
GPS, 1, 0, 0, 0, 99.99, 0, 0, 0.65, -17, 0, 0, 0, 69694
CTUN, 69695, 333, 0, 333, 0, 0.65, 0.95, 0, 0, 0, 6
ATT, 69704, 0, -0.03, 0, -0.2, 88.54, 78.54, 0, 0.01
RCIN, 69705, 1503, 1503, 1253, 1504, 1504, 1504, 1503, 1504, 0, 0, 0, 0, 0, 0
CTUN, 69794, 333, 0, 333, 0, 0.68, 0.13, 0, 0, 0, 7
ATT, 69804, 0, -0.03, 0, -0.2, 88.54, 78.54, 0, 0.1
RCIN, 69804, 1503, 1503, 1253, 1504, 1503, 1504, 1504, 1503, 0, 0, 0, 0, 0, 0
GPS, 1, 0, 0, 0, 99.99, 0, 0, 0.65, -17, 0, 0, 0, 69893
CTUN, 69894, 333, 0, 333, 0, 0.65, -0.03, 0, 0, 0, 6
ATT, 69905, 0, -0.03, 0, -0.2, 88.5, 78.5, 0, 0.03
RCIN, 69905, 1503, 1503, 1253, 1504, 1504, 1504, 1504, 1503, 0, 0, 0, 0, 0, 0
CTUN, 69994, 333, 0, 332, 0, 0.62, 0.05, 0, 0, 0, 5
ATT, 70004, 0, -0.03, 0, -0.2, 88.48, 78.48, 0, 0.06
RCIN, 70004, 1503, 1503, 1253, 1504, 1504, 1504, 1504, 1504, 0, 0, 0, 0, 0, 0
GPS, 1, 0, 0, 0, 99.99, 0, 0, 0.59, -17, 0, 0, 0, 70093
CTUN, 70094, 333, 0, 333, 0, 0.59, 1.52, 0, 0, 0, 5
ATT, 70105, 0, -0.03, 0, -0.19, 88.46, 78.47, 0, 0
RCIN, 70105, 1503, 1504, 1253, 1504, 1504, 1504, 1504, 1503, 0, 0, 0, 0, 0, 0
CTUN, 70193, 300, 0, 310, 0, 0.64, 0.62, 0, 0, 0, 5
ATT, 70204, 0, -0.03, 0, -0.2, 88.46, 78.47, 0, 0.02
RCIN, 70204, 1503, 1503, 1215, 1503, 1504, 1504, 1504, 1503, 0, 0, 0, 0, 0, 0
GPS, 1, 0, 0, 0, 99.99, 0, 0, 0.65, -17, 0, 0, 0, 70293
CTUN, 70294, 267, 0, 267, 0, 0.65, 0.3, 0, 0, 0, 6
ATT, 70304, 0, -0.03, 0, -0.19, 88.46, 78.46, 0, 0.01
RCIN, 70304, 1503, 1502, 1177, 1503, 1504, 1504, 1504, 1503, 0, 0, 0, 0, 0, 0
CTUN, 70393, 267, 0, 267, 0, 0.64, 0.95, 0, 0, 0, 5
ATT, 70404, 0, -0.03, 0, -0.19, 88.46, 78.46, 0, 0.05
RCIN, 70404, 1503, 1503, 1177, 1504, 1504, 1504, 1504, 1503, 0, 0, 0, 0, 0, 0
GPS, 1, 0, 0, 0, 99.99, 0, 0, 0.66, -17, 0, 0, 0, 70493
CTUN, 70494, 266, 0, 267, 0, 0.66, 1.13, 0, 0, 0, 6
ATT, 70504, 0, -0.03, 0, -0.19, 88.45, 78.45, 0, 0.04
RCIN, 70504, 1503, 1503, 1176, 1504, 1504, 1504, 1504, 1503, 0, 0, 0, 0, 0, 0
DU32, 7, 150392
CURR, 70544, 267, 373467, 0, 0, 4732, 0
CTUN, 70593, 267, 0, 267, 0, 0.7, 0.25, 0, 0, 0, 6
RAD, 70604, 206, 207, 95, 25, 53, 0, 0
ATT, 70605, 0, -0.03, 0, -0.19, 88.45, 78.45, 0, 0.11
RCIN, 70605, 1503, 1503, 1163, 1504, 1504, 1504, 1504, 1503, 0, 0, 0, 0, 0, 0
RAD, 70624, 206, 207, 95, 25, 53, 0, 0
GPS, 1, 0, 0, 0, 99.99, 0, 0, 0.68, -17, 0, 0, 0, 70693
CTUN, 70694, 240, 0, 240, 0, 0.68, 0.72, 0, 0, 0, 6
ATT, 70704, 0, -0.03, 0, -0.19, 88.42, 78.43, 0, 0.11
RCIN, 70704, 1503, 1503, 1146, 1504, 1504, 1504, 1504, 1503, 0, 0, 0, 0, 0, 0
CTUN, 70793, 240, 0, 240, 0, 0.69, 0.41, 0, 0, 0, 6
ATT, 70804, 0, -0.03, 0, -0.19, 88.42, 78.48, 0, 0.01
RCIN, 70804, 1503, 1503, 1146, 1504, 1504, 1504, 1504, 1503, 0, 0, 0, 0, 0, 0
EV, 17
GPS, 1, 0, 0, 0, 99.99, 0, 0, 0.68, -17, 0, 0, 0, 70893
CTUN, 70894, 240, 0, 240, 0, 0.68, 0.45, 0, 0, 0, 6
ATT, 70905, 0, -0.03, 0, -0.19, 88.42, 78.48, 0, 0.08
RCIN, 70905, 1503, 1503, 1146, 1504, 1503, 1504, 1504, 1503, 0, 0, 0, 0, 0, 0
CTUN, 70994, 239, 0, 239, 0, 0.67, 0.64, 0, 0, 0, 5
ATT, 71004, 0, -0.03, 0, -0.19, 88.42, 78.45, 0, 0
RCIN, 71004, 1503, 1504, 1144, 1504, 1504, 1504, 1504, 1503, 0, 0, 0, 0, 0, 0
GPS, 1, 0, 0, 0, 99.99, 0, 0, 0.68, -17, 0, 0, 0, 71093
CTUN, 71094, 238, 0, 238, 0, 0.68, 0.25, 0, 0, 0, 5
ATT, 71104, 0, -0.03, 0, -0.19, 88.42, 78.45, 0, 0.02
RCIN, 71104, 1503, 1503, 1143, 1504, 1504, 1504, 1504, 1504, 0, 0, 0, 0, 0, 0
CTUN, 71194, 207, 0, 207, 0, 0.66, 0.57, 0, 0, 0, 5
ATT, 71204, 0, -0.03, 0, -0.19, 88.42, 78.43, 0, 0.06
RCIN, 71204, 1503, 1503, 1109, 1504, 1504, 1504, 1503, 1503, 0, 0, 0, 0, 0, 0
GPS, 1, 0, 0, 0, 99.99, 0, 0, 0.66, -17, 0, 0, 0, 71293
CTUN, 71294, 207, 0, 207, 0, 0.66, 1.2, 0, 0, 0, 5
ATT, 71303, 0, -0.03, 0, -0.19, 88.42, 78.42, 0, 0.07
RCIN, 71304, 1503, 1503, 1110, 1503, 1504, 1504, 1504, 1503, 0, 0, 0, 0, 0, 0
CTUN, 71393, 178, 0, 178, 0, 0.69, 0.15, 0, 0, 0, 6
ATT, 71403, 0, -0.03, 0, -0.19, 88.42, 78.44, 0, 0.1
RCIN, 71404, 1503, 1503, 1076, 1503, 1504, 1504, 1504, 1503, 0, 0, 0, 0, 0, 0
GPS, 1, 0, 0, 0, 99.99, 0, 0, 0.67, -17, 0, 0, 0, 71493
CTUN, 71494, 178, 0, 178, 0, 0.67, 0.32, 0, 0, 0, 5
ATT, 71504, 0, -0.03, 0, -0.19, 88.4, 78.4, 0, 0.06
RCIN, 71504, 1503, 1503, 1076, 1504, 1504, 1504, 1504, 1503, 0, 0, 0, 0, 0, 0
DU32, 7, 412536
CURR, 71545, 178, 375730, 0, 0, 4712, 0
CTUN, 71593, 178, 0, 178, 0, 0.66, 0.66, 0, 0, 0, 5
ATT, 71603, 0, -0.03, 0, -0.19, 88.38, 78.38, 0, 0.01
RCIN, 71604, 1503, 1503, 1076, 1504, 1504, 1503, 1504, 1504, 0, 0, 0, 0, 0, 0
EV, 18
GPS, 1, 0, 0, 0, 99.99, 0, 0, 0.66, -17, 0, 0, 0, 71693
CTUN, 71694, 178, 0, 178, 0, 0.66, 0.25, 0, 0, 0, 5
ATT, 71704, 0, -0.03, 0, -0.19, 88.38, 78.38, 0, 0.07
RCIN, 71704, 1503, 1503, 1076, 1504, 1503, 1504, 1504, 1503, 0, 0, 0, 0, 0, 0
RAD, 71753, 206, 207, 95, 27, 54, 0, 0
RAD, 71773, 206, 207, 95, 27, 54, 0, 0
CTUN, 71794, 150, 0, 159, 0, 0.65, 0.52, 0, 0, 0, 5
ATT, 71804, 0, -0.03, 0, -0.19, 88.36, 78.36, 0, 0.01
RCIN, 71804, 1503, 1503, 1044, 1504, 1504, 1504, 1504, 1503, 0, 0, 0, 0, 0, 0
GPS, 1, 0, 0, 0, 99.99, 0, 0, 0.64, -17, 0, 0, 0, 71893
CTUN, 71894, 150, 0, 150, 0, 0.64, 1.26, 0, 0, 0, 5
ATT, 71903, 0, -0.03, 0, -0.19, 88.36, 78.36, 0, 0.03
RCIN, 71904, 1503, 1503, 1044, 1504, 1504, 1504, 1504, 1503, 0, 0, 0, 0, 0, 0
CTUN, 71993, 0, 0, 149, 0, 0.68, 0.34, 0, 0, 0, 5
ATT, 72003, 0, -0.03, 0, -0.19, 78.36, 78.36, 0, 0.1
RCIN, 72004, 1503, 1502, 994, 1504, 1504, 1504, 1504, 1503, 0, 0, 0, 0, 0, 0
GPS, 1, 0, 0, 0, 99.99, 0, 0, 0.67, -17, 0, 0, 0, 72091
CTUN, 72093, 0, 0, 0, 0, 0.67, 0.4, 0, 0, 0, 5
ATT, 72102, 0, -0.03, 0, -0.19, 78.32, 78.32, 0, 0.07
RCIN, 72102, 1503, 1503, 992, 1504, 1504, 1504, 1504, 1504, 0, 0, 0, 0, 0, 0
CTUN, 72192, 0, 0, 0, 0, 0.66, 1.29, 0, 0, 0, 5
ATT, 72202, 0, -0.03, 0, -0.19, 78.3, 78.3, 0, 0.06
RCIN, 72202, 1503, 1503, 992, 1503, 1504, 1504, 1504, 1503, 0, 0, 0, 0, 0, 0
GPS, 1, 0, 0, 0, 99.99, 0, 0, 0.7, -17, 0, 0, 0, 72293
CTUN, 72294, 0, 0, 0, 0, 0.7, -0.02, 0, 0, 0, 6
ATT, 72304, 0, -0.03, 0, -0.19, 78.32, 78.32, 0, 0.11
RCIN, 72304, 1502, 1503, 991, 1504, 1504, 1504, 1504, 1503, 0, 0, 0, 0, 0, 0
CTUN, 72393, 0, 0, 0, 0, 0.67, 1.63, 0, 0, 0, 5
ATT, 72403, 0, -0.03, 0, -0.19, 78.28, 78.28, 0, 0.02
RCIN, 72403, 1503, 1503, 992, 1503, 1504, 1504, 1504, 1503, 0, 0, 0, 0, 0, 0
GPS, 1, 0, 0, 0, 99.99, 0, 0, 0.72, -17, 0, 0, 0, 72491
CTUN, 72493, 0, 0, 0, 0, 0.72, 1.17, 0, 0, 0, 6
ATT, 72502, 0, -0.03, 0, -0.19, 78.3, 78.3, 0, 0.07
RCIN, 72502, 1503, 1503, 992, 1503, 1504, 1504, 1504, 1503, 0, 0, 0, 0, 0, 0
DU32, 7, 936920
CURR, 72544, 0, 376564, 0, 0, 4693, 0
CTUN, 72593, 0, 0, 0, 0, 0.76, 0.14, 0, 0, 0, 7
ATT, 72603, 0, -0.03, 0, -0.19, 78.32, 78.32, 0, 0.1
RCIN, 72603, 1503, 1503, 1012, 1504, 1504, 1504, 1504, 1503, 0, 0, 0, 0, 0, 0
EV, 15
RAD, 72675, 206, 207, 92, 25, 52, 0, 0
GPS, 1, 0, 0, 0, 99.99, 0, 0, 0.74, -17, 0, 0, 0, 72694
CTUN, 72695, 186, 0, 186, 0, 0.74, 0.37, 0, 0, 0, 6
RAD, 72696, 206, 207, 92, 25, 52, 0, 0
ATT, 72705, 0, -0.03, 0, -0.19, 78.31, 78.28, 0, 0.05
RCIN, 72705, 1503, 1503, 1085, 1504, 1504, 1504, 1504, 1503, 0, 0, 0, 0, 0, 0
CTUN, 72796, 185, 0, 185, 0, 0.72, 1.03, 0, 0, 0, 6
ATT, 72806, 0, -0.03, 0, -0.19, 78.31, 78.28, 0, 0.1
RCIN, 72806, 1503, 1503, 1084, 1504, 1503, 1504, 1504, 1503, 0, 0, 0, 0, 0, 0
GPS, 1, 0, 0, 0, 99.99, 0, 0, 0.74, -17, 0, 0, 0, 72894
CTUN, 72895, 0, 0, 0, 0, 0.74, 0.09, 0, 0, 0, 6
ATT, 72904, 0, -0.03, 0, -0.19, 78.32, 78.32, 0, 0.02
RCIN, 72905, 1503, 1502, 992, 1504, 1504, 1504, 1504, 1503, 0, 0, 0, 0, 0, 0
CTUN, 72994, 0, 0, 0, 0, 0.72, 0.75, 0, 0, 0, 5
ATT, 73004, 0, -0.03, 0, -0.18, 78.34, 78.34, 0, 0.07
RCIN, 73004, 1503, 1503, 991, 1504, 1504, 1504, 1503, 1504, 0, 0, 0, 0, 0, 0
GPS, 1, 0, 0, 0, 99.99, 0, 0, 0.72, -17, 0, 0, 0, 73094
CTUN, 73095, 0, 0, 0, 0, 0.72, 0.03, 0, 0, 0, 6
ATT, 73105, 0, -0.03, 0, -0.18, 78.36, 78.36, 0, 0.06
RCIN, 73105, 1503, 1503, 991, 1493, 1504, 1504, 1504, 1503, 0, 0, 0, 0, 0, 0
CTUN, 73194, 0, 0, 0, 0, 0.69, 0.59, 0, 0, 0, 5
ATT, 73204, 0, -0.03, 0, -0.18, 78.34, 78.34, 0, 0.01
RCIN, 73204, 1503, 1504, 991, 1502, 1504, 1504, 1504, 1504, 0, 0, 0, 0, 0, 0
GPS, 1, 0, 0, 0, 99.99, 0, 0, 0.69, -17, 0, 0, 0, 73293
CTUN, 73295, 0, 0, 0, 0, 0.69, 0.93, 0, 0, 0, 5
ATT, 73304, 0, -0.03, 0, -0.18, 78.35, 78.35, 0, 0.05
RCIN, 73304, 1503, 1503, 992, 1506, 1504, 1504, 1504, 1503, 0, 0, 0, 0, 0, 0
CTUN, 73394, 0, 0, 0, 0, 0.7, 0.6, 0, 0, 0, 5
ATT, 73404, 0, -0.03, 0, -0.18, 78.36, 78.36, 0, 0.06
RCIN, 73405, 1503, 1503, 991, 1506, 1504, 1504, 1503, 1504, 0, 0, 0, 0, 0, 0
EV, 15
EV, 28
GPS, 1, 0, 0, 0, 99.99, 0, 0, 0.71, -17, 0, 0, 0, 73495
CTUN, 73496, 401, 0, 401, 0, 0.71, 0.96, 0, 0, 0, 5
ATT, 73506, 0, -0.03, 0, -0.18, 78.34, 78.34, 0, 0.07
RCIN, 73506, 1503, 1503, 1479, 1504, 1504, 1504, 1504, 1504, 0, 0, 0, 0, 0, 0
DU32, 7, 150392
CURR, 73546, 601, 377242, 0, 0, 4693, 0
CTUN, 73596, 1000, 0, 978, 0, 0.73, 1.47, 0, 0, 0, 5
RAD, 73597, 206, 207, 100, 27, 52, 0, 0
RAD, 73597, 206, 207, 100, 27, 52, 0, 0
ATT, 73606, 0, -0.03, 0, -0.18, 76.31, 78.37, 0, 0.04
RCIN, 73607, 1503, 1503, 2016, 1323, 1504, 1504, 1503, 1504, 0, 0, 0, 0, 0, 0
GPS, 1, 0, 0, 0, 99.99, 0, 0, 0.77, -17, 0, 0, 0, 73695
CTUN, 73696, 1000, 0, 1000, 0, 0.77, 0.01, 0, 0, 0, 6
ATT, 73706, 0, -0.03, 0, -0.18, 75, 78.41, 0, 0.22
RCIN, 73706, 1503, 1503, 2016, 1514, 1504, 1504, 1504, 1503, 0, 0, 0, 0, 0, 0
CTUN, 73795, 999, 0, 1000, 0, 0.74, 1.75, 0, 0, 0, 6
ATT, 73805, 0, -0.02, 0, -0.17, 75, 78.48, 0, 0.11
RCIN, 73806, 1503, 1503, 2016, 1512, 1504, 1504, 1504, 1503, 0, 0, 0, 0, 0, 0
GPS, 1, 0, 0, 0, 99.99, 0, 0, 0.8, -17, 0, 0, 0, 73895
CTUN, 73896, 1000, 0, 1000, 0, 0.8, 0.31, 0, 0, 0, 6
ATT, 73906, 0, -0.02, 0, -0.18, 75, 78.52, 0, 0.05
RCIN, 73906, 1503, 1503, 2016, 1508, 1504, 1504, 1504, 1503, 0, 0, 0, 0, 0, 0
CTUN, 73995, 752, 0, 752, 0, 0.79, 0.46, 0, 0, 0, 4
ATT, 74006, 0, -0.02, 0, -0.17, 75, 78.51, 0, 0.05
RCIN, 74006, 1503, 1502, 1553, 1554, 1503, 1504, 1504, 1504, 0, 0, 0, 0, 0, 0
GPS, 1, 0, 0, 0, 99.99, 0, 0, 0.77, -17, 0, 0, 0, 74093
CTUN, 74095, 0, 0, 0, 0, 0.77, 0.41, 0, 0, 0, 6
ATT, 74104, 0, -0.01, 0, -0.18, 78.52, 78.52, 0, 0.08
RCIN, 74104, 1503, 1504, 991, 1503, 1504, 1504, 1504, 1503, 0, 0, 0, 0, 0, 0
CTUN, 74194, 0, 0, 0, 0, 0.76, 0.33, 0, 0, 0, 6
ATT, 74204, 0, -0.02, 0, -0.17, 78.48, 78.48, 0, 0.07
RCIN, 74204, 1503, 1502, 991, 1504, 1504, 1504, 1504, 1504, 0, 0, 0, 0, 0, 0
GPS, 1, 0, 0, 0, 99.99, 0, 0, 0.74, -17, 0, 0, 0, 74295
CTUN, 74296, 385, 0, 156, 0, 0.74, 1.38, 0, 0, 0, 5
ATT, 74305, 0, -0.01, 0, -0.17, 78.45, 78.45, 0, 0.04
RCIN, 74306, 1503, 1503, 1312, 1509, 1504, 1504, 1504, 1504, 0, 0, 0, 0, 0, 0
CTUN, 74397, 999, 0, 999, 0, 0.78, 0.46, 0, 0, 0, 6
ATT, 74406, 0, -0.02, 0, -0.18, 77.37, 78.46, 0, 0.06
RCIN, 74406, 1503, 1504, 2015, 1485, 1504, 1504, 1504, 1503, 0, 0, 0, 0, 0, 0
GPS, 1, 0, 0, 0, 99.99, 0, 0, 0.77, -17, 0, 0, 0, 74495
CTUN, 74496, 999, 0, 999, 0, 0.77, 1.09, 0, 0, 0, 6
ATT, 74506, 0, -0.02, 0, -0.17, 77.37, 78.45, 0, 0.18
RCIN, 74506, 1503, 1503, 2015, 1508, 1503, 1504, 1504, 1503, 0, 0, 0, 0, 0, 0
DU32, 7, 150392
CURR, 74546, 1000, 383992, 0, 0, 4732, 0
CTUN, 74595, 1000, 0, 1000, 0, 0.8, 0.13, 0, 0, 0, 6
ATT, 74607, 0, -0.02, 0, -0.17, 77.37, 78.5, 0, 0.04
RCIN, 74607, 1503, 1503, 2016, 1508, 1504, 1504, 1504, 1503, 0, 0, 0, 0, 0, 0
RAD, 74626, 206, 207, 98, 27, 49, 0, 0
RAD, 74646, 206, 207, 98, 27, 49, 0, 0
GPS, 1, 0, 0, 0, 99.99, 0, 0, 0.77, -17, 0, 0, 0, 74695
CTUN, 74696, 1000, 0, 1000, 0, 0.77, 0.28, 0, 0, 0, 5
ATT, 74706, 0, -0.02, 0, -0.17, 77.37, 78.48, 0, 0.05
RCIN, 74706, 1503, 1503, 2016, 1508, 1504, 1504, 1504, 1503, 0, 0, 0, 0, 0, 0
CTUN, 74796, 700, 0, 700, 0, 0.75, 0.45, 0, 0, 0, 4
ATT, 74806, 0, -0.02, 0, -0.17, 77.61, 78.47, 0, 0.08
RCIN, 74806, 1503, 1503, 1385, 1602, 1504, 1504, 1504, 1504, 0, 0, 0, 0, 0, 0
GPS, 1, 0, 0, 0, 99.99, 0, 0, 0.73, -17, 0, 0, 0, 74893
CTUN, 74895, 0, 0, 0, 0, 0.73, 0.75, 0, 0, 0, 6
ATT, 74904, 0, -0.02, 0, -0.17, 78.5, 78.5, 0, 0.02
RCIN, 74905, 1503, 1503, 992, 1512, 1504, 1504, 1504, 1503, 0, 0, 0, 0, 0, 0
CTUN, 74994, 0, 0, 0, 0, 0.74, 0.75, 0, 0, 0, 6
ATT, 75004, 0, -0.02, 0, -0.17, 78.5, 78.5, 0, 0.07
RCIN, 75005, 1503, 1503, 991, 1560, 1504, 1504, 1504, 1503, 0, 0, 0, 0, 0, 0
EV, 17
GPS, 1, 0, 0, 0, 99.99, 0, 0, 0.75, -17, 0, 0, 0, 75093
CTUN, 75095, 0, 0, 0, 0, 0.75, 1.61, 0, 0, 0, 6
ATT, 75104, 0, -0.02, 0, -0.17, 78.48, 78.48, 0, 0.05
RCIN, 75104, 1503, 1503, 991, 1580, 1504, 1504, 1503, 1504, 0, 0, 0, 0, 0, 0
CTUN, 75194, 0, 0, 0, 0, 0.8, 0.33, 0, 0, 0, 7
ATT, 75204, 0, -0.02, 0, -0.17, 78.48, 78.48, 0, 0.07
RCIN, 75205, 1503, 1503, 1003, 1606, 1504, 1504, 1504, 1504, 0, 0, 0, 0, 0, 0
GPS, 1, 0, 0, 0, 99.99, 0, 0, 0.79, -17, 0, 0, 0, 75295
CTUN, 75296, 729, 0, 729, 0, 0.79, 0.24, 0, 0, 0, 6
ATT, 75306, 0, -0.02, 0, -0.17, 79.22, 78.45, 0, 0.1
RCIN, 75306, 1503, 1503, 1859, 1495, 1504, 1504, 1504, 1503, 0, 0, 0, 0, 0, 0
CTUN, 75395, 1000, 0, 1000, 0, 0.76, 2.19, 0, 0, 0, 6
ATT, 75406, 0, -0.02, 0, -0.17, 79.22, 78.41, 0, 0.07
RCIN, 75406, 1503, 1503, 2016, 1535, 1504, 1504, 1504, 1503, 0, 0, 0, 0, 0, 0
GPS, 1, 0, 0, 0, 99.99, 0, 0, 0.84, -17, 0, 0, 0, 75495
CTUN, 75496, 1000, 0, 1000, 0, 0.84, 0.47, 0, 0, 0, 7
ATT, 75506, 0, -0.02, 0, -0.17, 79.28, 78.45, 0, 0.15
RCIN, 75506, 1503, 1502, 2016, 1510, 1504, 1504, 1504, 1503, 0, 0, 0, 0, 0, 0
DU32, 7, 150392
CURR, 75546, 1000, 389470, 0, 0, 4693, 0
CTUN, 75595, 999, 0, 999, 0, 0.84, 1.12, 0, 0, 0, 7
RAD, 75606, 206, 207, 100, 27, 49, 0, 0
RAD, 75607, 206, 207, 100, 27, 49, 0, 0
ATT, 75615, 0, -0.02, 0, -0.17, 79.28, 78.49, 0, 0.02
RCIN, 75615, 1502, 1503, 2016, 1510, 1504, 1504, 1504, 1503, 0, 0, 0, 0, 0, 0
GPS, 1, 0, 0, 0, 99.99, 0, 0, 0.86, -17, 0, 0, 0, 75695
CTUN, 75696, 999, 0, 999, 0, 0.86, 0.5, 0, 0, 0, 7
ATT, 75715, 0, -0.01, 0, -0.17, 79.28, 78.5, 0, 0.12
RCIN, 75715, 1503, 1503, 2015, 1510, 1504, 1504, 1504, 1503, 0, 0, 0, 0, 0, 0
CTUN, 75796, 1000, 0, 1000, 0, 0.85, 0.81, 0, 0, 0, 5
ATT, 75815, 0, -0.01, 0, -0.17, 79.28, 78.53, 0, 0.03
RCIN, 75815, 1503, 1503, 1984, 1508, 1504, 1504, 1504, 1503, 0, 0, 0, 0, 0, 0
GPS, 1, 0, 0, 0, 99.99, 0, 0, 0.86, -17, 0, 0, 0, 75895
CTUN, 75896, 608, 0, 691, 0, 0.86, 0.39, 0, 0, 0, 6
ATT, 75915, 0, -0.01, 0, -0.17, 79.28, 78.51, 0, 0.06
RCIN, 75915, 1503, 1503, 1375, 1572, 1504, 1504, 1504, 1503, 0, 0, 0, 0, 0, 0
CTUN, 75994, 0, 0, 0, 0, 0.84, 1.86, 0, 0, 0, 7
ATT, 76013, 0, -0.01, 0, -0.17, 78.52, 78.52, 0, 0.19
RCIN, 76013, 1503, 1503, 991, 1520, 1504, 1504, 1504, 1503, 0, 0, 0, 0, 0, 0
GPS, 1, 0, 0, 0, 99.99, 0, 0, 0.9, -17, 0, 0, 0, 76093
CTUN, 76095, 0, 0, 0, 0, 0.9, 1.77, 0, 0, 0, 8
ATT, 76113, 0, -0.01, 0, -0.17, 78.59, 78.59, 0, 0.09
RCIN, 76113, 1503, 1503, 991, 1506, 1504, 1504, 1504, 1503, 0, 0, 0, 0, 0, 0
EV, 17
CTUN, 76194, 0, 0, 0, 0, 0.96, 1.03, 0, 0, 0, 9
ATT, 76213, 0, -0.01, 0, -0.17, 78.62, 78.62, 0, 0.02
RCIN, 76213, 1502, 1504, 991, 1504, 1504, 1504, 1504, 1503, 0, 0, 0, 0, 0, 0
GPS, 1, 0, 0, 0, 99.99, 0, 0, 0.98, -17, 0, 0, 0, 76294
CTUN, 76295, 0, 0, 0, 0, 0.98, 0.29, 0, 0, 0, 10
ATT, 76313, 0, -0.01, 0, -0.17, 78.61, 78.61, 0, 0.11
RCIN, 76314, 1503, 1503, 991, 1504, 1504, 1504, 1504, 1503, 0, 0, 0, 0, 0, 0
CTUN, 76394, 0, 0, 0, 0, 0.96, 0.52, 0, 0, 0, 9
ATT, 76413, 0, -0.01, 0, -0.17, 78.55, 78.55, 0, 0.1
RCIN, 76414, 1503, 1502, 992, 1503, 1504, 1504, 1504, 1503, 0, 0, 0, 0, 0, 0
GPS, 1, 0, 0, 0, 99.99, 0, 0, 0.94, -17, 0, 0, 0, 76493
CTUN, 76495, 0, 0, 0, 0, 0.94, 0.44, 0, 0, 0, 8
ATT, 76513, 0, -0.01, 0, -0.17, 78.51, 78.51, 0, 0.06
RCIN, 76513, 1504, 1503, 991, 1504, 1504, 1504, 1504, 1503, 0, 0, 0, 0, 0, 0
DU32, 7, 674648
CURR, 76544, 0, 393460, 0, 0, 4712, 0
PM, 3, 1000, 12174, 10, 0, 0, 0
CTUN, 76594, 0, 0, 0, 0, 0.92, 0.61, 0, 0, 0, 8
ATT, 76613, 0, -0.01, 0, -0.17, 78.48, 78.48, 0, 0.1
RCIN, 76613, 1503, 1503, 991, 1504, 1504, 1504, 1504, 1503, 0, 0, 0, 0, 0, 0
GPS, 1, 0, 0, 0, 99.99, 0, 0, 0.91, -17, 0, 0, 0, 76694
CTUN, 76695, 0, 0, 0, 0, 0.91, 1.68, 0, 0, 0, 8
RAD, 76704, 206, 207, 99, 26, 48, 0, 0
RAD, 76705, 206, 207, 99, 26, 48, 0, 0
ATT, 76713, 0, -0.01, 0, -0.17, 78.45, 78.45, 0, 0.05
RCIN, 76713, 1503, 1503, 991, 1504, 1504, 1504, 1504, 1503, 0, 0, 0, 0, 0, 0
CTUN, 76794, 0, 0, 0, 0, 0.96, 0.53, 0, 0, 0, 8
ATT, 76813, 0, -0.01, 0, -0.16, 78.46, 78.46, 0, 0.06
RCIN, 76813, 1502, 1503, 992, 1504, 1504, 1504, 1504, 1503, 0, 0, 0, 0, 0, 0
GPS, 1, 0, 0, 0, 99.99, 0, 0, 0.95, -17, 0, 0, 0, 76893
CTUN, 76895, 0, 0, 0, 0, 0.95, 0.44, 0, 0, 0, 8
ATT, 76913, 0, -0.02, 0, -0.16, 78.42, 78.42, 0, 0.12
RCIN, 76913, 1503, 1503, 991, 1504, 1504, 1504, 1504, 1503, 0, 0, 0, 0, 0, 0
CTUN, 76994, 0, 0, 0, 0, 0.93, 0.68, 0, 0, 0, 7
ATT, 77014, 0, -0.02, 0, -0.16, 78.37, 78.37, 0, 0.07
RCIN, 77014, 1503, 1503, 991, 1504, 1504, 1504, 1504, 1503, 0, 0, 0, 0, 0, 0
GPS, 1, 0, 0, 0, 99.99, 0, 0, 0.92, -17, 0, 0, 0, 77093
CTUN, 77095, 0, 0, 0, 0, 0.92, 0.55, 0, 0, 0, 7
ATT, 77113, 0, -0.02, 0, -0.16, 78.33, 78.33, 0, 0.08
RCIN, 77113, 1503, 1503, 991, 1511, 1503, 1504, 1504, 1503, 0, 0, 0, 0, 0, 0
CTUN, 77194, 0, 0, 0, 0, 0.91, 0.93, 0, 0, 0, 7
ATT, 77213, 0, -0.03, 0, -0.16, 78.31, 78.31, 0, 0.06
RCIN, 77214, 1503, 1503, 991, 1514, 1504, 1504, 1504, 1504, 0, 0, 0, 0, 0, 0
GPS, 1, 0, 0, 0, 99.99, 0, 0, 0.91, -17, 0, 0, 0, 77293
CTUN, 77295, 0, 0, 0, 0, 0.91, 0.65, 0, 0, 0, 7
ATT, 77313, 0, -0.02, 0, -0.16, 78.31, 78.31, 0, 0.07
RCIN, 77314, 1503, 1503, 991, 1508, 1504, 1504, 1504, 1503, 0, 0, 0, 0, 0, 0
EV, 17
CTUN, 77394, 0, 0, 0, 0, 0.91, 0.73, 0, 0, 0, 7
ATT, 77414, 0, -0.02, 0, -0.16, 78.27, 78.27, 0, 0.08
RCIN, 77414, 1503, 1503, 991, 1522, 1504, 1504, 1504, 1503, 0, 0, 0, 0, 0, 0
GPS, 1, 0, 0, 0, 99.99, 0, 0, 0.9, -17, 0, 0, 0, 77495
CTUN, 77496, 0, 0, 0, 0, 0.9, 1.31, 0, 0, 0, 7
ATT, 77514, 0, -0.03, 0, -0.17, 78.24, 78.24, 0, 0
RCIN, 77514, 1504, 1503, 991, 1561, 1504, 1504, 1504, 1503, 0, 0, 0, 0, 0, 0
DU32, 7, 936792
CURR, 77544, 0, 393460, 0, 0, 4732, 0
CTUN, 77594, 0, 0, 0, 0, 0.93, 0.74, 0, 0, 0, 7
ATT, 77613, 0, -0.02, 0, -0.16, 78.23, 78.23, 0, 0.05
RCIN, 77613, 1503, 1503, 991, 1504, 1504, 1504, 1504, 1503, 0, 0, 0, 0, 0, 0
GPS, 1, 0, 0, 0, 99.99, 0, 0, 0.93, -17, 0, 0, 0, 77695
CTUN, 77696, 0, 0, 0, 0, 0.93, 0.76, 0, 0, 0, 7
ATT, 77713, 0, -0.02, 0, -0.16, 78.21, 78.21, 0, 0.02
RCIN, 77714, 1503, 1503, 991, 1504, 1504, 1504, 1504, 1503, 0, 0, 0, 0, 0, 0
RAD, 77785, 205, 207, 91, 23, 51, 0, 0
RAD, 77786, 205, 207, 91, 23, 51, 0, 0
CTUN, 77794, 0, 0, 0, 0, 0.93, 1.05, 0, 0, 0, 7
ATT, 77814, 0, -0.02, 0, -0.16, 78.2, 78.2, 0, 0.03
RCIN, 77814, 1503, 1503, 992, 1503, 1504, 1504, 1504, 1503, 0, 0, 0, 0, 0, 0
GPS, 1, 0, 0, 0, 99.99, 0, 0, 0.94, -17, 0, 0, 0, 77893
CTUN, 77895, 0, 0, 0, 0, 0.94, 0.71, 0, 0, 0, 7
ATT, 77913, 0, -0.02, 0, -0.16, 78.21, 78.21, 0, 0.02
RCIN, 77914, 1503, 1503, 992, 1504, 1503, 1504, 1503, 1504, 0, 0, 0, 0, 0, 0
CTUN, 77994, 0, 0, 0, 0, 0.94, 0.5, 0, 0, 0, 7
ATT, 78014, 0, -0.02, 0, -0.16, 78.2, 78.2, 0, 0.07
RCIN, 78014, 1503, 1503, 991, 1504, 1504, 1504, 1504, 1503, 0, 0, 0, 0, 0, 0
GPS, 1, 0, 0, 0, 99.99, 0, 0, 0.92, -17, 0, 0, 0, 78093
CTUN, 78095, 0, 0, 0, 0, 0.92, 0.52, 0, 0, 0, 6
ATT, 78115, 0, -0.02, 0, -0.16, 78.17, 78.17, 0, 0.06
RCIN, 78115, 1503, 1503, 991, 1504, 1504, 1503, 1504, 1504, 0, 0, 0, 0, 0, 0
CTUN, 78194, 0, 0, 0, 0, 0.9, 0.38, 0, 0, 0, 6
EV, 18
ATT, 78213, 0, -0.03, 0, -0.16, 78.14, 78.14, 0, 0.05
RCIN, 78214, 1503, 1503, 992, 1503, 1504, 1504, 1504, 1503, 0, 0, 0, 0, 0, 0
GPS, 1, 0, 0, 0, 99.99, 0, 0, 0.88, -17, 0, 0, 0, 78293
CTUN, 78295, 0, 0, 0, 0, 0.88, 1.6, 0, 0, 0, 5
ATT, 78315, 0, -0.03, 0, -0.16, 78.14, 78.14, 0, 0.08
RCIN, 78315, 1503, 1503, 991, 1504, 1504, 1504, 1504, 1504, 0, 0, 0, 0, 0, 0
CTUN, 78394, 0, 0, 0, 0, 0.92, 1.67, 0, 0, 0, 6
ATT, 78413, 0, -0.03, 0, -0.16, 78.17, 78.17, 0, 0.1
RCIN, 78414, 1503, 1503, 991, 1504, 1504, 1504, 1504, 1504, 0, 0, 0, 0, 0, 0
GPS, 1, 0, 0, 0, 99.99, 0, 0, 0.97, -17, 0, 0, 0, 78494
CTUN, 78495, 0, 0, 0, 0, 0.97, 0.26, 0, 0, 0, 7
ATT, 78514, 0, -0.03, 0, -0.17, 78.2, 78.2, 0, 0
RCIN, 78515, 1503, 1502, 992, 1504, 1504, 1504, 1504, 1503, 0, 0, 0, 0, 0, 0
DU32, 7, 674776
CURR, 78544, 0, 393460, 0, 0, 4732, 0
CTUN, 78594, 0, 0, 0, 0, 0.95, 0.83, 0, 0, 0, 6
ATT, 78614, 0, -0.03, 0, -0.16, 78.19, 78.19, 0, 0.05
RCIN, 78614, 1503, 1504, 991, 1504, 1504, 1504, 1504, 1503, 0, 0, 0, 0, 0, 0
RAD, 78665, 207, 207, 94, 32, 49, 0, 0
RAD, 78666, 207, 207, 94, 32, 49, 0, 0
GPS, 1, 0, 0, 0, 99.99, 0, 0, 0.94, -17, 0, 0, 0, 78693
CTUN, 78695, 0, 0, 0, 0, 0.94, 0.73, 0, 0, 0, 6
ATT, 78715, 0, -0.03, 0, -0.17, 78.17, 78.17, 0, 0.03
RCIN, 78715, 1504, 1503, 991, 1504, 1504, 1504, 1504, 1503, 0, 0, 0, 0, 0, 0
CTUN, 78794, 0, 0, 0, 0, 0.94, 0.67, 0, 0, 0, 6
ATT, 78813, 0, -0.03, 0, -0.17, 78.17, 78.17, 0, 0.09
RCIN, 78814, 1503, 1503, 991, 1504, 1504, 1504, 1504, 1503, 0, 0, 0, 0, 0, 0
GPS, 1, 0, 0, 0, 99.99, 0, 0, 0.93, -17, 0, 0, 0, 78893
CTUN, 78895, 0, 0, 0, 0, 0.93, 0.63, 0, 0, 0, 6
ATT, 78913, 0, -0.03, 0, -0.17, 78.18, 78.18, 0, 0.1
RCIN, 78914, 1503, 1503, 991, 1504, 1504, 1504, 1504, 1503, 0, 0, 0, 0, 0, 0
CTUN, 78994, 0, 0, 0, 0, 0.92, 0.69, 0, 0, 0, 5
ATT, 79013, 0, -0.04, 0, -0.17, 78.14, 78.14, 0, 0.06
RCIN, 79014, 1503, 1503, 992, 1504, 1503, 1504, 1504, 1503, 0, 0, 0, 0, 0, 0
GPS, 1, 0, 0, 0, 99.99, 0, 0, 0.91, -17, 0, 0, 0, 79093
CTUN, 79095, 0, 0, 0, 0, 0.91, 0.36, 0, 0, 0, 5
ATT, 79113, 0, -0.03, 0, -0.17, 78.11, 78.11, 0, 0.05
RCIN, 79114, 1503, 1503, 991, 1504, 1504, 1504, 1504, 1503, 0, 0, 0, 0, 0, 0
CTUN, 79194, 0, 0, 0, 0, 0.88, 0.52, 0, 0, 0, 4
ATT, 79214, 0, -0.03, 0, -0.16, 78.08, 78.08, 0, 0.07
RCIN, 79214, 1504, 1503, 991, 1503, 1504, 1504, 1504, 1503, 0, 0, 0, 0, 0, 0
GPS, 1, 0, 0, 0, 99.99, 0, 0, 0.87, -17, 0, 0, 0, 79293
CTUN, 79295, 0, 0, 0, 0, 0.87, 1.02, 0, 0, 0, 4
ATT, 79313, 0, -0.03, 0, -0.17, 78.06, 78.06, 0, 0.01
RCIN, 79314, 1503, 1503, 991, 1504, 1504, 1504, 1504, 1503, 0, 0, 0, 0, 0, 0
CTUN, 79394, 0, 0, 0, 0, 0.88, 1.38, 0, 0, 0, 4
ATT, 79413, 0, -0.03, 0, -0.17, 78.07, 78.07, 0, 0.08
RCIN, 79414, 1503, 1503, 991, 1504, 1504, 1504, 1504, 1503, 0, 0, 0, 0, 0, 0
GPS, 1, 0, 0, 0, 99.99, 0, 0, 0.91, -17, 0, 0, 0, 79493
CTUN, 79495, 0, 0, 0, 0, 0.91, 0.48, 0, 0, 0, 5
ATT, 79514, 0, -0.03, 0, -0.17, 78.09, 78.09, 0, 0
RCIN, 79514, 1503, 1503, 991, 1504, 1504, 1504, 1504, 1503, 0, 0, 0, 0, 0, 0
DU32, 7, 674776
CURR, 79545, 0, 393460, 0, 0, 4732, 0
CTUN, 79594, 0, 0, 0, 0, 0.9, 0.51, 0, 0, 0, 4
ATT, 79613, 0, -0.03, 0, -0.17, 78.08, 78.08, 0, 0.06
RCIN, 79613, 1504, 1503, 992, 1504, 1504, 1504, 1503, 1503, 0, 0, 0, 0, 0, 0
RAD, 79685, 207, 208, 97, 29, 47, 0, 0
RAD, 79686, 207, 208, 97, 29, 47, 0, 0
GPS, 1, 0, 0, 0, 99.99, 0, 0, 0.88, -17, 0, 0, 0, 79693
CTUN, 79695, 0, 0, 0, 0, 0.88, 0.59, 0, 0, 0, 4
ATT, 79714, 0, -0.04, 0, -0.17, 78.04, 78.04, 0, 0.09
RCIN, 79714, 1504, 1503, 991, 1504, 1504, 1504, 1504, 1503, 0, 0, 0, 0, 0, 0
CTUN, 79794, 0, 0, 0, 0, 0.87, 0.59, 0, 0, 0, 4
ATT, 79813, 0, -0.04, 0, -0.17, 78, 78, 0, 0.05
RCIN, 79814, 1503, 1503, 991, 1504, 1504, 1504, 1504, 1503, 0, 0, 0, 0, 0, 0
GPS, 1, 0, 0, 0, 99.99, 0, 0, 0.85, -17, 0, 0, 0, 79893
CTUN, 79895, 0, 0, 0, 0, 0.85, 0.47, 0, 0, 0, 3
ATT, 79913, 0, -0.04, 0, -0.17, 77.97, 77.97, 0, 0.07
RCIN, 79913, 1504, 1503, 991, 1504, 1504, 1504, 1504, 1503, 0, 0, 0, 0, 0, 0
CTUN, 79994, 0, 0, 0, 0, 0.83, 1.38, 0, 0, 0, 3
ATT, 80014, 0, -0.04, 0, -0.17, 77.95, 77.95, 0, 0.08
RCIN, 80014, 1503, 1503, 991, 1504, 1504, 1504, 1504, 1503, 0, 0, 0, 0, 0, 0
GPS, 1, 0, 0, 0, 99.99, 0, 0, 0.87, -17, 0, 0, 0, 80093
CTUN, 80095, 0, 0, 0, 0, 0.87, 1.17, 0, 0, 0, 3
ATT, 80113, 0, -0.04, 0, -0.17, 77.98, 77.98, 0, 0
RCIN, 80113, 1504, 1503, 992, 1504, 1503, 1504, 1504, 1503, 0, 0, 0, 0, 0, 0
CTUN, 80194, 0, 0, 0, 0, 0.89, 0.69, 0, 0, 0, 4
ATT, 80213, 0, -0.04, 0, -0.17, 77.98, 77.98, 0, 0.04
RCIN, 80214, 1503, 1503, 991, 1504, 1504, 1504, 1504, 1503, 0, 0, 0, 0, 0, 0
GPS, 1, 0, 0, 0, 99.99, 0, 0, 0.88, -17, 0, 0, 0, 80293
CTUN, 80295, 0, 0, 0, 0, 0.88, 0.51, 0, 0, 0, 4
ATT, 80314, 0, -0.04, 0, -0.17, 77.99, 77.99, 0, 0.02
RCIN, 80314, 1503, 1504, 991, 1504, 1504, 1504, 1504, 1503, 0, 0, 0, 0, 0, 0
CTUN, 80394, 0, 0, 0, 0, 0.87, 0.75, 0, 0, 0, 3
ATT, 80413, 0, -0.04, 0, -0.17, 77.97, 77.97, 0, 0.06
RCIN, 80414, 1503, 1503, 991, 1504, 1504, 1504, 1504, 1503, 0, 0, 0, 0, 0, 0
GPS, 1, 0, 0, 0, 99.99, 0, 0, 0.86, -17, 0, 0, 0, 80493
CTUN, 80495, 0, 0, 0, 0, 0.86, 1, 0, 0, 0, 3
ATT, 80513, 0, -0.04, 0, -0.17, 77.96, 77.96, 0, 0.09
RCIN, 80513, 1503, 1503, 992, 1503, 1504, 1504, 1504, 1503, 0, 0, 0, 0, 0, 0
DU32, 7, 674776
CURR, 80544, 0, 393460, 0, 0, 4732, 0
CTUN, 80594, 0, 0, 0, 0, 0.87, 0.43, 0, 0, 0, 3
RAD, 80604, 208, 208, 98, 28, 52, 0, 0
RAD, 80605, 208, 208, 98, 28, 52, 0, 0
ATT, 80613, 0, -0.04, 0, -0.17, 77.98, 77.98, 0, 0.02
RCIN, 80613, 1503, 1504, 991, 1504, 1504, 1504, 1504, 1503, 0, 0, 0, 0, 0, 0
GPS, 1, 0, 0, 0, 99.99, 0, 0, 0.85, -17, 0, 0, 0, 80693
CTUN, 80695, 0, 0, 0, 0, 0.85, 0.77, 0, 0, 0, 3
ATT, 80713, 0, -0.04, 0, -0.17, 77.98, 77.98, 0, 0.06
RCIN, 80714, 1503, 1504, 991, 1503, 1504, 1504, 1504, 1504, 0, 0, 0, 0, 0, 0
CTUN, 80795, 0, 0, 0, 0, 0.85, 0.48, 0, 0, 0, 2
ATT, 80815, 0, -0.04, 0, -0.17, 77.99, 77.99, 0, 0.03
RCIN, 2734767023, -32619, 22912, 19782, 84, 16962, 20078, 90, 0, 0, 0, 0, 0, 31060, 25968
FMT, 129, 23, PARM, Nf, Name,Value
FMT, 130, 45, GPS, BIHBcLLeeEefI, Status,TimeMS,Week,NSats,HDop,Lat,Lng,RelAlt,Alt,Spd,GCrs,VZ,T
FMT, 131, 31, IMU, Iffffff, TimeMS,GyrX,GyrY,GyrZ,AccX,AccY,AccZ
FMT, 132, 67, MSG, Z, Message
FMT, 133, 35, RCIN, Ihhhhhhhhhhhhhh, TimeMS,C1,C2,C3,C4,C5,C6,C7,C8,C9,C10,C11,C12,C13,C14
FMT, 134, 23, RCOU, Ihhhhhhhh, TimeMS,Chan1,Chan2,Chan3,Chan4,Chan5,Chan6,Chan7,Chan8
