FMT, 128, 89, FMT, BBnNZ, Type,Length,Name,Format,Columns
FMT, 129, 23, PARM, Nf, Name,Value
FMT, 130, 45, GPS, BIHBcLLeeEefI, Status,TimeMS,Week,NSats,HDop,Lat,Lng,RelAlt,Alt,Spd,GCrs,VZ,T
FMT, 131, 31, IMU, Iffffff, TimeMS,GyrX,GyrY,GyrZ,AccX,AccY,AccZ
FMT, 132, 67, MSG, Z, Message
FMT, 133, 35, RCIN, Ihhhhhhhhhhhhhh, TimeMS,C1,C2,C3,C4,C5,C6,C7,C8,C9,C10,C11,C12,C13,C14
FMT, 134, 23, RCOU, Ihhhhhhhh, TimeMS,Chan1,Chan2,Chan3,Chan4,Chan5,Chan6,Chan7,Chan8
FMT, 136, 21, BARO, Iffcf, TimeMS,Alt,Press,Temp,CRt
FMT, 137, 13, POWR, ICCH, TimeMS,Vcc,VServo,Flags
FMT, 145, 41, CMD, IHHHfffffff, TimeMS,CTot,CNum,CId,Prm1,Prm2,Prm3,Prm4,Lat,Lng,Alt
FMT, 146, 16, RAD, IBBBBBHH, TimeMS,RSSI,RemRSSI,TxBuf,Noise,RemNoise,RxErrors,Fixed
FMT, 148, 31, CAM, IHLLeeccC, GPSTime,GPSWeek,Lat,Lng,Alt,RelAlt,Roll,Pitch,Yaw
FMT, 25, 25, ATUN, BBfffff, Axis,TuneStep,RateMin,RateMax,RPGain,RDGain,SPGain
FMT, 26, 9, ATDE, cf, Angle,Rate
FMT, 9, 23, CURR, IhIhhhf, TimeMS,ThrOut,ThrInt,Volt,Curr,Vcc,CurrTot
FMT, 12, 20, OF, hhBccee, Dx,Dy,SQual,X,Y,Roll,Pitch
FMT, 5, 47, NTUN, Iffffffffff, TimeMS,DPosX,DPosY,PosX,PosY,DVelX,DVelY,VelX,VelY,DAccX,DAccY
FMT, 4, 33, CTUN, Ihhhffecchh, TimeMS,ThrIn,AngBst,ThrOut,DAlt,Alt,BarAlt,DSAlt,SAlt,DCRt,CRt
FMT, 15, 25, MAG, Ihhhhhhhhh, TimeMS,MagX,MagY,MagZ,OfsX,OfsY,OfsZ,MOfsX,MOfsY,MOfsZ
FMT, 6, 17, PM, HHIhBHB, NLon,NLoop,MaxT,PMT,I2CErr,INSErr,INAVErr
FMT, 1, 23, ATT, IccccCCCC, TimeMS,DesRoll,Roll,DesPitch,Pitch,DesYaw,Yaw,ErrRP,ErrYaw
FMT, 3, 6, MODE, Mh, Mode,ThrCrs
FMT, 10, 3, STRT, , 
FMT, 13, 4, EV, B, Id
FMT, 20, 6, D16, Bh, Id,Value
FMT, 21, 6, DU16, BH, Id,Value
FMT, 22, 8, D32, Bi, Id,Value
FMT, 23, 8, DU32, BI, Id,Value
FMT, 24, 8, DFLT, Bf, Id,Value
FMT, 19, 5, ERR, BB, Subsys,ECode
PARM, SYSID_SW_MREV, 120
PARM, SYSID_SW_TYPE, 10
PARM, SYSID_THISMAV, 1
PARM, SYSID_MYGCS, 255
PARM, SERIAL0_BAUD, 115
PARM, SERIAL1_BAUD, 57
PARM, TELEM_DELAY, 0
PARM, RTL_ALT, 1500
PARM, RNGFND_GAIN, 0.8
PARM, FS_BATT_ENABLE, 0
PARM, FS_BATT_VOLTAGE, 10.5
PARM, FS_BATT_MAH, 0
PARM, FS_GPS_ENABLE, 1
PARM, FS_GCS_ENABLE, 1
PARM, GPS_HDOP_GOOD, 230
PARM, MAG_ENABLE, 1
PARM, FLOW_ENABLE, 0
PARM, SUPER_SIMPLE, 0
PARM, RTL_ALT_FINAL, 0
PARM, RSSI_PIN, -1
PARM, RSSI_RANGE, 5
PARM, WP_YAW_BEHAVIOR, 2
PARM, RTL_LOIT_TIME, 5000
PARM, LAND_SPEED, 50
PARM, PILOT_VELZ_MAX, 250
PARM, PILOT_ACCEL_Z, 250
PARM, THR_MIN, 130
PARM, THR_MAX, 1000
PARM, FS_THR_ENABLE, 0
PARM, FS_THR_VALUE, 975
PARM, TRIM_THROTTLE, 763
PARM, THR_MID, 500
PARM, THR_DZ, 100
PARM, FLTMODE1, 0
PARM, FLTMODE2, 0
PARM, FLTMODE3, 0
PARM, FLTMODE4, 0
PARM, FLTMODE5, 0
PARM, FLTMODE6, 0
PARM, SIMPLE, 0
PARM, LOG_BITMASK, 894
PARM, ESC, 0
PARM, TUNE, 0
PARM, TUNE_LOW, 0
PARM, TUNE_HIGH, 1000
PARM, FRAME, 1
PARM, CH7_OPT, 0
PARM, CH8_OPT, 0
PARM, ARMING_CHECK, 1
PARM, ANGLE_MAX, 4500
PARM, RC_FEEL_RP, 100
PARM, PHLD_BRAKE_RATE, 8
PARM, PHLD_BRAKE_ANGLE, 3000
PARM, LAND_REPOSITION, 1
PARM, EKF_CHECK_THRESH, 0.8
PARM, DCM_CHECK_THRESH, 0.8
PARM, RC1_MIN, 991
PARM, RC1_TRIM, 1504
PARM, RC1_MAX, 2016
PARM, RC1_REV, 1
PARM, RC1_DZ, 30
PARM, RC2_MIN, 991
PARM, RC2_TRIM, 1503
PARM, RC2_MAX, 2016
PARM, RC2_REV, 1
PARM, RC2_DZ, 30
PARM, RC3_MIN, 990
PARM, RC3_TRIM, 992
PARM, RC3_MAX, 2016
PARM, RC3_REV, 1
PARM, RC3_DZ, 30
PARM, RC4_MIN, 991
PARM, RC4_TRIM, 1504
PARM, RC4_MAX, 2016
PARM, RC4_REV, 1
PARM, RC4_DZ, 40
PARM, RC5_MIN, 1503
PARM, RC5_TRIM, 1504
PARM, RC5_MAX, 1508
PARM, RC5_REV, 1
PARM, RC5_DZ, 0
PARM, RC5_FUNCTION, 0
PARM, RC6_MIN, 1500
PARM, RC6_TRIM, 1504
PARM, RC6_MAX, 1504
PARM, RC6_REV, 1
PARM, RC6_DZ, 0
PARM, RC6_FUNCTION, 0
PARM, RC7_MIN, 1503
PARM, RC7_TRIM, 1504
PARM, RC7_MAX, 1507
PARM, RC7_REV, 1
PARM, RC7_DZ, 0
PARM, RC7_FUNCTION, 0
PARM, RC8_MIN, 1500
PARM, RC8_TRIM, 1503
PARM, RC8_MAX, 1507
PARM, RC8_REV, 1
PARM, RC8_DZ, 0
PARM, RC8_FUNCTION, 0
PARM, RC10_MIN, 1100
PARM, RC10_TRIM, 0
PARM, RC10_MAX, 1900
PARM, RC10_REV, 1
PARM, RC10_DZ, 0
PARM, RC10_FUNCTION, 0
PARM, RC11_MIN, 1100
PARM, RC11_TRIM, 0
PARM, RC11_MAX, 1900
PARM, RC11_REV, 1
PARM, RC11_DZ, 0
PARM, RC11_FUNCTION, 0
PARM, RC_SPEED, 490
PARM, ACRO_RP_P, 4.5
PARM, ACRO_YAW_P, 4.5
PARM, ACRO_BAL_ROLL, 1
PARM, ACRO_BAL_PITCH, 1
PARM, ACRO_TRAINER, 2
PARM, ACRO_EXPO, 0.3
PARM, RATE_RLL_P, 0.15
PARM, RATE_RLL_I, 0.1
PARM, RATE_RLL_D, 0.004
PARM, RATE_RLL_IMAX, 1000
PARM, RATE_PIT_P, 0.15
PARM, RATE_PIT_I, 0.1
PARM, RATE_PIT_D, 0.004
PARM, RATE_PIT_IMAX, 1000
PARM, RATE_YAW_P, 0.2
PARM, RATE_YAW_I, 0.02
PARM, RATE_YAW_D, 0
PARM, RATE_YAW_IMAX, 1000
PARM, LOITER_LAT_P, 1
PARM, LOITER_LAT_I, 0.5
PARM, LOITER_LAT_D, 0
PARM, LOITER_LAT_IMAX, 1000
PARM, LOITER_LON_P, 1
PARM, LOITER_LON_I, 0.5
PARM, LOITER_LON_D, 0
PARM, LOITER_LON_IMAX, 1000
PARM, THR_RATE_P, 5
PARM, THR_ACCEL_P, 0.5
PARM, THR_ACCEL_I, 1
PARM, THR_ACCEL_D, 0
PARM, THR_ACCEL_IMAX, 800
PARM, OF_RLL_P, 2.5
PARM, OF_RLL_I, 0.5
PARM, OF_RLL_D, 0.12
PARM, OF_RLL_IMAX, 100
PARM, OF_PIT_P, 2.5
PARM, OF_PIT_I, 0.5
PARM, OF_PIT_D, 0.12
PARM, OF_PIT_IMAX, 100
PARM, STB_RLL_P, 4.5
PARM, STB_PIT_P, 4.5
PARM, STB_YAW_P, 4.5
PARM, THR_ALT_P, 1
PARM, HLD_LAT_P, 1
PARM, CAM_TRIGG_TYPE, 0
PARM, CAM_DURATION, 10
PARM, CAM_SERVO_ON, 1300
PARM, CAM_SERVO_OFF, 1100
PARM, CAM_TRIGG_DIST, 0
PARM, RELAY_PIN, 13
PARM, RELAY_PIN2, -1
PARM, COMPASS_OFS_X, 6
PARM, COMPASS_OFS_Y, -70
PARM, COMPASS_OFS_Z, 99
PARM, COMPASS_DEC, 0
PARM, COMPASS_LEARN, 0
PARM, COMPASS_USE, 1
PARM, COMPASS_AUTODEC, 1
PARM, COMPASS_MOTCT, 0
PARM, COMPASS_MOT_X, 0
PARM, COMPASS_MOT_Y, 0
PARM, COMPASS_MOT_Z, 0
PARM, COMPASS_ORIENT, 0
PARM, COMPASS_EXTERNAL, 0
PARM, INS_PRODUCT_ID, 0
PARM, INS_ACCSCAL_X, 0.9943895
PARM, INS_ACCSCAL_Y, 0.9972535
PARM, INS_ACCSCAL_Z, 0.983452
PARM, INS_ACCOFFS_X, -0.01576085
PARM, INS_ACCOFFS_Y, 0.2131895
PARM, INS_ACCOFFS_Z, 0.0190956
PARM, INS_GYROFFS_X, 0.01152018
PARM, INS_GYROFFS_Y, -0.003272475
PARM, INS_GYROFFS_Z, 0.008002932
PARM, INS_MPU6K_FILTER, 0
PARM, INAV_TC_XY, 2.5
PARM, INAV_TC_Z, 5
PARM, WPNAV_SPEED, 500
PARM, WPNAV_RADIUS, 200
PARM, WPNAV_SPEED_UP, 250
PARM, WPNAV_SPEED_DN, 150
PARM, WPNAV_LOIT_SPEED, 500
PARM, WPNAV_ACCEL, 100
PARM, WPNAV_ACCEL_Z, 100
PARM, WPNAV_LOIT_JERK, 1000
PARM, CIRCLE_RADIUS, 1000
PARM, CIRCLE_RATE, 20
PARM, ATC_RATE_RP_MAX, 18000
PARM, ATC_RATE_Y_MAX, 9000
PARM, ATC_SLEW_YAW, 1000
PARM, ATC_ACCEL_RP_MAX, 0
PARM, ATC_ACCEL_Y_MAX, 0
PARM, ATC_RATE_FF_ENAB, 0
PARM, POSCON_THR_HOVER, 763
PARM, SR0_RAW_SENS, 2
PARM, SR0_EXT_STAT, 2
PARM, SR0_RC_CHAN, 2
PARM, SR0_RAW_CTRL, 2
PARM, SR0_POSITION, 2
PARM, SR0_EXTRA1, 4
PARM, SR0_EXTRA2, 4
PARM, SR0_EXTRA3, 2
PARM, SR0_PARAMS, 10
PARM, SR1_RAW_SENS, 2
PARM, SR1_EXT_STAT, 2
PARM, SR1_RC_CHAN, 2
PARM, SR1_RAW_CTRL, 2
PARM, SR1_POSITION, 2
PARM, SR1_EXTRA1, 2
PARM, SR1_EXTRA2, 2
PARM, SR1_EXTRA3, 2
PARM, SR1_PARAMS, 0
PARM, AHRS_GPS_GAIN, 1
PARM, AHRS_GPS_USE, 1
PARM, AHRS_YAW_P, 0.1
PARM, AHRS_RP_P, 0.1
PARM, AHRS_WIND_MAX, 0
PARM, AHRS_TRIM_X, 0.002718636
PARM, AHRS_TRIM_Y, 0.02381147
PARM, AHRS_TRIM_Z, 0
PARM, AHRS_ORIENTATION, 0
PARM, AHRS_COMP_BETA, 0.1
PARM, AHRS_GPS_MINSATS, 6
PARM, MNT_MODE, 0
PARM, MNT_RETRACT_X, 0
PARM, MNT_RETRACT_Y, 0
PARM, MNT_RETRACT_Z, 0
PARM, MNT_NEUTRAL_X, 0
PARM, MNT_NEUTRAL_Y, 0
PARM, MNT_NEUTRAL_Z, 0
PARM, MNT_CONTROL_X, 0
PARM, MNT_CONTROL_Y, 0
PARM, MNT_CONTROL_Z, 0
PARM, MNT_STAB_ROLL, 0
PARM, MNT_STAB_TILT, 0
PARM, MNT_STAB_PAN, 0
PARM, MNT_RC_IN_ROLL, 0
PARM, MNT_ANGMIN_ROL, -4500
PARM, MNT_ANGMAX_ROL, 4500
PARM, MNT_RC_IN_TILT, 0
PARM, MNT_ANGMIN_TIL, -4500
PARM, MNT_ANGMAX_TIL, 4500
PARM, MNT_RC_IN_PAN, 0
PARM, MNT_ANGMIN_PAN, -4500
PARM, MNT_ANGMAX_PAN, 4500
PARM, MNT_JSTICK_SPD, 0
PARM, BATT_MONITOR, 0
PARM, BATT_VOLT_PIN, 1
PARM, BATT_CURR_PIN, 2
PARM, BATT_VOLT_MULT, 10.1
PARM, BATT_AMP_PERVOLT, 17
PARM, BATT_AMP_OFFSET, 0
PARM, BATT_CAPACITY, 3300
PARM, BATT_VOLT2_PIN, -1
PARM, BATT_VOLT2_MULT, 1
PARM, GND_ABS_PRESS, 41449.09
PARM, GND_TEMP, 24.26796
PARM, GND_ALT_OFFSET, 0
PARM, GPS_TYPE, 1
PARM, GPS_NAVFILTER, 8
PARM, SCHED_DEBUG, 0
PARM, FENCE_ENABLE, 0
PARM, FENCE_TYPE, 3
PARM, FENCE_ACTION, 1
PARM, FENCE_ALT_MAX, 100
PARM, FENCE_RADIUS, 300
PARM, FENCE_MARGIN, 2
PARM, GPSGLITCH_ENABLE, 1
PARM, GPSGLITCH_RADIUS, 200
PARM, GPSGLITCH_ACCEL, 1000
PARM, BAROGLTCH_ENABLE, 1
PARM, BAROGLTCH_DIST, 500
PARM, BAROGLTCH_ACCEL, 1500
PARM, MOT_TCRV_ENABLE, 1
PARM, MOT_TCRV_MIDPCT, 52
PARM, MOT_TCRV_MAXPCT, 93
PARM, MOT_SPIN_ARMED, 70
PARM, RCMAP_ROLL, 1
PARM, RCMAP_PITCH, 2
PARM, RCMAP_THROTTLE, 3
PARM, RCMAP_YAW, 4
PARM, MIS_TOTAL, 0
PARM, MIS_RESTART, 0
PARM, RNGFND_TYPE, 0
PARM, RNGFND_PIN, -1
PARM, RNGFND_SCALING, 3
PARM, RNGFND_OFFSET, 0
PARM, RNGFND_FUNCTION, 0
PARM, RNGFND_MIN_CM, 20
PARM, RNGFND_MAX_CM, 700
PARM, RNGFND_STOP_PIN, -1
PARM, RNGFND_SETTLE_MS, 0
PARM, RNGFND_RMETRIC, 1
MSG, ArduCopter V3.2.1 (36b405fb)
MSG, Frame: QUAD
MODE, Stabilize, 763
EV, 10
MODE, Stabilize, 763
GPS, 1, 0, 0, 0, 99.99, 0, 0, 0, -17, 0, 0, 0, 124445
CTUN, 124486, 0, 0, 0, 0, 0, -0.35, 0, 0, 0, 0
GPS, 1, 0, 0, 0, 99.99, 0, 0, 0, -17, 0, 0, 0, 124505
ATT, 124506, 0, 0.81, 0, -0.82, 116.64, 116.64, 0, 0.01
RCIN, 124506, 900, 900, 900, 900, 900, 900, 900, 900, 0, 0, 0, 0, 0, 0
CTUN, 124585, 0, 0, 0, 0, 0.02, -0.38, 0, 0, 0, 0
ATT, 124604, 0, 0.81, 0, -0.82, 116.63, 116.63, 0, 0.01
RCIN, 124604, 900, 900, 900, 900, 900, 900, 900, 900, 0, 0, 0, 0, 0, 0
CTUN, 124686, 0, 0, 0, 0, 0, 0.04, 0, 0, 0, 0
GPS, 1, 0, 0, 0, 99.99, 0, 0, 0, -17, 0, 0, 0, 124704
ATT, 124705, 0, 0.81, 0, -0.81, 116.64, 116.64, 0, 0.01
RCIN, 124706, 900, 900, 900, 900, 900, 900, 900, 900, 0, 0, 0, 0, 0, 0
CTUN, 124785, 0, 0, 0, 0, 0, -0.03, 0, 0, 0, 0
ATT, 124804, 0, 0.81, 0, -0.81, 116.63, 116.63, 0, 0
RCIN, 124804, 900, 900, 900, 900, 900, 900, 900, 900, 0, 0, 0, 0, 0, 0
CTUN, 124885, 0, 0, 0, 0, 0, -0.6, 0, 0, 0, 0
GPS, 1, 0, 0, 0, 99.99, 0, 0, 0, -17, 0, 0, 0, 124904
ATT, 124905, 0, 0.81, 0, -0.81, 116.64, 116.64, 0, 0.01
RCIN, 124906, 900, 900, 900, 900, 900, 900, 900, 900, 0, 0, 0, 0, 0, 0
CTUN, 124985, 0, 0, 0, 0, -0.03, -0.46, 0, 0, 0, 0
ATT, 125005, 0, 0.81, 0, -0.81, 116.63, 116.63, 0, 0
RCIN, 125006, 900, 900, 900, 900, 900, 900, 900, 900, 0, 0, 0, 0, 0, 0
CTUN, 125087, 0, 0, 0, 0, -0.06, -0.5, 0, 0, 0, 0
GPS, 1, 0, 0, 0, 99.99, 0, 0, -0.06, -17, 0, 0, 0, 125105
ATT, 125107, 0, 0.81, 0, -0.81, 116.63, 116.63, 0, 0
RCIN, 125107, 900, 900, 900, 900, 900, 900, 900, 900, 0, 0, 0, 0, 0, 0
CTUN, 125185, 0, 0, 0, 0, -0.09, -0.37, 0, 0, 0, -1
DU32, 7, 655576
CURR, 125186, 0, 0, 0, 0, 4752, 0
ATT, 125205, 0, 0.82, 0, -0.81, 116.63, 116.63, 0, 0
RCIN, 125205, 900, 900, 900, 900, 900, 900, 900, 900, 0, 0, 0, 0, 0, 0
CTUN, 125287, 0, 0, 0, 0, -0.11, 0.16, 0, 0, 0, -1
GPS, 1, 0, 0, 0, 99.99, 0, 0, -0.1, -17, 0, 0, 0, 125306
ATT, 125307, 0, 0.82, 0, -0.8, 116.64, 116.64, 0, 0.01
RCIN, 125307, 900, 900, 900, 900, 900, 900, 900, 900, 0, 0, 0, 0, 0, 0
RAD, 125335, 164, 167, 98, 24, 55, 12, 11
RAD, 125335, 164, 167, 98, 24, 55, 12, 11
CTUN, 125386, 0, 0, 0, 0, -0.09, -0.15, 0, 0, 0, -1
ATT, 125405, 0, 0.82, 0, -0.8, 116.64, 116.64, 0, 0.02
RCIN, 125406, 900, 900, 900, 900, 900, 900, 900, 900, 0, 0, 0, 0, 0, 0
CTUN, 125488, 0, 0, 0, 0, -0.1, -0.3, 0, 0, 0, -1
GPS, 1, 0, 0, 0, 99.99, 0, 0, -0.1, -17, 0, 0, 0, 125505
ATT, 125506, 0, 0.81, 0, -0.8, 116.65, 116.65, 0, 0
RCIN, 125506, 900, 900, 900, 900, 900, 900, 900, 900, 0, 0, 0, 0, 0, 0
CTUN, 125586, 0, 0, 0, 0, -0.11, -0.19, 0, 0, 0, -1
ATT, 125605, 0, 0.81, 0, -0.79, 116.64, 116.64, 0, 0.02
RCIN, 125605, 900, 900, 900, 900, 900, 900, 900, 900, 0, 0, 0, 0, 0, 0
CTUN, 125688, 0, 0, 0, 0, -0.12, -0.16, 0, 0, 0, -1
GPS, 1, 0, 0, 0, 99.99, 0, 0, -0.12, -17, 0, 0, 0, 125705
ATT, 125706, 0, 0.81, 0, -0.79, 116.64, 116.64, 0, 0.01
RCIN, 125706, 900, 900, 900, 900, 900, 900, 900, 900, 0, 0, 0, 0, 0, 0
CTUN, 125786, 0, 0, 0, 0, -0.12, 0.16, 0, 0, 0, -2
ATT, 125805, 0, 0.81, 0, -0.78, 116.63, 116.63, 0, 0.01
RCIN, 125806, 900, 900, 900, 900, 900, 900, 900, 900, 0, 0, 0, 0, 0, 0
CTUN, 125888, 0, 0, 0, 0, -0.11, -0.64, 0, 0, 0, -1
GPS, 1, 0, 0, 0, 99.99, 0, 0, -0.11, -17, 0, 0, 0, 125905
ATT, 125906, 0, 0.81, 0, -0.78, 116.64, 116.64, 0, 0
RCIN, 125906, 900, 900, 900, 900, 900, 900, 900, 900, 0, 0, 0, 0, 0, 0
CTUN, 125986, 0, 0, 0, 0, -0.14, -0.35, 0, 0, 0, -2
ATT, 126005, 0, 0.82, 0, -0.78, 116.64, 116.64, 0, 0.01
RCIN, 126005, 900, 900, 900, 900, 900, 900, 900, 900, 0, 0, 0, 0, 0, 0
CTUN, 126088, 0, 0, 0, 0, -0.16, -0.14, 0, 0, 0, -2
GPS, 1, 0, 0, 0, 99.99, 0, 0, -0.16, -17, 0, 0, 0, 126105
ATT, 126106, 0, 0.81, 0, -0.78, 116.63, 116.63, 0, 0.02
RCIN, 126106, 900, 900, 900, 900, 900, 900, 900, 900, 0, 0, 0, 0, 0, 0
CTUN, 126186, 0, 0, 0, 0, -0.16, -0.45, 0, 0, 0, -2
DU32, 7, 655576
CURR, 126187, 0, 0, 0, 0, 4752, 0
ATT, 126205, 0, 0.82, 0, -0.78, 116.63, 116.63, 0, 0
RCIN, 126205, 900, 900, 900, 900, 900, 900, 900, 900, 0, 0, 0, 0, 0, 0
CTUN, 126287, 0, 0, 0, 0, -0.18, -0.49, 0, 0, 0, -3
GPS, 1, 0, 0, 0, 99.99, 0, 0, -0.18, -17, 0, 0, 0, 126305
ATT, 126306, 0, 0.82, 0, -0.77, 116.63, 116.63, 0, 0
RCIN, 126306, 900, 900, 900, 900, 900, 900, 900, 900, 0, 0, 0, 0, 0, 0
CTUN, 126386, 0, 0, 0, 0, -0.2, -0.24, 0, 0, 0, -3
ATT, 126405, 0, 0.82, 0, -0.77, 116.62, 116.62, 0, 0
RCIN, 126405, 900, 900, 900, 900, 900, 900, 900, 900, 0, 0, 0, 0, 0, 0
RAD, 126415, 165, 165, 98, 21, 40, 12, 12
RAD, 126415, 165, 165, 98, 21, 40, 12, 12
CTUN, 126487, 0, 0, 0, 0, -0.21, 0.02, 0, 0, 0, -3
GPS, 1, 0, 0, 0, 99.99, 0, 0, -0.2, -17, 0, 0, 0, 126505
ATT, 126506, 0, 0.82, 0, -0.76, 116.63, 116.63, 0, 0.03
RCIN, 126506, 900, 900, 900, 900, 900, 900, 900, 900, 0, 0, 0, 0, 0, 0
CTUN, 126586, 0, 0, 0, 0, -0.2, -0.53, 0, 0, 0, -3
ATT, 126605, 0, 0.82, 0, -0.76, 116.64, 116.64, 0, 0
RCIN, 126605, 900, 900, 900, 900, 900, 900, 900, 900, 0, 0, 0, 0, 0, 0
CTUN, 126687, 0, 0, 0, 0, -0.22, -0.61, 0, 0, 0, -3
GPS, 1, 0, 0, 0, 99.99, 0, 0, -0.22, -17, 0, 0, 0, 126705
ATT, 126706, 0, 0.82, 0, -0.76, 116.64, 116.64, 0, 0
RCIN, 126707, 900, 900, 900, 900, 900, 900, 900, 900, 0, 0, 0, 0, 0, 0
CTUN, 126786, 0, 0, 0, 0, -0.25, -0.38, 0, 0, 0, -3
ATT, 126805, 0, 0.82, 0, -0.75, 116.64, 116.64, 0, 0
RCIN, 126805, 900, 900, 900, 900, 900, 900, 900, 900, 0, 0, 0, 0, 0, 0
CTUN, 126887, 0, 0, 0, 0, -0.26, 0.04, 0, 0, 0, -4
GPS, 1, 0, 0, 0, 99.99, 0, 0, -0.26, -17, 0, 0, 0, 126906
ATT, 126907, 0, 0.81, 0, -0.75, 116.64, 116.64, 0, 0
RCIN, 126907, 900, 900, 900, 900, 900, 900, 900, 900, 0, 0, 0, 0, 0, 0
CTUN, 126986, 0, 0, 0, 0, -0.24, -0.39, 0, 0, 0, -3
ATT, 127005, 0, 0.81, 0, -0.75, 116.65, 116.65, 0, 0
RCIN, 127005, 900, 900, 900, 900, 900, 900, 900, 900, 0, 0, 0, 0, 0, 0
CTUN, 127087, 0, 0, 0, 0, -0.26, -0.15, 0, 0, 0, -3
GPS, 1, 0, 0, 0, 99.99, 0, 0, -0.26, -17, 0, 0, 0, 127105
ATT, 127106, 0, 0.81, 0, -0.75, 116.65, 116.65, 0, 0.01
RCIN, 127106, 900, 900, 900, 900, 900, 900, 900, 900, 0, 0, 0, 0, 0, 0
CTUN, 127186, 0, 0, 0, 0, -0.25, -0.27, 0, 0, 0, -3
DU32, 7, 655576
CURR, 127187, 0, 0, 0, 0, 4752, 0
PM, 24, 1000, 1817518, 10, 0, 0, 0
ATT, 127205, 0, 0.81, 0, -0.75, 116.65, 116.65, 0, 0
RCIN, 127205, 900, 900, 900, 900, 900, 900, 900, 900, 0, 0, 0, 0, 0, 0
CTUN, 127287, 0, 0, 0, 0, -0.26, -0.28, 0, 0, 0, -3
RAD, 127295, 166, 165, 93, 68, 40, 12, 12
RAD, 127296, 166, 165, 93, 68, 40, 12, 12
GPS, 1, 0, 0, 0, 99.99, 0, 0, -0.26, -17, 0, 0, 0, 127305
ATT, 127306, 0, 0.81, 0, -0.74, 116.65, 116.65, 0, 0.01
RCIN, 127306, 900, 900, 900, 900, 900, 900, 900, 900, 0, 0, 0, 0, 0, 0
CTUN, 127386, 0, 0, 0, 0, -0.26, 0.07, 0, 0, 0, -3
ATT, 127405, 0, 0.81, 0, -0.74, 116.64, 116.64, 0, 0
RCIN, 127405, 900, 900, 900, 900, 900, 900, 900, 900, 0, 0, 0, 0, 0, 0
CTUN, 127487, 0, 0, 0, 0, -0.25, -0.2, 0, 0, 0, -3
GPS, 1, 0, 0, 0, 99.99, 0, 0, -0.25, -17, 0, 0, 0, 127505
ATT, 127506, 0, 0.81, 0, -0.74, 116.64, 116.64, 0, 0.02
RCIN, 127506, 900, 900, 900, 900, 900, 900, 900, 900, 0, 0, 0, 0, 0, 0
CTUN, 127586, 0, 0, 0, 0, -0.25, -0.34, 0, 0, 0, -3
ATT, 127605, 0, 0.81, 0, -0.74, 116.63, 116.63, 0, 0.01
RCIN, 127605, 900, 900, 900, 900, 900, 900, 900, 900, 0, 0, 0, 0, 0, 0
CTUN, 127687, 0, 0, 0, 0, -0.26, -0.42, 0, 0, 0, -3
GPS, 1, 0, 0, 0, 99.99, 0, 0, -0.26, -17, 0, 0, 0, 127705
ATT, 127706, 0, 0.81, 0, -0.74, 116.63, 116.63, 0, 0.01
RCIN, 127706, 900, 900, 900, 900, 900, 900, 900, 900, 0, 0, 0, 0, 0, 0
CTUN, 127786, 0, 0, 0, 0, -0.27, -0.34, 0, 0, 0, -3
ATT, 127805, 0, 0.81, 0, -0.73, 116.62, 116.62, 0, 0
RCIN, 127805, 900, 900, 900, 900, 900, 900, 900, 900, 0, 0, 0, 0, 0, 0
CTUN, 127887, 0, 0, 0, 0, -0.28, -0.12, 0, 0, 0, -3
GPS, 1, 0, 0, 0, 99.99, 0, 0, -0.28, -17, 0, 0, 0, 127905
ATT, 127906, 0, 0.81, 0, -0.73, 116.62, 116.62, 0, 0
RCIN, 127906, 900, 900, 900, 900, 900, 900, 900, 900, 0, 0, 0, 0, 0, 0
CTUN, 127986, 0, 0, 0, 0, -0.27, 0.04, 0, 0, 0, -3
ATT, 128005, 0, 0.81, 0, -0.73, 116.61, 116.61, 0, 0.03
RCIN, 128005, 900, 900, 900, 900, 900, 900, 900, 900, 0, 0, 0, 0, 0, 0
CTUN, 128087, 0, 0, 0, 0, -0.26, -0.14, 0, 0, 0, -3
GPS, 1, 0, 0, 0, 99.99, 0, 0, -0.26, -17, 0, 0, 0, 128105
ATT, 128106, 0, 0.81, 0, -0.73, 116.63, 116.63, 0, 0.02
RCIN, 128106, 900, 900, 900, 900, 900, 900, 900, 900, 0, 0, 0, 0, 0, 0
CTUN, 128186, 0, 0, 0, 0, -0.25, -0.49, 0, 0, 0, -3
DU32, 7, 655576
CURR, 128187, 0, 0, 0, 0, 4732, 0
ATT, 128205, 0, 0.81, 0, -0.73, 116.62, 116.62, 0, 0
RCIN, 128205, 900, 900, 900, 900, 900, 900, 900, 900, 0, 0, 0, 0, 0, 0
CTUN, 128287, 0, 0, 0, 0, -0.27, -0.28, 0, 0, 0, -3
GPS, 1, 0, 0, 0, 99.99, 0, 0, -0.27, -17, 0, 0, 0, 128305
ATT, 128306, 0, 0.81, 0, -0.73, 116.62, 116.62, 0, 0.01
RCIN, 128306, 900, 900, 900, 900, 900, 900, 900, 900, 0, 0, 0, 0, 0, 0
RAD, 128334, 163, 164, 93, 42, 39, 12, 12
RAD, 128335, 163, 164, 93, 42, 39, 12, 12
CTUN, 128386, 0, 0, 0, 0, -0.28, -0.27, 0, 0, 0, -3
ATT, 128405, 0, 0.81, 0, -0.73, 116.61, 116.61, 0, 0.04
RCIN, 128405, 900, 900, 900, 900, 900, 900, 900, 900, 0, 0, 0, 0, 0, 0
CTUN, 128487, 0, 0, 0, 0, -0.28, -0.19, 0, 0, 0, -3
GPS, 1, 0, 0, 0, 99.99, 0, 0, -0.28, -17, 0, 0, 0, 128505
ATT, 128506, 0, 0.81, 0, -0.73, 116.63, 116.63, 0, 0
RCIN, 128506, 900, 900, 900, 900, 900, 900, 900, 900, 0, 0, 0, 0, 0, 0
CTUN, 128586, 0, 0, 0, 0, -0.28, -0.13, 0, 0, 0, -3
ATT, 128605, 0, 0.81, 0, -0.72, 116.63, 116.63, 0, 0
RCIN, 128605, 900, 900, 900, 900, 900, 900, 900, 900, 0, 0, 0, 0, 0, 0
CTUN, 128687, 0, 0, 0, 0, -0.27, -0.21, 0, 0, 0, -3
GPS, 1, 0, 0, 0, 99.99, 0, 0, -0.27, -17, 0, 0, 0, 128705
ATT, 128706, 0, 0.81, 0, -0.72, 116.63, 116.63, 0, 0.01
RCIN, 128706, 900, 900, 900, 900, 900, 900, 900, 900, 0, 0, 0, 0, 0, 0
CTUN, 128786, 0, 0, 0, 0, -0.27, -0.36, 0, 0, 0, -3
ATT, 128805, 0, 0.81, 0, -0.72, 116.64, 116.64, 0, 0
RCIN, 128805, 900, 900, 900, 900, 900, 900, 900, 900, 0, 0, 0, 0, 0, 0
CTUN, 128887, 0, 0, 0, 0, -0.28, -0.07, 0, 0, 0, -3
GPS, 1, 0, 0, 0, 99.99, 0, 0, -0.28, -17, 0, 0, 0, 128905
ATT, 128906, 0, 0.81, 0, -0.72, 116.64, 116.64, 0, 0.02
RCIN, 128907, 900, 900, 900, 900, 900, 900, 900, 900, 0, 0, 0, 0, 0, 0
CTUN, 128986, 0, 0, 0, 0, -0.27, -0.33, 0, 0, 0, -3
ATT, 129005, 0, 0.81, 0, -0.72, 116.65, 116.65, 0, 0.01
RCIN, 129005, 900, 900, 900, 900, 900, 900, 900, 900, 0, 0, 0, 0, 0, 0
CTUN, 129087, 0, 0, 0, 0, -0.28, -0.26, 0, 0, 0, -3
GPS, 1, 0, 0, 0, 99.99, 0, 0, -0.28, -17, 0, 0, 0, 129105
ATT, 129106, 0, 0.81, 0, -0.72, 116.64, 116.64, 0, 0
RCIN, 129106, 900, 900, 900, 900, 900, 900, 900, 900, 0, 0, 0, 0, 0, 0
CTUN, 129186, 0, 0, 0, 0, -0.28, 0.2, 0, 0, 0, -3
DU32, 7, 655576
CURR, 129187, 0, 0, 0, 0, 4712, 0
ATT, 129205, 0, 0.81, 0, -0.72, 116.64, 116.64, 0, 0.01
RCIN, 129205, 900, 900, 900, 900, 900, 900, 900, 900, 0, 0, 0, 0, 0, 0
CTUN, 129287, 0, 0, 0, 0, -0.26, -0.38, 0, 0, 0, -2
GPS, 1, 0, 0, 0, 99.99, 0, 0, -0.26, -17, 0, 0, 0, 129305
ATT, 129306, 0, 0.81, 0, -0.72, 116.65, 116.65, 0, 0
RCIN, 129307, 900, 900, 900, 900, 900, 900, 900, 900, 0, 0, 0, 0, 0, 0
RAD, 129374, 168, 166, 92, 24, 64, 12, 12
RAD, 129375, 168, 166, 92, 24, 64, 12, 12
CTUN, 129386, 0, 0, 0, 0, -0.27, -0.18, 0, 0, 0, -2
ATT, 129405, 0, 0.81, 0, -0.72, 116.65, 116.65, 0, 0.01
RCIN, 129405, 900, 900, 900, 900, 900, 900, 900, 900, 0, 0, 0, 0, 0, 0
CTUN, 129487, 0, 0, 0, 0, -0.27, -0.1, 0, 0, 0, -2
GPS, 1, 0, 0, 0, 99.99, 0, 0, -0.26, -17, 0, 0, 0, 129505
ATT, 129506, 0, 0.81, 0, -0.72, 116.66, 116.66, 0, 0.02
RCIN, 129506, 900, 900, 900, 900, 900, 900, 900, 900, 0, 0, 0, 0, 0, 0
CTUN, 129586, 0, 0, 0, 0, -0.26, -0.23, 0, 0, 0, -2
ATT, 129605, 0, 0.81, 0, -0.71, 116.66, 116.66, 0, 0
RCIN, 129605, 900, 900, 900, 900, 900, 900, 900, 900, 0, 0, 0, 0, 0, 0
CTUN, 129687, 0, 0, 0, 0, -0.26, -0.34, 0, 0, 0, -2
GPS, 1, 0, 0, 0, 99.99, 0, 0, -0.26, -17, 0, 0, 0, 129705
ATT, 129706, 0, 0.81, 0, -0.71, 116.66, 116.66, 0, 0.01
RCIN, 129706, 900, 900, 900, 900, 900, 900, 900, 900, 0, 0, 0, 0, 0, 0
CTUN, 129787, 0, 0, 0, 0, -0.27, -0.15, 0, 0, 0, -2
ATT, 129805, 0, 0.81, 0, -0.7, 116.65, 116.65, 0, 0
RCIN, 129805, 900, 900, 900, 900, 900, 900, 900, 900, 0, 0, 0, 0, 0, 0
CTUN, 129887, 0, 0, 0, 0, -0.26, -0.45, 0, 0, 0, -2
GPS, 1, 0, 0, 0, 99.99, 0, 0, -0.27, -17, 0, 0, 0, 129905
ATT, 129906, 0, 0.81, 0, -0.7, 116.65, 116.65, 0, 0
RCIN, 129906, 900, 900, 900, 900, 900, 900, 900, 900, 0, 0, 0, 0, 0, 0
CTUN, 129987, 0, 0, 0, 0, -0.28, -0.49, 0, 0, 0, -2
ATT, 130005, 0, 0.81, 0, -0.7, 116.65, 116.65, 0, 0
RCIN, 130005, 900, 900, 900, 900, 900, 900, 900, 900, 0, 0, 0, 0, 0, 0
CTUN, 130087, 0, 0, 0, 0, -0.29, -0.06, 0, 0, 0, -3
GPS, 1, 0, 0, 0, 99.99, 0, 0, -0.29, -17, 0, 0, 0, 130105
ATT, 130106, 0, 0.81, 0, -0.7, 116.64, 116.64, 0, 0.02
RCIN, 130106, 900, 900, 900, 900, 900, 900, 900, 900, 0, 0, 0, 0, 0, 0
CTUN, 130187, 0, 0, 0, 0, -0.28, -0.28, 0, 0, 0, -2
DU32, 7, 655576
CURR, 130188, 0, 0, 0, 0, 4752, 0
ATT, 130205, 0, 0.81, 0, -0.7, 116.63, 116.63, 0, 0.02
RCIN, 130205, 900, 900, 900, 900, 900, 900, 900, 900, 0, 0, 0, 0, 0, 0
RAD, 130275, 165, 168, 97, 24, 41, 12, 12
RAD, 130276, 165, 168, 97, 24, 41, 12, 12
CTUN, 130287, 0, 0, 0, 0, -0.29, -0.35, 0, 0, 0, -2
GPS, 1, 0, 0, 0, 99.99, 0, 0, -0.29, -17, 0, 0, 0, 130305
ATT, 130306, 0, 0.81, 0, -0.7, 116.62, 116.62, 0, 0
RCIN, 130306, 900, 900, 900, 900, 900, 900, 900, 900, 0, 0, 0, 0, 0, 0
CTUN, 130387, 0, 0, 0, 0, -0.29, -0.35, 0, 0, 0, -2
ATT, 130405, 0, 0.81, 0, -0.7, 116.62, 116.62, 0, 0.02
RCIN, 130405, 900, 900, 900, 900, 900, 900, 900, 900, 0, 0, 0, 0, 0, 0
CTUN, 130487, 0, 0, 0, 0, -0.3, -0.17, 0, 0, 0, -2
GPS, 1, 0, 0, 0, 99.99, 0, 0, -0.3, -17, 0, 0, 0, 130505
ATT, 130506, 0, 0.81, 0, -0.7, 116.61, 116.61, 0, 0.01
RCIN, 130506, 900, 900, 900, 900, 900, 900, 900, 900, 0, 0, 0, 0, 0, 0
CTUN, 130586, 0, 0, 0, 0, -0.29, -0.34, 0, 0, 0, -2
ATT, 130605, 0, 0.81, 0, -0.69, 116.6, 116.6, 0, 0
RCIN, 130605, 900, 900, 900, 900, 900, 900, 900, 900, 0, 0, 0, 0, 0, 0
CTUN, 130687, 0, 0, 0, 0, -0.3, -0.33, 0, 0, 0, -2
GPS, 1, 0, 0, 0, 99.99, 0, 0, -0.3, -17, 0, 0, 0, 130705
ATT, 130706, 0, 0.81, 0, -0.69, 116.6, 116.6, 0, 0
RCIN, 130706, 900, 900, 900, 900, 900, 900, 900, 900, 0, 0, 0, 0, 0, 0
CTUN, 130786, 0, 0, 0, 0, -0.3, -0.33, 0, 0, 0, -2
ATT, 130805, 0, 0.81, 0, -0.69, 116.61, 116.61, 0, 0.02
RCIN, 130805, 900, 900, 900, 900, 900, 900, 900, 900, 0, 0, 0, 0, 0, 0
CTUN, 130887, 0, 0, 0, 0, -0.31, -0.42, 0, 0, 0, -2
GPS, 1, 0, 0, 0, 99.99, 0, 0, -0.31, -17, 0, 0, 0, 130906
ATT, 130907, 0, 0.81, 0, -0.69, 116.62, 116.62, 0, 0
RCIN, 130907, 900, 900, 900, 900, 900, 900, 900, 900, 0, 0, 0, 0, 0, 0
CTUN, 130986, 0, 0, 0, 0, -0.32, -0.25, 0, 0, 0, -2
ATT, 131006, 0, 0.81, 0, -0.69, 116.61, 116.61, 0, 0.01
RCIN, 131006, 900, 900, 900, 900, 900, 900, 900, 900, 0, 0, 0, 0, 0, 0
CTUN, 131087, 0, 0, 0, 0, -0.32, -0.21, 0, 0, 0, -2
GPS, 1, 0, 0, 0, 99.99, 0, 0, -0.32, -17, 0, 0, 0, 131105
ATT, 131106, 0, 0.81, 0, -0.68, 116.61, 116.61, 0, 0.01
RCIN, 131106, 900, 900, 900, 900, 900, 900, 900, 900, 0, 0, 0, 0, 0, 0
CTUN, 131186, 0, 0, 0, 0, -0.31, -0.49, 0, 0, 0, -2
DU32, 7, 655576
CURR, 131187, 0, 0, 0, 0, 4712, 0
ATT, 131206, 0, 0.81, 0, -0.68, 116.6, 116.6, 0, 0.01
RCIN, 131206, 900, 900, 900, 900, 900, 900, 900, 900, 0, 0, 0, 0, 0, 0
RAD, 131255, 165, 163, 100, 18, 27, 13, 12
RAD, 131255, 165, 163, 100, 18, 27, 13, 12
CTUN, 131287, 0, 0, 0, 0, -0.33, 0.13, 0, 0, 0, -2
GPS, 1, 0, 0, 0, 99.99, 0, 0, -0.32, -17, 0, 0, 0, 131305
ATT, 131306, 0, 0.81, 0, -0.68, 116.59, 116.59, 0, 0.01
RCIN, 131306, 900, 900, 900, 900, 900, 900, 900, 900, 0, 0, 0, 0, 0, 0
CTUN, 131386, 0, 0, 0, 0, -0.3, -0.5, 0, 0, 0, -2
ATT, 131405, 0, 0.81, 0, -0.68, 116.58, 116.58, 0, 0.01
RCIN, 131405, 900, 900, 900, 900, 900, 900, 900, 900, 0, 0, 0, 0, 0, 0
CTUN, 131487, 0, 0, 0, 0, -0.32, -0.38, 0, 0, 0, -2
GPS, 1, 0, 0, 0, 99.99, 0, 0, -0.32, -17, 0, 0, 0, 131505
ATT, 131506, 0, 0.82, 0, -0.68, 116.57, 116.57, 0, 0.01
RCIN, 131507, 900, 900, 900, 900, 900, 900, 900, 900, 0, 0, 0, 0, 0, 0
CTUN, 131586, 0, 0, 0, 0, -0.32, -0.3, 0, 0, 0, -2
ATT, 131605, 0, 0.82, 0, -0.67, 116.57, 116.57, 0, 0.02
RCIN, 131605, 900, 900, 900, 900, 900, 900, 900, 900, 0, 0, 0, 0, 0, 0
CTUN, 131687, 0, 0, 0, 0, -0.32, -0.56, 0, 0, 0, -2
GPS, 1, 0, 0, 0, 99.99, 0, 0, -0.33, -17, 0, 0, 0, 131706
ATT, 131706, 0, 0.82, 0, -0.67, 116.55, 116.55, 0, 0
RCIN, 131707, 900, 900, 900, 900, 900, 900, 900, 900, 0, 0, 0, 0, 0, 0
CTUN, 131786, 0, 0, 0, 0, -0.34, -0.61, 0, 0, 0, -2
ATT, 131805, 0, 0.82, 0, -0.67, 116.55, 116.55, 0, 0.01
RCIN, 131805, 900, 900, 900, 900, 900, 900, 900, 900, 0, 0, 0, 0, 0, 0
CTUN, 131887, 0, 0, 0, 0, -0.36, -0.29, 0, 0, 0, -2
ATT, 131906, 0, 0.82, 0, -0.67, 116.55, 116.55, 0, 0.01
RCIN, 131906, 900, 900, 900, 900, 900, 900, 900, 900, 0, 0, 0, 0, 0, 0
GPS, 1, 0, 0, 0, 99.99, 0, 0, -0.36, -17, 0, 0, 0, 131924
CTUN, 131986, 0, 0, 0, 0, -0.36, -0.25, 0, 0, 0, -2
ATT, 132005, 0, 0.82, 0, -0.67, 116.54, 116.54, 0, 0.04
RCIN, 132005, 900, 900, 900, 900, 900, 900, 900, 900, 0, 0, 0, 0, 0, 0
CTUN, 132087, 0, 0, 0, 0, -0.36, -0.28, 0, 0, 0, -2
ATT, 132106, 0, 0.82, 0, -0.67, 116.56, 116.56, 0, 0.03
RCIN, 132106, 900, 900, 900, 900, 900, 900, 900, 900, 0, 0, 0, 0, 0, 0
GPS, 1, 0, 0, 0, 99.99, 0, 0, -0.35, -17, 0, 0, 0, 132124
CTUN, 132186, 0, 0, 0, 0, -0.35, -0.36, 0, 0, 0, -2
DU32, 7, 655576
CURR, 132187, 0, 0, 0, 0, 4752, 0
ATT, 132205, 0, 0.82, 0, -0.66, 116.57, 116.57, 0, 0.02
RCIN, 132205, 900, 900, 900, 900, 900, 900, 900, 900, 0, 0, 0, 0, 0, 0
CTUN, 132287, 0, 0, 0, 0, -0.36, -0.33, 0, 0, 0, -2
GPS, 1, 0, 0, 0, 99.99, 0, 0, -0.36, -17, 0, 0, 0, 132306
ATT, 132306, 0, 0.81, 0, -0.66, 116.55, 116.55, 0, 0
RCIN, 132307, 900, 900, 900, 900, 900, 900, 900, 900, 0, 0, 0, 0, 0, 0
RAD, 132354, 165, 158, 91, 54, 34, 13, 12
RAD, 132355, 165, 158, 91, 54, 34, 13, 12
CTUN, 132386, 0, 0, 0, 0, -0.36, -0.07, 0, 0, 0, -2
ATT, 132405, 0, 0.82, 0, -0.66, 116.55, 116.55, 0, 0
RCIN, 132405, 900, 900, 900, 900, 900, 900, 900, 900, 0, 0, 0, 0, 0, 0
CTUN, 132487, 0, 0, 0, 0, -0.34, -0.21, 0, 0, 0, -2
GPS, 1, 0, 0, 0, 99.99, 0, 0, -0.34, -17, 0, 0, 0, 132506
ATT, 132506, 0, 0.82, 0, -0.66, 116.56, 116.56, 0, 0.02
RCIN, 132507, 900, 900, 900, 900, 900, 900, 900, 900, 0, 0, 0, 0, 0, 0
CTUN, 132586, 0, 0, 0, 0, -0.34, -0.14, 0, 0, 0, -2
ATT, 132605, 0, 0.81, 0, -0.66, 116.56, 116.56, 0, 0.01
RCIN, 132605, 900, 900, 900, 900, 900, 900, 900, 900, 0, 0, 0, 0, 0, 0
CTUN, 132687, 0, 0, 0, 0, -0.33, 0.02, 0, 0, 0, -2
GPS, 1, 0, 0, 0, 99.99, 0, 0, -0.32, -17, 0, 0, 0, 132705
ATT, 132706, 0, 0.81, 0, -0.66, 116.55, 116.55, 0, 0.01
RCIN, 132707, 900, 900, 900, 900, 900, 900, 900, 900, 0, 0, 0, 0, 0, 0
CTUN, 132786, 0, 0, 0, 0, -0.31, -0.43, 0, 0, 0, -1
ATT, 132805, 0, 0.81, 0, -0.65, 116.55, 116.55, 0, 0.02
RCIN, 132805, 900, 900, 900, 900, 900, 900, 900, 900, 0, 0, 0, 0, 0, 0
CTUN, 132887, 0, 0, 0, 0, -0.32, -0.5, 0, 0, 0, -1
GPS, 1, 0, 0, 0, 99.99, 0, 0, -0.32, -17, 0, 0, 0, 132906
ATT, 132907, 0, 0.81, 0, -0.65, 116.54, 116.54, 0, 0.02
RCIN, 132907, 900, 900, 900, 900, 900, 900, 900, 900, 0, 0, 0, 0, 0, 0
CTUN, 132986, 0, 0, 0, 0, -0.33, -0.37, 0, 0, 0, -1
ATT, 133005, 0, 0.81, 0, -0.65, 116.53, 116.53, 0, 0.01
RCIN, 133005, 900, 900, 900, 900, 900, 900, 900, 900, 0, 0, 0, 0, 0, 0
CTUN, 133087, 0, 0, 0, 0, -0.34, 0.19, 0, 0, 0, -1
ATT, 133106, 0, 0.81, 0, -0.65, 116.53, 116.53, 0, 0.01
RCIN, 133106, 900, 900, 900, 900, 900, 900, 900, 900, 0, 0, 0, 0, 0, 0
GPS, 1, 0, 0, 0, 99.99, 0, 0, -0.32, -17, 0, 0, 0, 133124
CTUN, 133186, 0, 0, 0, 0, -0.3, 0.15, 0, 0, 0, -1
DU32, 7, 655576
CURR, 133187, 0, 0, 0, 0, 4752, 0
ATT, 133205, 0, 0.81, 0, -0.65, 116.54, 116.54, 0, 0.02
RCIN, 133205, 900, 900, 900, 900, 900, 900, 900, 900, 0, 0, 0, 0, 0, 0
CTUN, 133287, 0, 0, 0, 0, -0.28, -0.11, 0, 0, 0, 0
RAD, 133295, 166, 166, 96, 19, 86, 13, 12
RAD, 133296, 166, 166, 96, 19, 86, 13, 12
ATT, 133306, 0, 0.81, 0, -0.64, 116.54, 116.54, 0, 0
RCIN, 133306, 900, 900, 900, 900, 900, 900, 900, 900, 0, 0, 0, 0, 0, 0
GPS, 1, 0, 0, 0, 99.99, 0, 0, -0.27, -17, 0, 0, 0, 133324
CTUN, 133386, 0, 0, 0, 0, -0.27, 0.03, 0, 0, 0, 0
ATT, 133405, 0, 0.81, 0, -0.65, 116.54, 116.54, 0, 0
RCIN, 133405, 900, 900, 900, 900, 900, 900, 900, 900, 0, 0, 0, 0, 0, 0
CTUN, 133487, 0, 0, 0, 0, -0.25, -0.5, 0, 0, 0, 0
GPS, 1, 0, 0, 0, 99.99, 0, 0, -0.25, -17, 0, 0, 0, 133506
ATT, 133506, 0, 0.81, 0, -0.64, 116.54, 116.54, 0, 0.02
RCIN, 133507, 900, 900, 900, 900, 900, 900, 900, 900, 0, 0, 0, 0, 0, 0
CTUN, 133586, 0, 0, 0, 0, -0.27, 0, 0, 0, 0, 0
ATT, 133605, 0, 0.81, 0, -0.64, 116.53, 116.53, 0, 0
RCIN, 133605, 900, 900, 900, 900, 900, 900, 900, 900, 0, 0, 0, 0, 0, 0
CTUN, 133687, 0, 0, 0, 0, -0.25, -0.52, 0, 0, 0, 0
ATT, 133706, 0, 0.81, 0, -0.64, 116.53, 116.53, 0, 0.01
RCIN, 133706, 900, 900, 900, 900, 900, 900, 900, 900, 0, 0, 0, 0, 0, 0
GPS, 1, 0, 0, 0, 99.99, 0, 0, -0.26, -17, 0, 0, 0, 133724
CTUN, 133786, 0, 0, 0, 0, -0.27, 0.14, 0, 0, 0, 0
ATT, 133805, 0, 0.81, 0, -0.64, 116.52, 116.52, 0, 0
RCIN, 133805, 900, 900, 900, 900, 900, 900, 900, 900, 0, 0, 0, 0, 0, 0
CTUN, 133887, 0, 0, 0, 0, -0.24, -0.08, 0, 0, 0, 0
ATT, 133906, 0, 0.81, 0, -0.64, 116.52, 116.52, 0, 0
RCIN, 133906, 900, 900, 900, 900, 900, 900, 900, 900, 0, 0, 0, 0, 0, 0
GPS, 1, 0, 0, 0, 99.99, 0, 0, -0.24, -17, 0, 0, 0, 133924
CTUN, 133986, 0, 0, 0, 0, -0.23, -0.27, 0, 0, 0, 0
ATT, 134005, 0, 0.81, 0, -0.64, 116.52, 116.52, 0, 0.01
RCIN, 134005, 900, 900, 900, 900, 900, 900, 900, 900, 0, 0, 0, 0, 0, 0
CTUN, 134087, 0, 0, 0, 0, -0.23, -0.37, 0, 0, 0, 0
ATT, 134106, 0, 0.81, 0, -0.64, 116.51, 116.51, 0, 0
RCIN, 134106, 900, 900, 900, 900, 900, 900, 900, 900, 0, 0, 0, 0, 0, 0
GPS, 1, 0, 0, 0, 99.99, 0, 0, -0.24, -17, 0, 0, 0, 134124
CTUN, 134186, 0, 0, 0, 0, -0.24, -0.12, 0, 0, 0, 0
DU32, 7, 655576
CURR, 134187, 0, 0, 0, 0, 4732, 0
ATT, 134205, 0, 0.81, 0, -0.64, 116.51, 116.51, 0, 0.01
RCIN, 134205, 900, 900, 900, 900, 900, 900, 900, 900, 0, 0, 0, 0, 0, 0
RAD, 134254, 162, 164, 100, 37, 28, 13, 12
RAD, 134255, 162, 164, 100, 37, 28, 13, 12
CTUN, 134287, 0, 0, 0, 0, -0.23, 0, 0, 0, 0, 0
ATT, 134306, 0, 0.81, 0, -0.64, 116.51, 116.51, 0, 0.01
RCIN, 134306, 900, 900, 900, 900, 900, 900, 900, 900, 0, 0, 0, 0, 0, 0
GPS, 1, 0, 0, 0, 99.99, 0, 0, -0.23, -17, 0, 0, 0, 134324
CTUN, 134386, 0, 0, 0, 0, -0.22, -0.5, 0, 0, 0, 0
ATT, 134405, 0, 0.81, 0, -0.63, 116.51, 116.51, 0, 0
RCIN, 134405, 900, 900, 900, 900, 900, 900, 900, 900, 0, 0, 0, 0, 0, 0
CTUN, 134488, 0, 0, 0, 0, -0.23, -0.33, 0, 0, 0, 0
ATT, 134506, 0, 0.81, 0, -0.63, 116.51, 116.51, 0, 0
RCIN, 134506, 900, 900, 900, 900, 900, 900, 900, 900, 0, 0, 0, 0, 0, 0
GPS, 1, 0, 0, 0, 99.99, 0, 0, -0.24, -17, 0, 0, 0, 134525
CTUN, 134586, 0, 0, 0, 0, -0.24, 0.14, 0, 0, 0, 0
ATT, 134605, 0, 0.81, 0, -0.63, 116.51, 116.51, 0, 0
RCIN, 134605, 900, 900, 900, 900, 900, 900, 900, 900, 0, 0, 0, 0, 0, 0
CTUN, 134688, 0, 0, 0, 0, -0.21, -0.47, 0, 0, 0, 0
ATT, 134706, 0, 0.81, 0, -0.63, 116.51, 116.51, 0, 0
RCIN, 134706, 900, 900, 900, 900, 900, 900, 900, 900, 0, 0, 0, 0, 0, 0
GPS, 1, 0, 0, 0, 99.99, 0, 0, -0.22, -17, 0, 0, 0, 134725
CTUN, 134786, 0, 0, 0, 0, -0.23, -0.34, 0, 0, 0, 0
ATT, 134805, 0, 0.81, 0, -0.63, 116.5, 116.5, 0, 0.01
RCIN, 134805, 900, 900, 900, 900, 900, 900, 900, 900, 0, 0, 0, 0, 0, 0
CTUN, 134887, 0, 0, 0, 0, -0.24, -0.38, 0, 0, 0, 0
ATT, 134906, 0, 0.81, 0, -0.62, 116.51, 116.51, 0, 0.01
RCIN, 134906, 900, 900, 900, 900, 900, 900, 900, 900, 0, 0, 0, 0, 0, 0
GPS, 1, 0, 0, 0, 99.99, 0, 0, -0.24, -17, 0, 0, 0, 134924
CTUN, 134986, 0, 0, 0, 0, -0.24, 0.02, 0, 0, 0, 0
ATT, 135005, 0, 0.81, 0, -0.62, 116.51, 116.51, 0, 0.01
RCIN, 135005, 900, 900, 900, 900, 900, 900, 900, 900, 0, 0, 0, 0, 0, 0
CTUN, 135087, 0, 0, 0, 0, -0.23, -0.47, 0, 0, 0, 0
ATT, 135106, 0, 0.81, 0, -0.62, 116.51, 116.51, 0, 0.02
RCIN, 135106, 900, 900, 900, 900, 900, 900, 900, 900, 0, 0, 0, 0, 0, 0
GPS, 1, 0, 0, 0, 99.99, 0, 0, -0.23, -17, 0, 0, 0, 135125
CTUN, 135186, 0, 0, 0, 0, -0.24, -0.53, 0, 0, 0, 0
DU32, 7, 655576
CURR, 135187, 0, 0, 0, 0, 4752, 0
ATT, 135205, 0, 0.8, 0, -0.62, 116.5, 116.5, 0, 0
RCIN, 135205, 900, 900, 900, 900, 900, 900, 900, 900, 0, 0, 0, 0, 0, 0
RAD, 135255, 164, 160, 95, 20, 21, 13, 12
RAD, 135255, 164, 160, 95, 20, 21, 13, 12
CTUN, 135287, 0, 0, 0, 0, -0.26, 0.01, 0, 0, 0, 0
GPS, 1, 0, 0, 0, 99.99, 0, 0, -0.25, -17, 0, 0, 0, 135307
ATT, 135307, 0, 0.81, 0, -0.62, 116.5, 116.5, 0, 0
RCIN, 135308, 900, 900, 900, 900, 900, 900, 900, 900, 0, 0, 0, 0, 0, 0
CTUN, 135386, 0, 0, 0, 0, -0.24, 0.19, 0, 0, 0, 0
ATT, 135405, 0, 0.81, 0, -0.62, 116.5, 116.5, 0, 0.02
RCIN, 135405, 900, 900, 900, 900, 900, 900, 900, 900, 0, 0, 0, 0, 0, 0
CTUN, 135487, 0, 0, 0, 0, -0.21, 0.02, 0, 0, 0, 1
ATT, 135506, 0, 0.81, 0, -0.62, 116.51, 116.51, 0, 0
RCIN, 135506, 900, 900, 900, 900, 900, 900, 900, 900, 0, 0, 0, 0, 0, 0
GPS, 1, 0, 0, 0, 99.99, 0, 0, -0.21, -17, 0, 0, 0, 135525
CTUN, 135586, 0, 0, 0, 0, -0.2, -0.38, 0, 0, 0, 1
ATT, 135605, 0, 0.81, 0, -0.62, 116.51, 116.51, 0, 0
RCIN, 135605, 900, 900, 900, 900, 900, 900, 900, 900, 0, 0, 0, 0, 0, 0
CTUN, 135687, 0, 0, 0, 0, -0.21, -0.25, 0, 0, 0, 1
ATT, 135706, 0, 0.81, 0, -0.62, 116.5, 116.5, 0, 0
RCIN, 135706, 900, 900, 900, 900, 900, 900, 900, 900, 0, 0, 0, 0, 0, 0
GPS, 1, 0, 0, 0, 99.99, 0, 0, -0.21, -17, 0, 0, 0, 135726
CTUN, 135786, 0, 0, 0, 0, -0.21, -0.47, 0, 0, 0, 1
ATT, 135805, 0, 0.81, 0, -0.61, 116.5, 116.5, 0, 0.02
RCIN, 135805, 900, 900, 900, 900, 900, 900, 900, 900, 0, 0, 0, 0, 0, 0
CTUN, 135887, 0, 0, 0, 0, -0.22, -0.27, 0, 0, 0, 0
ATT, 135906, 0, 0.81, 0, -0.61, 116.49, 116.49, 0, 0.01
RCIN, 135906, 900, 900, 900, 900, 900, 900, 900, 900, 0, 0, 0, 0, 0, 0
GPS, 1, 0, 0, 0, 99.99, 0, 0, -0.22, -17, 0, 0, 0, 135926
CTUN, 135986, 0, 0, 0, 0, -0.22, -0.45, 0, 0, 0, 0
ATT, 136005, 0, 0.8, 0, -0.61, 116.48, 116.48, 0, 0.01
RCIN, 136005, 900, 900, 900, 900, 900, 900, 900, 900, 0, 0, 0, 0, 0, 0
CTUN, 136087, 0, 0, 0, 0, -0.24, -0.47, 0, 0, 0, 0
ATT, 136106, 0, 0.8, 0, -0.61, 116.48, 116.48, 0, 0.01
RCIN, 136106, 900, 900, 900, 900, 900, 900, 900, 900, 0, 0, 0, 0, 0, 0
GPS, 1, 0, 0, 0, 99.99, 0, 0, -0.24, -17, 0, 0, 0, 136126
CTUN, 136186, 0, 0, 0, 0, -0.25, 0.07, 0, 0, 0, 0
DU32, 7, 655576
CURR, 136187, 0, 0, 0, 0, 4712, 0
ATT, 136205, 0, 0.8, 0, -0.61, 116.46, 116.46, 0, 0.01
RCIN, 136205, 900, 900, 900, 900, 900, 900, 900, 900, 0, 0, 0, 0, 0, 0
RAD, 136255, 167, 155, 90, 24, 23, 13, 12
RAD, 136277, 167, 155, 90, 24, 23, 13, 12
CTUN, 136289, 0, 0, 0, 0, -0.23, 0.04, 0, 0, 0, 1
GPS, 1, 0, 0, 0, 99.99, 0, 0, -0.23, -17, 0, 0, 0, 136307
ATT, 136308, 0, 0.8, 0, -0.61, 116.45, 116.45, 0, 0.01
RCIN, 136308, 900, 900, 900, 900, 900, 900, 900, 900, 0, 0, 0, 0, 0, 0
CTUN, 136387, 0, 0, 0, 0, -0.21, -0.29, 0, 0, 0, 1
ATT, 136406, 0, 0.8, 0, -0.61, 116.45, 116.45, 0, 0.02
RCIN, 136406, 900, 900, 900, 900, 900, 900, 900, 900, 0, 0, 0, 0, 0, 0
CTUN, 136487, 0, 0, 0, 0, -0.21, -0.01, 0, 0, 0, 1
ATT, 136506, 0, 0.8, 0, -0.6, 116.46, 116.46, 0, 0.02
RCIN, 136506, 900, 900, 900, 900, 900, 900, 900, 900, 0, 0, 0, 0, 0, 0
GPS, 1, 0, 0, 0, 99.99, 0, 0, -0.21, -17, 0, 0, 0, 136528
CTUN, 136587, 0, 0, 0, 0, -0.2, -0.28, 0, 0, 0, 1
ATT, 136606, 0, 0.8, 0, -0.6, 116.47, 116.47, 0, 0.01
RCIN, 136607, 900, 900, 900, 900, 900, 900, 900, 900, 0, 0, 0, 0, 0, 0
CTUN, 136687, 0, 0, 0, 0, -0.2, -0.53, 0, 0, 0, 1
ATT, 136707, 0, 0.8, 0, -0.6, 116.46, 116.46, 0, 0.01
RCIN, 136707, 900, 900, 900, 900, 900, 900, 900, 900, 0, 0, 0, 0, 0, 0
GPS, 1, 0, 0, 0, 99.99, 0, 0, -0.21, -17, 0, 0, 0, 136725
CTUN, 136786, 0, 0, 0, 0, -0.22, -0.11, 0, 0, 0, 1
ATT, 136807, 0, 0.8, 0, -0.6, 116.46, 116.46, 0, 0.01
RCIN, 136807, 900, 900, 900, 900, 900, 900, 900, 900, 0, 0, 0, 0, 0, 0
CTUN, 136888, 0, 0, 0, 0, -0.21, -0.43, 0, 0, 0, 1
ATT, 136907, 0, 0.8, 0, -0.6, 116.45, 116.45, 0, 0
RCIN, 136907, 900, 900, 900, 900, 900, 900, 900, 900, 0, 0, 0, 0, 0, 0
GPS, 1, 0, 0, 0, 99.99, 0, 0, -0.22, -17, 0, 0, 0, 136925
CTUN, 136986, 0, 0, 0, 0, -0.22, -0.42, 0, 0, 0, 1
ATT, 137005, 0, 0.8, 0, -0.6, 116.45, 116.45, 0, 0.02
RCIN, 137005, 900, 900, 900, 900, 900, 900, 900, 900, 0, 0, 0, 0, 0, 0
CTUN, 137088, 0, 0, 0, 0, -0.23, -0.27, 0, 0, 0, 0
ATT, 137107, 0, 0.8, 0, -0.6, 116.43, 116.43, 0, 0.01
RCIN, 137107, 900, 900, 900, 900, 900, 900, 900, 900, 0, 0, 0, 0, 0, 0
GPS, 1, 0, 0, 0, 99.99, 0, 0, -0.24, -17, 0, 0, 0, 137126
CTUN, 137186, 0, 0, 0, 0, -0.24, 0.06, 0, 0, 0, 0
DU32, 7, 655576
CURR, 137187, 0, 0, 0, 0, 4732, 0
PM, 4, 1000, 11944, 6, 0, 0, 0
ATT, 137205, 0, 0.8, 0, -0.6, 116.43, 116.43, 0, 0
RCIN, 137206, 900, 900, 900, 900, 900, 900, 900, 900, 0, 0, 0, 0, 0, 0
RAD, 137275, 166, 164, 97, 23, 44, 13, 12
RAD, 137275, 166, 164, 97, 23, 44, 13, 12
CTUN, 137287, 0, 0, 0, 0, -0.22, -0.43, 0, 0, 0, 1
GPS, 1, 0, 0, 0, 99.99, 0, 0, -0.22, -17, 0, 0, 0, 137307
ATT, 137308, 0, 0.8, 0, -0.6, 116.42, 116.42, 0, 0
RCIN, 137308, 900, 900, 900, 900, 900, 900, 900, 900, 0, 0, 0, 0, 0, 0
CTUN, 137387, 0, 0, 0, 0, -0.23, -0.44, 0, 0, 0, 1
ATT, 137406, 0, 0.8, 0, -0.6, 116.42, 116.42, 0, 0
RCIN, 137406, 900, 900, 900, 900, 900, 900, 900, 900, 0, 0, 0, 0, 0, 0
CTUN, 137487, 0, 0, 0, 0, -0.24, -0.37, 0, 0, 0, 0
ATT, 137506, 0, 0.8, 0, -0.6, 116.42, 116.42, 0, 0
RCIN, 137506, 900, 900, 900, 900, 900, 900, 900, 900, 0, 0, 0, 0, 0, 0
GPS, 1, 0, 0, 0, 99.99, 0, 0, -0.24, -17, 0, 0, 0, 137525
CTUN, 137587, 0, 0, 0, 0, -0.25, 0.14, 0, 0, 0, 0
ATT, 137606, 0, 0.8, 0, -0.6, 116.41, 116.41, 0, 0.01
RCIN, 137607, 900, 900, 900, 900, 900, 900, 900, 900, 0, 0, 0, 0, 0, 0
CTUN, 137687, 0, 0, 0, 0, -0.22, -0.26, 0, 0, 0, 1
ATT, 137706, 0, 0.8, 0, -0.6, 116.41, 116.41, 0, 0.03
RCIN, 137707, 900, 900, 900, 900, 900, 900, 900, 900, 0, 0, 0, 0, 0, 0
GPS, 1, 0, 0, 0, 99.99, 0, 0, -0.22, -17, 0, 0, 0, 137725
CTUN, 137786, 0, 0, 0, 0, -0.22, -0.73, 0, 0, 0, 1
ATT, 137805, 0, 0.8, 0, -0.6, 116.42, 116.42, 0, 0
RCIN, 137805, 900, 900, 900, 900, 900, 900, 900, 900, 0, 0, 0, 0, 0, 0
CTUN, 137888, 0, 0, 0, 0, -0.25, -0.38, 0, 0, 0, 0
ATT, 137907, 0, 0.8, 0, -0.59, 116.42, 116.42, 0, 0.01
RCIN, 137907, 900, 900, 900, 900, 900, 900, 900, 900, 0, 0, 0, 0, 0, 0
GPS, 1, 0, 0, 0, 99.99, 0, 0, -0.25, -17, 0, 0, 0, 137925
CTUN, 137986, 0, 0, 0, 0, -0.26, -0.04, 0, 0, 0, 0
ATT, 138005, 0, 0.8, 0, -0.59, 116.41, 116.41, 0, 0.03
RCIN, 138005, 900, 900, 900, 900, 900, 900, 900, 900, 0, 0, 0, 0, 0, 0
CTUN, 138088, 0, 0, 0, 0, -0.25, -0.14, 0, 0, 0, 0
GPS, 1, 0, 0, 0, 99.99, 0, 0, -0.24, -17, 0, 0, 0, 138107
ATT, 138107, 0, 0.79, 0, -0.6, 116.43, 116.43, 0, 0.03
RCIN, 138108, 900, 900, 900, 900, 900, 900, 900, 900, 0, 0, 0, 0, 0, 0
CTUN, 138186, 0, 0, 0, 0, -0.24, -0.68, 0, 0, 0, 1
DU32, 7, 655576
CURR, 138187, 0, 0, 0, 0, 4752, 0
ATT, 138206, 0, 0.79, 0, -0.59, 116.44, 116.44, 0, 0.01
RCIN, 138206, 900, 900, 900, 900, 900, 900, 900, 900, 0, 0, 0, 0, 0, 0
CTUN, 138287, 0, 0, 0, 0, -0.26, -0.43, 0, 0, 0, 0
GPS, 1, 0, 0, 0, 99.99, 0, 0, -0.27, -17, 0, 0, 0, 138305
ATT, 138306, 0, 0.8, 0, -0.59, 116.43, 116.43, 0, 0.01
RCIN, 138306, 900, 900, 900, 900, 900, 900, 900, 900, 0, 0, 0, 0, 0, 0
RAD, 138315, 166, 167, 100, 59, 50, 13, 12
RAD, 138336, 166, 167, 100, 59, 50, 13, 12
CTUN, 138387, 0, 0, 0, 0, -0.27, -0.37, 0, 0, 0, 0
ATT, 138406, 0, 0.8, 0, -0.59, 116.42, 116.42, 0, 0.01
RCIN, 138406, 900, 900, 900, 900, 900, 900, 900, 900, 0, 0, 0, 0, 0, 0
CTUN, 138487, 0, 0, 0, 0, -0.28, -0.23, 0, 0, 0, 0
GPS, 1, 0, 0, 0, 99.99, 0, 0, -0.28, -17, 0, 0, 0, 138506
ATT, 138506, 0, 0.8, 0, -0.59, 116.42, 116.42, 0, 0.01
RCIN, 138507, 900, 900, 900, 900, 900, 900, 900, 900, 0, 0, 0, 0, 0, 0
CTUN, 138586, 0, 0, 0, 0, -0.28, -0.38, 0, 0, 0, 0
ATT, 138606, 0, 0.8, 0, -0.59, 116.4, 116.4, 0, 0.01
RCIN, 138606, 900, 900, 900, 900, 900, 900, 900, 900, 0, 0, 0, 0, 0, 0
CTUN, 138687, 0, 0, 0, 0, -0.28, -0.36, 0, 0, 0, 0
ATT, 138706, 0, 0.8, 0, -0.59, 116.4, 116.4, 0, 0
RCIN, 138707, 900, 900, 900, 900, 900, 900, 900, 900, 0, 0, 0, 0, 0, 0
GPS, 1, 0, 0, 0, 99.99, 0, 0, -0.28, -17, 0, 0, 0, 138725
CTUN, 138786, 0, 0, 0, 0, -0.29, -0.46, 0, 0, 0, 0
ATT, 138805, 0, 0.8, 0, -0.59, 116.39, 116.39, 0, 0.01
RCIN, 138805, 900, 900, 900, 900, 900, 900, 900, 900, 0, 0, 0, 0, 0, 0
CTUN, 138888, 0, 0, 0, 0, -0.3, 0.08, 0, 0, 0, 0
ATT, 138907, 0, 0.8, 0, -0.59, 116.39, 116.39, 0, 0
RCIN, 138907, 900, 900, 900, 900, 900, 900, 900, 900, 0, 0, 0, 0, 0, 0
GPS, 1, 0, 0, 0, 99.99, 0, 0, -0.29, -17, 0, 0, 0, 138925
CTUN, 138986, 0, 0, 0, 0, -0.27, -0.28, 0, 0, 0, 0
ATT, 139005, 0, 0.8, 0, -0.59, 116.38, 116.38, 0, 0.01
RCIN, 139005, 900, 900, 900, 900, 900, 900, 900, 900, 0, 0, 0, 0, 0, 0
CTUN, 139087, 0, 0, 0, 0, -0.27, -0.07, 0, 0, 0, 0
ATT, 139106, 0, 0.8, 0, -0.59, 116.38, 116.38, 0, 0
RCIN, 139106, 900, 900, 900, 900, 900, 900, 900, 900, 0, 0, 0, 0, 0, 0
GPS, 1, 0, 0, 0, 99.99, 0, 0, -0.27, -17, 0, 0, 0, 139125
CTUN, 139186, 0, 0, 0, 0, -0.26, -0.28, 0, 0, 0, 0
DU32, 7, 655576
CURR, 139187, 0, 0, 0, 0, 4732, 0
EV, 10
MODE, Stabilize, 763
CTUN, 175614, 0, 0, 0, 0, 0, -0.44, 0, 0, 0, 0
ATT, 175632, 0, 0.78, 0, -0.53, 116.48, 116.48, 0, 0
RCIN, 175632, 900, 900, 900, 900, 900, 900, 900, 900, 0, 0, 0, 0, 0, 0
CTUN, 175714, 0, 0, 0, 0, -0.02, -0.16, 0, 0, 0, 0
GPS, 1, 0, 0, 0, 99.99, 0, 0, -0.02, -17, 0, 0, 0, 175732
ATT, 175733, 0, 0.78, 0, -0.53, 116.49, 116.49, 0, 0.01
RCIN, 175734, 900, 900, 900, 900, 900, 900, 900, 900, 0, 0, 0, 0, 0, 0
CTUN, 175814, 0, 0, 0, 0, -0.03, -0.27, 0, 0, 0, -1
ATT, 175834, 0, 0.78, 0, -0.53, 116.48, 116.48, 0, 0.04
RCIN, 175834, 900, 900, 900, 900, 900, 900, 900, 900, 0, 0, 0, 0, 0, 0
CTUN, 175915, 0, 0, 0, 0, -0.04, -0.2, 0, 0, 0, -1
GPS, 1, 0, 0, 0, 99.99, 0, 0, -0.04, -17, 0, 0, 0, 175933
ATT, 175935, 0, 0.77, 0, -0.54, 116.49, 116.49, 0, 0.01
RCIN, 175935, 900, 900, 900, 900, 900, 900, 900, 900, 0, 0, 0, 0, 0, 0
CTUN, 176014, 0, 0, 0, 0, -0.05, -0.03, 0, 0, 0, -1
ATT, 176033, 0, 0.77, 0, -0.54, 116.5, 116.5, 0, 0.01
RCIN, 176033, 900, 900, 900, 900, 900, 900, 900, 900, 0, 0, 0, 0, 0, 0
CTUN, 176115, 0, 0, 0, 0, -0.05, -0.19, 0, 0, 0, -1
GPS, 1, 0, 0, 0, 99.99, 0, 0, -0.06, -17, 0, 0, 0, 176133
ATT, 176134, 0, 0.78, 0, -0.55, 116.5, 116.5, 0, 0.02
RCIN, 176134, 900, 900, 900, 900, 900, 900, 900, 900, 0, 0, 0, 0, 0, 0
CTUN, 176215, 0, 0, 0, 0, -0.06, 0, 0, 0, 0, -1
DU32, 7, 655576
CURR, 176216, 0, 0, 0, 0, 4752, 0
ATT, 176233, 0, 0.77, 0, -0.56, 116.49, 116.49, 0, 0
RCIN, 176233, 900, 900, 900, 900, 900, 900, 900, 900, 0, 0, 0, 0, 0, 0
CTUN, 176314, 0, 0, 0, 0, -0.06, -0.39, 0, 0, 0, -1
RAD, 176323, 160, 159, 100, 28, 22, 14, 22
RAD, 176323, 160, 159, 100, 28, 22, 14, 22
GPS, 1, 0, 0, 0, 99.99, 0, 0, -0.07, -17, 0, 0, 0, 176331
ATT, 176333, 0, 0.77, 0, -0.56, 116.48, 116.48, 0, 0.02
RCIN, 176333, 900, 900, 900, 900, 900, 900, 900, 900, 0, 0, 0, 0, 0, 0
CTUN, 176415, 0, 0, 0, 0, -0.08, -0.53, 0, 0, 0, -2
ATT, 176433, 0, 0.77, 0, -0.56, 116.47, 116.47, 0, 0.02
RCIN, 176434, 900, 900, 900, 900, 900, 900, 900, 900, 0, 0, 0, 0, 0, 0
CTUN, 176514, 0, 0, 0, 0, -0.11, -0.29, 0, 0, 0, -2
GPS, 1, 0, 0, 0, 99.99, 0, 0, -0.11, -17, 0, 0, 0, 176532
ATT, 176533, 0, 0.77, 0, -0.57, 116.47, 116.47, 0, 0.02
RCIN, 176533, 900, 900, 900, 900, 900, 900, 900, 900, 0, 0, 0, 0, 0, 0
CTUN, 176615, 0, 0, 0, 0, -0.13, -0.26, 0, 0, 0, -3
ATT, 176634, 0, 0.77, 0, -0.57, 116.45, 116.45, 0, 0.02
RCIN, 176634, 900, 900, 900, 900, 900, 900, 900, 900, 0, 0, 0, 0, 0, 0
CTUN, 176714, 0, 0, 0, 0, -0.14, 0.01, 0, 0, 0, -3
GPS, 1, 0, 0, 0, 99.99, 0, 0, -0.14, -17, 0, 0, 0, 176732
ATT, 176733, 0, 0.77, 0, -0.57, 116.45, 116.45, 0, 0.02
RCIN, 176734, 900, 900, 900, 900, 900, 900, 900, 900, 0, 0, 0, 0, 0, 0
CTUN, 176813, 0, 0, 0, 0, -0.13, 0.17, 0, 0, 0, -3
ATT, 176832, 0, 0.76, 0, -0.58, 116.45, 116.45, 0, 0.02
RCIN, 176832, 900, 900, 900, 900, 900, 900, 900, 900, 0, 0, 0, 0, 0, 0
CTUN, 176915, 0, 0, 0, 0, -0.12, -0.37, 0, 0, 0, -2
GPS, 1, 0, 0, 0, 99.99, 0, 0, -0.12, -17, 0, 0, 0, 176933
ATT, 176934, 0, 0.76, 0, -0.58, 116.46, 116.46, 0, 0.01
RCIN, 176934, 900, 900, 900, 900, 900, 900, 900, 900, 0, 0, 0, 0, 0, 0
CTUN, 177013, 0, 0, 0, 0, -0.13, -0.52, 0, 0, 0, -3
ATT, 177032, 0, 0.77, 0, -0.58, 116.47, 116.47, 0, 0.01
RCIN, 177033, 900, 900, 900, 900, 900, 900, 900, 900, 0, 0, 0, 0, 0, 0
CTUN, 177114, 0, 0, 0, 0, -0.16, -0.38, 0, 0, 0, -3
GPS, 1, 0, 0, 0, 99.99, 0, 0, -0.16, -17, 0, 0, 0, 177133
ATT, 177134, 0, 0.77, 0, -0.59, 116.46, 116.46, 0, 0.01
RCIN, 177134, 900, 900, 900, 900, 900, 900, 900, 900, 0, 0, 0, 0, 0, 0
CTUN, 177213, 0, 0, 0, 0, -0.18, 0.2, 0, 0, 0, -3
DU32, 7, 655576
CURR, 177214, 0, 0, 0, 0, 4752, 0
PM, 25, 1000, 36858, 3, 0, 0, 0
ATT, 177233, 0, 0.76, 0, -0.6, 116.45, 116.45, 0, 0.01
RCIN, 177233, 900, 900, 900, 900, 900, 900, 900, 900, 0, 0, 0, 0, 0, 0
RAD, 177282, 161, 159, 96, 17, 63, 14, 22
RAD, 177283, 161, 159, 96, 17, 63, 14, 22
CTUN, 177314, 0, 0, 0, 0, -0.16, -0.1, 0, 0, 0, -3
GPS, 1, 0, 0, 0, 99.99, 0, 0, -0.16, -17, 0, 0, 0, 177331
ATT, 177333, 0, 0.76, 0, -0.6, 116.44, 116.44, 0, 0.02
RCIN, 177333, 900, 900, 900, 900, 900, 900, 900, 900, 0, 0, 0, 0, 0, 0
CTUN, 177414, 0, 0, 0, 0, -0.16, -0.4, 0, 0, 0, -3
ATT, 177433, 0, 0.76, 0, -0.6, 116.43, 116.43, 0, 0
RCIN, 177433, 900, 900, 900, 900, 900, 900, 900, 900, 0, 0, 0, 0, 0, 0
CTUN, 177514, 0, 0, 0, 0, -0.18, -0.3, 0, 0, 0, -3
GPS, 1, 0, 0, 0, 99.99, 0, 0, -0.18, -17, 0, 0, 0, 177532
ATT, 177533, 0, 0.76, 0, -0.6, 116.43, 116.43, 0, 0.01
RCIN, 177533, 900, 900, 900, 900, 900, 900, 900, 900, 0, 0, 0, 0, 0, 0
CTUN, 177613, 0, 0, 0, 0, -0.19, -0.16, 0, 0, 0, -3
ATT, 177634, 0, 0.76, 0, -0.61, 116.42, 116.42, 0, 0.02
RCIN, 177634, 900, 900, 900, 900, 900, 900, 900, 900, 0, 0, 0, 0, 0, 0
CTUN, 177714, 0, 0, 0, 0, -0.19, -0.01, 0, 0, 0, -4
GPS, 1, 0, 0, 0, 99.99, 0, 0, -0.19, -17, 0, 0, 0, 177733
ATT, 177734, 0, 0.76, 0, -0.61, 116.43, 116.43, 0, 0.02
RCIN, 177734, 900, 900, 900, 900, 900, 900, 900, 900, 0, 0, 0, 0, 0, 0
CTUN, 177813, 0, 0, 0, 0, -0.19, -0.53, 0, 0, 0, -3
ATT, 177833, 0, 0.76, 0, -0.62, 116.44, 116.44, 0, 0
RCIN, 177833, 900, 900, 900, 900, 900, 900, 900, 900, 0, 0, 0, 0, 0, 0
CTUN, 177915, 0, 0, 0, 0, -0.21, -0.14, 0, 0, 0, -4
GPS, 1, 0, 0, 0, 99.99, 0, 0, -0.21, -17, 0, 0, 0, 177933
ATT, 177934, 0, 0.76, 0, -0.63, 116.44, 116.44, 0, 0.05
RCIN, 177934, 900, 900, 900, 900, 900, 900, 900, 900, 0, 0, 0, 0, 0, 0
CTUN, 178013, 0, 0, 0, 0, -0.21, -0.43, 0, 0, 0, -4
ATT, 178033, 0, 0.76, 0, -0.63, 116.46, 116.46, 0, 0.01
RCIN, 178033, 900, 900, 900, 900, 900, 900, 900, 900, 0, 0, 0, 0, 0, 0
CTUN, 178114, 0, 0, 0, 0, -0.23, -0.28, 0, 0, 0, -4
GPS, 1, 0, 0, 0, 99.99, 0, 0, -0.23, -17, 0, 0, 0, 178132
ATT, 178133, 0, 0.76, 0, -0.63, 116.45, 116.45, 0, 0.01
RCIN, 178133, 900, 900, 900, 900, 900, 900, 900, 900, 0, 0, 0, 0, 0, 0
CTUN, 178213, 0, 0, 0, 0, -0.24, -0.14, 0, 0, 0, -4
DU32, 7, 655576
CURR, 178214, 0, 0, 0, 0, 4752, 0
ATT, 178233, 0, 0.76, 0, -0.64, 116.45, 116.45, 0, 0
RCIN, 178233, 900, 900, 900, 900, 900, 900, 900, 900, 0, 0, 0, 0, 0, 0
CTUN, 178314, 0, 0, 0, 0, -0.24, -0.15, 0, 0, 0, -4
RAD, 178323, 161, 160, 96, 18, 59, 14, 24
RAD, 178323, 161, 160, 96, 18, 59, 14, 24
GPS, 1, 0, 0, 0, 99.99, 0, 0, -0.24, -17, 0, 0, 0, 178332
ATT, 178333, 0, 0.76, 0, -0.64, 116.45, 116.45, 0, 0.01
RCIN, 178333, 900, 900, 900, 900, 900, 900, 900, 900, 0, 0, 0, 0, 0, 0
CTUN, 178413, 0, 0, 0, 0, -0.24, -0.29, 0, 0, 0, -4
ATT, 178433, 0, 0.76, 0, -0.65, 116.46, 116.46, 0, 0
RCIN, 178433, 900, 900, 900, 900, 900, 900, 900, 900, 0, 0, 0, 0, 0, 0
CTUN, 178514, 0, 0, 0, 0, -0.24, -0.28, 0, 0, 0, -4
GPS, 1, 0, 0, 0, 99.99, 0, 0, -0.25, -17, 0, 0, 0, 178532
ATT, 178533, 0, 0.75, 0, -0.65, 116.46, 116.46, 0, 0.02
RCIN, 178533, 900, 900, 900, 900, 900, 900, 900, 900, 0, 0, 0, 0, 0, 0
CTUN, 178613, 0, 0, 0, 0, -0.25, -0.32, 0, 0, 0, -4
ATT, 178632, 0, 0.75, 0, -0.66, 116.45, 116.45, 0, 0.01
RCIN, 178632, 900, 900, 900, 900, 900, 900, 900, 900, 0, 0, 0, 0, 0, 0
CTUN, 178714, 0, 0, 0, 0, -0.26, -0.35, 0, 0, 0, -4
GPS, 1, 0, 0, 0, 99.99, 0, 0, -0.26, -17, 0, 0, 0, 178732
ATT, 178734, 0, 0.75, 0, -0.66, 116.44, 116.44, 0, 0.01
RCIN, 178734, 900, 900, 900, 900, 900, 900, 900, 900, 0, 0, 0, 0, 0, 0
CTUN, 178813, 0, 0, 0, 0, -0.27, -0.18, 0, 0, 0, -4
ATT, 178832, 0, 0.75, 0, -0.67, 116.43, 116.43, 0, 0.02
RCIN, 178832, 900, 900, 900, 900, 900, 900, 900, 900, 0, 0, 0, 0, 0, 0
CTUN, 178914, 0, 0, 0, 0, -0.27, -0.21, 0, 0, 0, -4
GPS, 1, 0, 0, 0, 99.99, 0, 0, -0.27, -17, 0, 0, 0, 178933
ATT, 178934, 0, 0.75, 0, -0.67, 116.42, 116.42, 0, 0
RCIN, 178934, 900, 900, 900, 900, 900, 900, 900, 900, 0, 0, 0, 0, 0, 0
CTUN, 179013, 0, 0, 0, 0, -0.27, -0.34, 0, 0, 0, -4
ATT, 179032, 0, 0.75, 0, -0.67, 116.42, 116.42, 0, 0
RCIN, 179032, 900, 900, 900, 900, 900, 900, 900, 900, 0, 0, 0, 0, 0, 0
CTUN, 179114, 0, 0, 0, 0, -0.28, -0.3, 0, 0, 0, -5
GPS, 1, 0, 0, 0, 99.99, 0, 0, -0.28, -17, 0, 0, 0, 179132
ATT, 179133, 0, 0.75, 0, -0.68, 116.42, 116.42, 0, 0
RCIN, 179133, 900, 900, 900, 900, 900, 900, 900, 900, 0, 0, 0, 0, 0, 0
CTUN, 179213, 0, 0, 0, 0, -0.29, -0.29, 0, 0, 0, -5
DU32, 7, 655576
CURR, 179214, 0, 0, 0, 0, 4712, 0
ATT, 179233, 0, 0.74, 0, -0.68, 116.42, 116.42, 0, 0
RCIN, 179233, 900, 900, 900, 900, 900, 900, 900, 900, 0, 0, 0, 0, 0, 0
CTUN, 179314, 0, 0, 0, 0, -0.3, 0.32, 0, 0, 0, -4
RAD, 179322, 161, 160, 92, 34, 52, 15, 24
RAD, 179323, 161, 160, 92, 34, 52, 15, 24
GPS, 1, 0, 0, 0, 99.99, 0, 0, -0.29, -17, 0, 0, 0, 179331
ATT, 179333, 0, 0.74, 0, -0.69, 116.42, 116.42, 0, 0
RCIN, 179333, 900, 900, 900, 900, 900, 900, 900, 900, 0, 0, 0, 0, 0, 0
CTUN, 179413, 0, 0, 0, 0, -0.26, -0.06, 0, 0, 0, -4
ATT, 179433, 0, 0.74, 0, -0.69, 116.42, 116.42, 0, 0.01
RCIN, 179433, 900, 900, 900, 900, 900, 900, 900, 900, 0, 0, 0, 0, 0, 0
CTUN, 179514, 0, 0, 0, 0, -0.26, -0.63, 0, 0, 0, -3
GPS, 1, 0, 0, 0, 99.99, 0, 0, -0.26, -17, 0, 0, 0, 179532
ATT, 179533, 0, 0.74, 0, -0.69, 116.41, 116.41, 0, 0
RCIN, 179533, 900, 900, 900, 900, 900, 900, 900, 900, 0, 0, 0, 0, 0, 0
CTUN, 179613, 0, 0, 0, 0, -0.28, -0.54, 0, 0, 0, -4
ATT, 179632, 0, 0.74, 0, -0.7, 116.41, 116.41, 0, 0
RCIN, 179632, 900, 900, 900, 900, 900, 900, 900, 900, 0, 0, 0, 0, 0, 0
CTUN, 179714, 0, 0, 0, 0, -0.3, -0.17, 0, 0, 0, -4
GPS, 1, 0, 0, 0, 99.99, 0, 0, -0.3, -17, 0, 0, 0, 179732
ATT, 179733, 0, 0.74, 0, -0.7, 116.41, 116.41, 0, 0.01
RCIN, 179734, 900, 900, 900, 900, 900, 900, 900, 900, 0, 0, 0, 0, 0, 0
CTUN, 179813, 0, 0, 0, 0, -0.3, -0.26, 0, 0, 0, -4
ATT, 179832, 0, 0.74, 0, -0.7, 116.42, 116.42, 0, 0.04
RCIN, 179832, 900, 900, 900, 900, 900, 900, 900, 900, 0, 0, 0, 0, 0, 0
CTUN, 179914, 0, 0, 0, 0, -0.3, -0.1, 0, 0, 0, -4
GPS, 1, 0, 0, 0, 99.99, 0, 0, -0.3, -17, 0, 0, 0, 179932
ATT, 179933, 0, 0.74, 0, -0.71, 116.43, 116.43, 0, 0.04
RCIN, 179933, 900, 900, 900, 900, 900, 900, 900, 900, 0, 0, 0, 0, 0, 0
CTUN, 180013, 0, 0, 0, 0, -0.3, -0.26, 0, 0, 0, -4
ATT, 180032, 0, 0.74, 0, -0.71, 116.45, 116.45, 0, 0.01
RCIN, 180032, 900, 900, 900, 900, 900, 900, 900, 900, 0, 0, 0, 0, 0, 0
CTUN, 180114, 0, 0, 0, 0, -0.3, -0.01, 0, 0, 0, -4
GPS, 1, 0, 0, 0, 99.99, 0, 0, -0.3, -17, 0, 0, 0, 180132
ATT, 180133, 0, 0.74, 0, -0.72, 116.46, 116.46, 0, 0.01
RCIN, 180133, 900, 900, 900, 900, 900, 900, 900, 900, 0, 0, 0, 0, 0, 0
CTUN, 180213, 0, 0, 0, 0, -0.28, -0.39, 0, 0, 0, -3
DU32, 7, 655576
CURR, 180214, 0, 0, 0, 0, 4712, 0
ATT, 180233, 0, 0.74, 0, -0.72, 116.46, 116.46, 0, 0.02
RCIN, 180233, 900, 900, 900, 900, 900, 900, 900, 900, 0, 0, 0, 0, 0, 0
RAD, 180262, 158, 158, 100, 21, 32, 15, 25
RAD, 180263, 158, 158, 100, 21, 32, 15, 25
CTUN, 180314, 0, 0, 0, 0, -0.3, -0.06, 0, 0, 0, -3
GPS, 1, 0, 0, 0, 99.99, 0, 0, -0.29, -17, 0, 0, 0, 180332
ATT, 180334, 0, 0.73, 0, -0.72, 116.45, 116.45, 0, 0
RCIN, 180334, 900, 900, 900, 900, 900, 900, 900, 900, 0, 0, 0, 0, 0, 0
CTUN, 180413, 0, 0, 0, 0, -0.29, 0.11, 0, 0, 0, -3
ATT, 180432, 0, 0.73, 0, -0.73, 116.45, 116.45, 0, 0.01
RCIN, 180432, 900, 900, 900, 900, 900, 900, 900, 900, 0, 0, 0, 0, 0, 0
CTUN, 180514, 0, 0, 0, 0, -0.26, -0.12, 0, 0, 0, -3
GPS, 1, 0, 0, 0, 99.99, 0, 0, -0.26, -17, 0, 0, 0, 180532
ATT, 180533, 0, 0.73, 0, -0.73, 116.46, 116.46, 0, 0
RCIN, 180533, 900, 900, 900, 900, 900, 900, 900, 900, 0, 0, 0, 0, 0, 0
CTUN, 180613, 0, 0, 0, 0, -0.26, -0.25, 0, 0, 0, -3
ATT, 180632, 0, 0.73, 0, -0.73, 116.46, 116.46, 0, 0.01
RCIN, 180633, 900, 900, 900, 900, 900, 900, 900, 900, 0, 0, 0, 0, 0, 0
CTUN, 180714, 0, 0, 0, 0, -0.26, -0.23, 0, 0, 0, -3
GPS, 1, 0, 0, 0, 99.99, 0, 0, -0.26, -17, 0, 0, 0, 180732
ATT, 180733, 0, 0.73, 0, -0.74, 116.45, 116.45, 0, 0
RCIN, 180733, 900, 900, 900, 900, 900, 900, 900, 900, 0, 0, 0, 0, 0, 0
CTUN, 180813, 0, 0, 0, 0, -0.26, -0.16, 0, 0, 0, -2
ATT, 180832, 0, 0.73, 0, -0.74, 116.45, 116.45, 0, 0.04
RCIN, 180832, 900, 900, 900, 900, 900, 900, 900, 900, 0, 0, 0, 0, 0, 0
CTUN, 180914, 0, 0, 0, 0, -0.26, -0.35, 0, 0, 0, -2
GPS, 1, 0, 0, 0, 99.99, 0, 0, -0.26, -17, 0, 0, 0, 180932
ATT, 180933, 0, 0.73, 0, -0.74, 116.47, 116.47, 0, 0
RCIN, 180933, 900, 900, 900, 900, 900, 900, 900, 900, 0, 0, 0, 0, 0, 0
CTUN, 181013, 0, 0, 0, 0, -0.27, -0.21, 0, 0, 0, -3
ATT, 181032, 0, 0.72, 0, -0.75, 116.46, 116.46, 0, 0
RCIN, 181032, 900, 900, 900, 900, 900, 900, 900, 900, 0, 0, 0, 0, 0, 0
CTUN, 181114, 0, 0, 0, 0, -0.27, -0.48, 0, 0, 0, -3
GPS, 1, 0, 0, 0, 99.99, 0, 0, -0.27, -17, 0, 0, 0, 181132
ATT, 181133, 0, 0.72, 0, -0.75, 116.46, 116.46, 0, 0
RCIN, 181133, 900, 900, 900, 900, 900, 900, 900, 900, 0, 0, 0, 0, 0, 0
CTUN, 181213, 0, 0, 0, 0, -0.28, -0.42, 0, 0, 0, -3
DU32, 7, 655576
CURR, 181213, 0, 0, 0, 0, 4752, 0
ATT, 181232, 0, 0.72, 0, -0.75, 116.45, 116.45, 0, 0
RCIN, 181232, 900, 900, 900, 900, 900, 900, 900, 900, 0, 0, 0, 0, 0, 0
CTUN, 181315, 0, 0, 0, 0, -0.3, -0.24, 0, 0, 0, -3
GPS, 1, 0, 0, 0, 99.99, 0, 0, -0.3, -17, 0, 0, 0, 181332
ATT, 181333, 0, 0.72, 0, -0.75, 116.45, 116.45, 0, 0
RCIN, 181333, 900, 900, 900, 900, 900, 900, 900, 900, 0, 0, 0, 0, 0, 0
CTUN, 181413, 0, 0, 0, 0, -0.3, -0.39, 0, 0, 0, -3
ATT, 181432, 0, 0.72, 0, -0.75, 116.45, 116.45, 0, 0
RCIN, 181432, 900, 900, 900, 900, 900, 900, 900, 900, 0, 0, 0, 0, 0, 0
CTUN, 181515, 0, 0, 0, 0, -0.31, -0.4, 0, 0, 0, -3
GPS, 1, 0, 0, 0, 99.99, 0, 0, -0.31, -17, 0, 0, 0, 181532
ATT, 181532, 0, 0.72, 0, -0.76, 116.45, 116.45, 0, 0
RCIN, 181533, 900, 900, 900, 900, 900, 900, 900, 900, 0, 0, 0, 0, 0, 0
CTUN, 181613, 0, 0, 0, 0, -0.32, -0.32, 0, 0, 0, -3
ATT, 181632, 0, 0.72, 0, -0.76, 116.45, 116.45, 0, 0
RCIN, 181632, 900, 900, 900, 900, 900, 900, 900, 900, 0, 0, 0, 0, 0, 0
RAD, 181662, 160, 157, 89, 21, 24, 16, 26
RAD, 181662, 160, 157, 89, 21, 24, 16, 26
CTUN, 181715, 0, 0, 0, 0, -0.32, 0.19, 0, 0, 0, -3
GPS, 1, 0, 0, 0, 99.99, 0, 0, -0.31, -17, 0, 0, 0, 181732
ATT, 181732, 0, 0.71, 0, -0.76, 116.45, 116.45, 0, 0.06
RCIN, 181733, 900, 900, 900, 900, 900, 900, 900, 900, 0, 0, 0, 0, 0, 0
CTUN, 181813, 0, 0, 0, 0, -0.29, 0.02, 0, 0, 0, -2
ATT, 181832, 0, 0.71, 0, -0.77, 116.48, 116.48, 0, 0.02
RCIN, 181832, 900, 900, 900, 900, 900, 900, 900, 900, 0, 0, 0, 0, 0, 0
CTUN, 181914, 0, 0, 0, 0, -0.28, -0.41, 0, 0, 0, -2
GPS, 1, 0, 0, 0, 99.99, 0, 0, -0.28, -17, 0, 0, 0, 181932
ATT, 181932, 0, 0.71, 0, -0.77, 116.47, 116.47, 0, 0
RCIN, 181933, 900, 900, 900, 900, 900, 900, 900, 900, 0, 0, 0, 0, 0, 0
CTUN, 182013, 0, 0, 0, 0, -0.29, -0.31, 0, 0, 0, -2
ATT, 182032, 0, 0.71, 0, -0.77, 116.47, 116.47, 0, 0.01
RCIN, 182032, 900, 900, 900, 900, 900, 900, 900, 900, 0, 0, 0, 0, 0, 0
MODE, Acro, 763
CTUN, 182114, 0, 0, 0, 0, -0.29, -0.21, 0, 0, 0, -2
GPS, 1, 0, 0, 0, 99.99, 0, 0, -0.29, -17, 0, 0, 0, 182132
ATT, 182132, 0, 0.71, 0, -0.77, 116.47, 116.47, 0, 0.02
RCIN, 182133, 900, 900, 900, 900, 900, 900, 900, 900, 0, 0, 0, 0, 0, 0
CTUN, 182213, 0, 0, 0, 0, -0.29, -0.14, 0, 0, 0, -2
DU32, 7, 655576
CURR, 182213, 0, 0, 0, 0, 4752, 0
ATT, 182232, 0, 0.71, 0, -0.78, 116.46, 116.46, 0, 0.01
RCIN, 182232, 900, 900, 900, 900, 900, 900, 900, 900, 0, 0, 0, 0, 0, 0
CTUN, 182314, 0, 0, 0, 0, -0.28, -0.44, 0, 0, 0, -2
GPS, 1, 0, 0, 0, 99.99, 0, 0, -0.29, -17, 0, 0, 0, 182333
ATT, 182334, 0, 0.71, 0, -0.78, 116.45, 116.45, 0, 0.01
RCIN, 182334, 900, 900, 900, 900, 900, 900, 900, 900, 0, 0, 0, 0, 0, 0
CTUN, 182413, 0, 0, 0, 0, -0.3, -0.42, 0, 0, 0, -3
RAD, 182422, 160, 162, 93, 51, 71, 16, 26
RAD, 182423, 160, 162, 93, 51, 71, 16, 26
ATT, 182432, 0, 0.71, 0, -0.78, 116.45, 116.45, 0, 0.01
RCIN, 182432, 900, 900, 900, 900, 900, 900, 900, 900, 0, 0, 0, 0, 0, 0
CTUN, 182514, 0, 0, 0, 0, -0.31, -0.02, 0, 0, 0, -3
GPS, 1, 0, 0, 0, 99.99, 0, 0, -0.3, -17, 0, 0, 0, 182533
ATT, 182534, 0, 0.71, 0, -0.78, 116.44, 116.44, 0, 0.04
RCIN, 182534, 900, 900, 900, 900, 900, 900, 900, 900, 0, 0, 0, 0, 0, 0
CTUN, 182613, 0, 0, 0, 0, -0.29, -0.31, 0, 0, 0, -2
ATT, 182632, 0, 0.71, 0, -0.78, 116.46, 116.46, 0, 0
RCIN, 182632, 900, 900, 900, 900, 900, 900, 900, 900, 0, 0, 0, 0, 0, 0
CTUN, 182714, 0, 0, 0, 0, -0.3, -0.27, 0, 0, 0, -2
GPS, 1, 0, 0, 0, 99.99, 0, 0, -0.3, -17, 0, 0, 0, 182732
ATT, 182733, 0, 0.71, 0, -0.78, 116.46, 116.46, 0, 0.01
RCIN, 182733, 900, 900, 900, 900, 900, 900, 900, 900, 0, 0, 0, 0, 0, 0
CTUN, 182813, 0, 0, 0, 0, -0.3, -0.49, 0, 0, 0, -2
ATT, 182832, 0, 0.71, 0, -0.78, 116.46, 116.46, 0, 0.01
RCIN, 182832, 900, 900, 900, 900, 900, 900, 900, 900, 0, 0, 0, 0, 0, 0
CTUN, 182914, 0, 0, 0, 0, -0.31, -0.24, 0, 0, 0, -3
GPS, 1, 0, 0, 0, 99.99, 0, 0, -0.31, -17, 0, 0, 0, 182932
ATT, 182933, 0, 0.71, 0, -0.79, 116.45, 116.45, 0, 0.01
RCIN, 182933, 900, 900, 900, 900, 900, 900, 900, 900, 0, 0, 0, 0, 0, 0
CTUN, 183013, 0, 0, 0, 0, -0.31, -0.4, 0, 0, 0, -2
ATT, 183032, 0, 0.71, 0, -0.79, 116.45, 116.45, 0, 0.01
RCIN, 183032, 900, 900, 900, 900, 900, 900, 900, 900, 0, 0, 0, 0, 0, 0
CTUN, 183114, 0, 0, 0, 0, -0.32, -0.17, 0, 0, 0, -2
GPS, 1, 0, 0, 0, 99.99, 0, 0, -0.32, -17, 0, 0, 0, 183132
ATT, 183133, 0, 0.71, 0, -0.79, 116.44, 116.44, 0, 0
RCIN, 183133, 900, 900, 900, 900, 900, 900, 900, 900, 0, 0, 0, 0, 0, 0
CTUN, 183213, 0, 0, 0, 0, -0.31, 0.01, 0, 0, 0, -2
DU32, 7, 655576
CURR, 183213, 0, 0, 0, 0, 4712, 0
ATT, 183232, 0, 0.71, 0, -0.79, 116.44, 116.44, 0, 0.02
RCIN, 183232, 900, 900, 900, 900, 900, 900, 900, 900, 0, 0, 0, 0, 0, 0
CTUN, 183314, 0, 0, 0, 0, -0.3, -0.46, 0, 0, 0, -2
GPS, 1, 0, 0, 0, 99.99, 0, 0, -0.3, -17, 0, 0, 0, 183332
ATT, 183333, 0, 0.7, 0, -0.79, 116.45, 116.45, 0, 0
RCIN, 183333, 900, 900, 900, 900, 900, 900, 900, 900, 0, 0, 0, 0, 0, 0
RAD, 183342, 160, 158, 97, 46, 23, 16, 27
RAD, 183342, 160, 158, 97, 46, 23, 16, 27
CTUN, 183413, 0, 0, 0, 0, -0.31, 0.17, 0, 0, 0, -2
ATT, 183432, 0, 0.7, 0, -0.8, 116.45, 116.45, 0, 0.05
RCIN, 183432, 900, 900, 900, 900, 900, 900, 900, 900, 0, 0, 0, 0, 0, 0
CTUN, 183514, 0, 0, 0, 0, -0.28, -0.37, 0, 0, 0, -1
GPS, 1, 0, 0, 0, 99.99, 0, 0, -0.28, -17, 0, 0, 0, 183532
ATT, 183533, 0, 0.7, 0, -0.8, 116.48, 116.48, 0, 0
RCIN, 183533, 900, 900, 900, 900, 900, 900, 900, 900, 0, 0, 0, 0, 0, 0
CTUN, 183613, 0, 0, 0, 0, -0.29, -0.56, 0, 0, 0, -2
ATT, 183632, 0, 0.7, 0, -0.8, 116.48, 116.48, 0, 0
RCIN, 183632, 900, 900, 900, 900, 900, 900, 900, 900, 0, 0, 0, 0, 0, 0
CTUN, 183714, 0, 0, 0, 0, -0.31, -0.3, 0, 0, 0, -2
GPS, 1, 0, 0, 0, 99.99, 0, 0, -0.31, -17, 0, 0, 0, 183732
ATT, 183733, 0, 0.69, 0, -0.8, 116.48, 116.48, 0, 0
RCIN, 183733, 900, 900, 900, 900, 900, 900, 900, 900, 0, 0, 0, 0, 0, 0
CTUN, 183813, 0, 0, 0, 0, -0.31, -0.31, 0, 0, 0, -2
ATT, 183832, 0, 0.69, 0, -0.8, 116.48, 116.48, 0, 0.01
RCIN, 183832, 900, 900, 900, 900, 900, 900, 900, 900, 0, 0, 0, 0, 0, 0
CTUN, 183914, 0, 0, 0, 0, -0.31, -0.23, 0, 0, 0, -2
GPS, 1, 0, 0, 0, 99.99, 0, 0, -0.31, -17, 0, 0, 0, 183932
ATT, 183933, 0, 0.69, 0, -0.8, 116.49, 116.49, 0, 0.02
RCIN, 183933, 900, 900, 900, 900, 900, 900, 900, 900, 0, 0, 0, 0, 0, 0
CTUN, 184013, 0, 0, 0, 0, -0.31, -0.69, 0, 0, 0, -2
ATT, 184032, 0, 0.69, 0, -0.81, 116.5, 116.5, 0, 0
RCIN, 184032, 900, 900, 900, 900, 900, 900, 900, 900, 0, 0, 0, 0, 0, 0
CTUN, 184114, 0, 0, 0, 0, -0.34, -0.35, 0, 0, 0, -3
GPS, 1, 0, 0, 0, 99.99, 0, 0, -0.34, -17, 0, 0, 0, 184132
ATT, 184133, 0, 0.69, 0, -0.81, 116.5, 116.5, 0, 0.02
RCIN, 184133, 900, 900, 900, 900, 900, 900, 900, 900, 0, 0, 0, 0, 0, 0
CTUN, 184213, 0, 0, 0, 0, -0.34, -0.24, 0, 0, 0, -3
DU32, 7, 655576
CURR, 184214, 0, 0, 0, 0, 4732, 0
ATT, 184232, 0, 0.69, 0, -0.81, 116.51, 116.51, 0, 0.04
RCIN, 184232, 900, 900, 900, 900, 900, 900, 900, 900, 0, 0, 0, 0, 0, 0
MODE, AltHold, 763
CTUN, 184314, 0, 0, 0, -0.3435745, -0.34, -0.31, 0, 0, 0, -2
GPS, 1, 0, 0, 0, 99.99, 0, 0, -0.34, -17, 0, 0, 0, 184332
ATT, 184332, 0, 0.69, 0, -0.81, 116.52, 116.52, 0, 0.02
RCIN, 184333, 900, 900, 900, 900, 900, 900, 900, 900, 0, 0, 0, 0, 0, 0
RAD, 184383, 161, 157, 90, 26, 67, 16, 28
RAD, 184384, 161, 157, 90, 26, 67, 16, 28
CTUN, 184413, 0, 0, 0, -0.3452415, -0.34, -0.16, 0, 0, 0, -2
ATT, 184432, 0, 0.69, 0, -0.81, 116.52, 116.52, 0, 0.01
RCIN, 184432, 900, 900, 900, 900, 900, 900, 900, 900, 0, 0, 0, 0, 0, 0
CTUN, 184514, 0, 0, 0, -0.3373757, -0.33, -0.03, 0, 0, 0, -2
GPS, 1, 0, 0, 0, 99.99, 0, 0, -0.33, -17, 0, 0, 0, 184532
ATT, 184533, 0, 0.69, 0, -0.82, 116.51, 116.51, 0, 0.01
RCIN, 184533, 900, 900, 900, 900, 900, 900, 900, 900, 0, 0, 0, 0, 0, 0
CTUN, 184613, 0, 0, 0, -0.3221222, -0.32, -0.48, 0, 0, 0, -2
ATT, 184632, 0, 0.68, 0, -0.82, 116.5, 116.5, 0, 0
RCIN, 184632, 900, 900, 900, 900, 900, 900, 900, 900, 0, 0, 0, 0, 0, 0
CTUN, 184714, 0, 0, 0, -0.3343448, -0.33, 0.1, 0, 0, 0, -2
GPS, 1, 0, 0, 0, 99.99, 0, 0, -0.32, -17, 0, 0, 0, 184732
ATT, 184732, 0, 0.68, 0, -0.82, 116.51, 116.51, 0, 0.02
RCIN, 184733, 900, 900, 900, 900, 900, 900, 900, 900, 0, 0, 0, 0, 0, 0
CTUN, 184813, 0, 0, 0, -0.3105032, -0.31, -0.09, 0, 0, 0, -1
ATT, 184832, 0, 0.68, 0, -0.82, 116.52, 116.52, 0, 0.01
RCIN, 184832, 900, 900, 900, 900, 900, 900, 900, 900, 0, 0, 0, 0, 0, 0
CTUN, 184914, 0, 0, 0, -0.2994685, -0.29, -0.2, 0, 0, 0, -1
GPS, 1, 0, 0, 0, 99.99, 0, 0, -0.29, -17, 0, 0, 0, 184932
ATT, 184933, 0, 0.68, 0, -0.83, 116.51, 116.51, 0, 0
RCIN, 184933, 900, 900, 900, 900, 900, 900, 900, 900, 0, 0, 0, 0, 0, 0
CTUN, 185013, 0, 0, 0, -0.2955908, -0.29, 0, 0, 0, 0, -1
ATT, 185032, 0, 0.68, 0, -0.83, 116.51, 116.51, 0, 0
RCIN, 185032, 900, 900, 900, 900, 900, 900, 900, 900, 0, 0, 0, 0, 0, 0
CTUN, 185114, 0, 0, 0, -0.2797776, -0.27, -0.25, 0, 0, 0, -1
GPS, 1, 0, 0, 0, 99.99, 0, 0, -0.27, -17, 0, 0, 0, 185132
ATT, 185133, 0, 0.68, 0, -0.83, 116.51, 116.51, 0, 0
RCIN, 185133, 900, 900, 900, 900, 900, 900, 900, 900, 0, 0, 0, 0, 0, 0
CTUN, 185213, 0, 0, 0, -0.279698, -0.27, -0.1, 0, 0, 0, -1
DU32, 7, 655576
CURR, 185214, 0, 0, 0, 0, 4732, 0
ATT, 185232, 0, 0.68, 0, -0.83, 116.51, 116.51, 0, 0
RCIN, 185232, 900, 900, 900, 900, 900, 900, 900, 900, 0, 0, 0, 0, 0, 0
CTUN, 185314, 0, 0, 0, -0.2701764, -0.27, -0.02, 0, 0, 0, 0
RAD, 185322, 160, 157, 100, 33, 67, 16, 28
RAD, 185323, 160, 157, 100, 33, 67, 16, 28
GPS, 1, 0, 0, 0, 99.99, 0, 0, -0.26, -17, 0, 0, 0, 185332
ATT, 185333, 0, 0.67, 0, -0.83, 116.52, 116.52, 0, 0.01
RCIN, 185333, 900, 900, 900, 900, 900, 900, 900, 900, 0, 0, 0, 0, 0, 0
CTUN, 185414, 0, 0, 0, -0.2562269, -0.25, -0.17, 0, 0, 0, 0
ATT, 185432, 0, 0.67, 0, -0.84, 116.52, 116.52, 0, 0.02
RCIN, 185432, 900, 900, 900, 900, 900, 900, 900, 900, 0, 0, 0, 0, 0, 0
CTUN, 185514, 0, 0, 0, -0.2522697, -0.25, -0.33, 0, 0, 0, 0
GPS, 1, 0, 0, 0, 99.99, 0, 0, -0.25, -17, 0, 0, 0, 185532
ATT, 185533, 0, 0.67, 0, -0.84, 116.53, 116.53, 0, 0.02
RCIN, 185533, 900, 900, 900, 900, 900, 900, 900, 900, 0, 0, 0, 0, 0, 0
CTUN, 185614, 0, 0, 0, -0.2582546, -0.25, -0.26, 0, 0, 0, 0
ATT, 185632, 0, 0.67, 0, -0.84, 116.53, 116.53, 0, 0.02
RCIN, 185632, 900, 900, 900, 900, 900, 900, 900, 900, 0, 0, 0, 0, 0, 0
CTUN, 185714, 0, 0, 0, -0.2595023, -0.25, -0.28, 0, 0, 0, 0
GPS, 1, 0, 0, 0, 99.99, 0, 0, -0.25, -17, 0, 0, 0, 185732
ATT, 185733, 0, 0.67, 0, -0.84, 116.53, 116.53, 0, 0.01
RCIN, 185733, 900, 900, 900, 900, 900, 900, 900, 900, 0, 0, 0, 0, 0, 0
CTUN, 185813, 0, 0, 0, -0.2619866, -0.26, -0.04, 0, 0, 0, 0
ATT, 185832, 0, 0.67, 0, -0.84, 116.54, 116.54, 0, 0.03
RCIN, 185832, 900, 900, 900, 900, 900, 900, 900, 900, 0, 0, 0, 0, 0, 0
CTUN, 185914, 0, 0, 0, -0.2496438, -0.24, -0.14, 0, 0, 0, 0
GPS, 1, 0, 0, 0, 99.99, 0, 0, -0.24, -17, 0, 0, 0, 185932
ATT, 185933, 0, 0.67, 0, -0.84, 116.56, 116.56, 0, 0
RCIN, 185933, 900, 900, 900, 900, 900, 900, 900, 900, 0, 0, 0, 0, 0, 0
CTUN, 186013, 0, 0, 0, -0.2439918, -0.24, -0.3, 0, 0, 0, 0
ATT, 186032, 0, 0.67, 0, -0.84, 116.56, 116.56, 0, 0
RCIN, 186032, 900, 900, 900, 900, 900, 900, 900, 900, 0, 0, 0, 0, 0, 0
CTUN, 186114, 0, 0, 0, -0.2480984, -0.24, -0.22, 0, 0, 0, 0
GPS, 1, 0, 0, 0, 99.99, 0, 0, -0.24, -17, 0, 0, 0, 186132
ATT, 186133, 0, 0.67, 0, -0.84, 116.56, 116.56, 0, 0.02
RCIN, 186133, 900, 900, 900, 900, 900, 900, 900, 900, 0, 0, 0, 0, 0, 0
CTUN, 186213, 0, 0, 0, -0.2472087, -0.24, -0.17, 0, 0, 0, 0
DU32, 7, 655576
CURR, 186213, 0, 0, 0, 0, 4732, 0
ATT, 186233, 0, 0.67, 0, -0.84, 116.57, 116.57, 0, 0.01
RCIN, 186233, 900, 900, 900, 900, 900, 900, 900, 900, 0, 0, 0, 0, 0, 0
CTUN, 186314, 0, 0, 0, -0.2436894, -0.24, -0.35, 0, 0, 0, 0
GPS, 1, 0, 0, 0, 99.99, 0, 0, -0.24, -17, 0, 0, 0, 186332
ATT, 186333, 0, 0.67, 0, -0.84, 116.57, 116.57, 0, 0.02
RCIN, 186333, 900, 900, 900, 900, 900, 900, 900, 900, 0, 0, 0, 0, 0, 0
CTUN, 186413, 0, 0, 0, -0.2510483, -0.25, -0.58, 0, 0, 0, 0
ATT, 186433, 0, 0.66, 0, -0.84, 116.56, 116.56, 0, 0.01
RCIN, 186433, 900, 900, 900, 900, 900, 900, 900, 900, 0, 0, 0, 0, 0, 0
RAD, 186442, 158, 157, 89, 43, 21, 16, 28
RAD, 186443, 158, 157, 89, 43, 21, 16, 28
CTUN, 186514, 0, 0, 0, -0.2720596, -0.27, -0.42, 0, 0, 0, -1
GPS, 1, 0, 0, 0, 99.99, 0, 0, -0.27, -17, 0, 0, 0, 186532
ATT, 186533, 0, 0.67, 0, -0.84, 116.55, 116.55, 0, 0
RCIN, 186533, 900, 900, 900, 900, 900, 900, 900, 900, 0, 0, 0, 0, 0, 0
CTUN, 186613, 0, 0, 0, -0.2821504, -0.28, 0.1, 0, 0, 0, -1
ATT, 186633, 0, 0.67, 0, -0.84, 116.55, 116.55, 0, 0.01
RCIN, 186633, 900, 900, 900, 900, 900, 900, 900, 900, 0, 0, 0, 0, 0, 0
CTUN, 186714, 0, 0, 0, -0.2599303, -0.25, -0.2, 0, 0, 0, 0
GPS, 1, 0, 0, 0, 99.99, 0, 0, -0.25, -17, 0, 0, 0, 186732
ATT, 186733, 0, 0.67, 0, -0.84, 116.56, 116.56, 0, 0
RCIN, 186733, 900, 900, 900, 900, 900, 900, 900, 900, 0, 0, 0, 0, 0, 0
CTUN, 186813, 0, 0, 0, -0.2571628, -0.25, -0.29, 0, 0, 0, 0
ATT, 186833, 0, 0.67, 0, -0.84, 116.56, 116.56, 0, 0
RCIN, 186833, 900, 900, 900, 900, 900, 900, 900, 900, 0, 0, 0, 0, 0, 0
CTUN, 186914, 0, 0, 0, -0.2601994, -0.26, -0.32, 0, 0, 0, 0
GPS, 1, 0, 0, 0, 99.99, 0, 0, -0.26, -17, 0, 0, 0, 186932
ATT, 186933, 0, 0.67, 0, -0.84, 116.56, 116.56, 0, 0.01
RCIN, 186933, 900, 900, 900, 900, 900, 900, 900, 900, 0, 0, 0, 0, 0, 0
CTUN, 187013, 0, 0, 0, -0.2647314, -0.26, -0.03, 0, 0, 0, 0
ATT, 187032, 0, 0.67, 0, -0.84, 116.56, 116.56, 0, 0
RCIN, 187032, 900, 900, 900, 900, 900, 900, 900, 900, 0, 0, 0, 0, 0, 0
CTUN, 187114, 0, 0, 0, -0.2516288, -0.25, -0.62, 0, 0, 0, 0
GPS, 1, 0, 0, 0, 99.99, 0, 0, -0.25, -17, 0, 0, 0, 187132
ATT, 187133, 0, 0.67, 0, -0.84, 116.56, 116.56, 0, 0.01
RCIN, 187133, 900, 900, 900, 900, 900, 900, 900, 900, 0, 0, 0, 0, 0, 0
CTUN, 187213, 0, 0, 0, -0.2743438, -0.27, -0.36, 0, 0, 0, 0
DU32, 7, 655576
CURR, 187214, 0, 0, 0, 0, 4772, 0
PM, 13, 1000, 11470, 8, 0, 0, 0
ATT, 187232, 0, 0.67, 0, -0.84, 116.56, 116.56, 0, 0.01
RCIN, 187232, 900, 900, 900, 900, 900, 900, 900, 900, 0, 0, 0, 0, 0, 0
CTUN, 187314, 0, 0, 0, -0.2805172, -0.28, -0.5, 0, 0, 0, 0
GPS, 1, 0, 0, 0, 99.99, 0, 0, -0.28, -17, 0, 0, 0, 187332
ATT, 187333, 0, 0.67, 0, -0.84, 116.55, 116.55, 0, 0
RCIN, 187333, 900, 900, 900, 900, 900, 900, 900, 900, 0, 0, 0, 0, 0, 0
RAD, 187402, 157, 157, 85, 19, 22, 16, 28
RAD, 187403, 157, 157, 85, 19, 22, 16, 28
CTUN, 187413, 0, 0, 0, -0.2947645, -0.29, -0.13, 0, 0, 0, 0
ATT, 187432, 0, 0.67, 0, -0.84, 116.56, 116.56, 0, 0.03
RCIN, 187432, 900, 900, 900, 900, 900, 900, 900, 900, 0, 0, 0, 0, 0, 0
CTUN, 187514, 0, 0, 0, -0.2862936, -0.28, 0.23, 0, 0, 0, 0
GPS, 1, 0, 0, 0, 99.99, 0, 0, -0.28, -17, 0, 0, 0, 187532
ATT, 187533, 0, 0.67, 0, -0.84, 116.57, 116.57, 0, 0
RCIN, 187533, 900, 900, 900, 900, 900, 900, 900, 900, 0, 0, 0, 0, 0, 0
CTUN, 187613, 0, 0, 0, -0.2551934, -0.25, -0.22, 0, 0, 0, 0
ATT, 187632, 0, 0.67, 0, -0.84, 116.57, 116.57, 0, 0.01
RCIN, 187632, 900, 900, 900, 900, 900, 900, 900, 900, 0, 0, 0, 0, 0, 0
CTUN, 187714, 0, 0, 0, -0.2534463, -0.25, -0.44, 0, 0, 0, 0
GPS, 1, 0, 0, 0, 99.99, 0, 0, -0.25, -17, 0, 0, 0, 187732
ATT, 187733, 0, 0.67, 0, -0.84, 116.56, 116.56, 0, 0
RCIN, 187733, 900, 900, 900, 900, 900, 900, 900, 900, 0, 0, 0, 0, 0, 0
CTUN, 187812, 0, 0, 0, -0.2652606, -0.26, -0.42, 0, 0, 0, 0
ATT, 187832, 0, 0.67, 0, -0.84, 116.56, 116.56, 0, 0.01
RCIN, 187832, 900, 900, 900, 900, 900, 900, 900, 900, 0, 0, 0, 0, 0, 0
CTUN, 187914, 0, 0, 0, -0.2748563, -0.27, -0.26, 0, 0, 0, 0
GPS, 1, 0, 0, 0, 99.99, 0, 0, -0.27, -17, 0, 0, 0, 187932
ATT, 187933, 0, 0.67, 0, -0.84, 116.55, 116.55, 0, 0.01
RCIN, 187933, 900, 900, 900, 900, 900, 900, 900, 900, 0, 0, 0, 0, 0, 0
CTUN, 188013, 0, 0, 0, -0.2749432, -0.27, -0.46, 0, 0, 0, 0
ATT, 188032, 0, 0.67, 0, -0.84, 116.55, 116.55, 0, 0.01
RCIN, 188032, 900, 900, 900, 900, 900, 900, 900, 900, 0, 0, 0, 0, 0, 0
CTUN, 188114, 0, 0, 0, -0.2870181, -0.28, -0.21, 0, 0, 0, 0
GPS, 1, 0, 0, 0, 99.99, 0, 0, -0.28, -17, 0, 0, 0, 188132
ATT, 188133, 0, 0.67, 0, -0.84, 116.55, 116.55, 0, 0.01
RCIN, 188133, 900, 900, 900, 900, 900, 900, 900, 900, 0, 0, 0, 0, 0, 0
CTUN, 188213, 0, 0, 0, -0.2835318, -0.28, -0.14, 0, 0, 0, 0
DU32, 7, 655576
CURR, 188214, 0, 0, 0, 0, 4732, 0
ATT, 188232, 0, 0.67, 0, -0.84, 116.56, 116.56, 0, 0.05
RCIN, 188232, 900, 900, 900, 900, 900, 900, 900, 900, 0, 0, 0, 0, 0, 0
RAD, 188282, 160, 159, 100, 23, 24, 16, 28
RAD, 188282, 160, 159, 100, 23, 24, 16, 28
CTUN, 188314, 0, 0, 0, -0.2757808, -0.27, -0.46, 0, 0, 0, 0
GPS, 1, 0, 0, 0, 99.99, 0, 0, -0.27, -17, 0, 0, 0, 188332
ATT, 188333, 0, 0.67, 0, -0.85, 116.59, 116.59, 0, 0.02
RCIN, 188333, 900, 900, 900, 900, 900, 900, 900, 900, 0, 0, 0, 0, 0, 0
CTUN, 188413, 0, 0, 0, -0.2876495, -0.28, -0.44, 0, 0, 0, 0
ATT, 188432, 0, 0.66, 0, -0.85, 116.59, 116.59, 0, 0.01
RCIN, 188432, 900, 900, 900, 900, 900, 900, 900, 900, 0, 0, 0, 0, 0, 0
CTUN, 188514, 0, 0, 0, -0.2979221, -0.29, -0.27, 0, 0, 0, 0
GPS, 1, 0, 0, 0, 99.99, 0, 0, -0.29, -17, 0, 0, 0, 188532
ATT, 188533, 0, 0.67, 0, -0.85, 116.59, 116.59, 0, 0.01
RCIN, 188533, 900, 900, 900, 900, 900, 900, 900, 900, 0, 0, 0, 0, 0, 0
CTUN, 188613, 0, 0, 0, -0.2971329, -0.29, -0.26, 0, 0, 0, 0
ATT, 188632, 0, 0.66, 0, -0.85, 116.58, 116.58, 0, 0.01
RCIN, 188632, 900, 900, 900, 900, 900, 900, 900, 900, 0, 0, 0, 0, 0, 0
CTUN, 188714, 0, 0, 0, -0.2958229, -0.29, -0.06, 0, 0, 0, 0
GPS, 1, 0, 0, 0, 99.99, 0, 0, -0.29, -17, 0, 0, 0, 188732
ATT, 188733, 0, 0.66, 0, -0.85, 116.58, 116.58, 0, 0
RCIN, 188733, 900, 900, 900, 900, 900, 900, 900, 900, 0, 0, 0, 0, 0, 0
CTUN, 188813, 0, 0, 0, -0.2823572, -0.28, -0.44, 0, 0, 0, 0
ATT, 188832, 0, 0.66, 0, -0.86, 116.57, 116.57, 0, 0.01
RCIN, 188832, 900, 900, 900, 900, 900, 900, 900, 900, 0, 0, 0, 0, 0, 0
CTUN, 188914, 0, 0, 0, -0.2926737, -0.29, -0.33, 0, 0, 0, 0
GPS, 1, 0, 0, 0, 99.99, 0, 0, -0.29, -17, 0, 0, 0, 188932
ATT, 188933, 0, 0.66, 0, -0.85, 116.57, 116.57, 0, 0.01
RCIN, 188933, 900, 900, 900, 900, 900, 900, 900, 900, 0, 0, 0, 0, 0, 0
CTUN, 189013, 0, 0, 0, -0.2957435, -0.29, -0.25, 0, 0, 0, 0
ATT, 189032, 0, 0.66, 0, -0.85, 116.56, 116.56, 0, 0
RCIN, 189032, 900, 900, 900, 900, 900, 900, 900, 900, 0, 0, 0, 0, 0, 0
CTUN, 189114, 0, 0, 0, -0.2938338, -0.29, -0.03, 0, 0, 0, 0
GPS, 1, 0, 0, 0, 99.99, 0, 0, -0.29, -17, 0, 0, 0, 189132
ATT, 189133, 0, 0.66, 0, -0.86, 116.57, 116.57, 0, 0.02
RCIN, 189133, 900, 900, 900, 900, 900, 900, 900, 900, 0, 0, 0, 0, 0, 0
CTUN, 189213, 0, 0, 0, -0.2783906, -0.27, -0.35, 0, 0, 0, 0
DU32, 7, 655576
CURR, 189214, 0, 0, 0, 0, 4772, 0
ATT, 189232, 0, 0.66, 0, -0.86, 116.58, 116.58, 0, 0.01
RCIN, 189232, 900, 900, 900, 900, 900, 900, 900, 900, 0, 0, 0, 0, 0, 0
CTUN, 189314, 0, 0, 0, -0.2833482, -0.28, -0.35, 0, 0, 0, 0
RAD, 189322, 162, 159, 98, 47, 24, 16, 28
RAD, 189323, 162, 159, 98, 47, 24, 16, 28
GPS, 1, 0, 0, 0, 99.99, 0, 0, -0.28, -17, 0, 0, 0, 189332
ATT, 189333, 0, 0.66, 0, -0.86, 116.57, 116.57, 0, 0.02
RCIN, 189333, 900, 900, 900, 900, 900, 900, 900, 900, 0, 0, 0, 0, 0, 0
ERR, 10, 5
ERR, 10, 5
CTUN, 189413, 0, 0, 0, -0.2876266, -0.28, -0.25, 0, 0, 0, 0
ATT, 189432, 0, 0.66, 0, -0.86, 116.56, 116.56, 0, 0.02
RCIN, 189432, 900, 900, 900, 900, 900, 900, 900, 900, 0, 0, 0, 0, 0, 0
CTUN, 189514, 0, 0, 0, -0.2855509, -0.28, -0.39, 0, 0, 0, 0
GPS, 1, 0, 0, 0, 99.99, 0, 0, -0.28, -17, 0, 0, 0, 189532
ATT, 189533, 0, 0.66, 0, -0.86, 116.57, 116.57, 0, 0.01
RCIN, 189533, 900, 900, 900, 900, 900, 900, 900, 900, 0, 0, 0, 0, 0, 0
CTUN, 189613, 0, 0, 0, -0.2920755, -0.29, -0.02, 0, 0, 0, 0
ATT, 189632, 0, 0.66, 0, -0.86, 116.58, 116.58, 0, 0.01
RCIN, 189632, 900, 900, 900, 900, 900, 900, 900, 900, 0, 0, 0, 0, 0, 0
CTUN, 189714, 0, 0, 0, -0.2758683, -0.27, -0.31, 0, 0, 0, 0
GPS, 1, 0, 0, 0, 99.99, 0, 0, -0.27, -17, 0, 0, 0, 189732
ATT, 189733, 0, 0.66, 0, -0.86, 116.59, 116.59, 0, 0.02
RCIN, 189733, 900, 900, 900, 900, 900, 900, 900, 900, 0, 0, 0, 0, 0, 0
CTUN, 189813, 0, 0, 0, -0.2775991, -0.27, -0.35, 0, 0, 0, 0
ATT, 189832, 0, 0.66, 0, -0.86, 116.6, 116.6, 0, 0
RCIN, 189832, 900, 900, 900, 900, 900, 900, 900, 900, 0, 0, 0, 0, 0, 0
CTUN, 189914, 0, 0, 0, -0.2819462, -0.28, -0.44, 0, 0, 0, 0
GPS, 1, 0, 0, 0, 99.99, 0, 0, -0.28, -17, 0, 0, 0, 189932
ATT, 189933, 0, 0.66, 0, -0.86, 116.6, 116.6, 0, 0
RCIN, 189933, 900, 900, 900, 900, 900, 900, 900, 900, 0, 0, 0, 0, 0, 0
CTUN, 190013, 0, 0, 0, -0.2914521, -0.29, -0.27, 0, 0, 0, 0
ATT, 190032, 0, 0.66, 0, -0.86, 116.6, 116.6, 0, 0.01
RCIN, 190032, 900, 900, 900, 900, 900, 900, 900, 900, 0, 0, 0, 0, 0, 0
CTUN, 190114, 0, 0, 0, -0.2901109, -0.29, -0.25, 0, 0, 0, 0
GPS, 1, 0, 0, 0, 99.99, 0, 0, -0.28, -17, 0, 0, 0, 190132
ATT, 190133, 0, 0.65, 0, -0.86, 116.6, 116.6, 0, 0
RCIN, 190133, 900, 900, 900, 900, 900, 900, 900, 900, 0, 0, 0, 0, 0, 0
CTUN, 190213, 0, 0, 0, -0.2879275, -0.28, -0.11, 0, 0, 0, 0
DU32, 7, 655576
CURR, 190214, 0, 0, 0, 0, 4732, 0
EV, 10
MODE, AltHold, 763
GPS, 1, 0, 0, 0, 99.99, 0, 0, 0, -17, 0, 0, 0, 191141
CTUN, 191143, 0, 0, 0, -0.005081174, 0, 0.02, 0, 0, 0, 1
RAD, 191152, 153, 161, 94, 48, 56, 16, 28
RAD, 191153, 153, 161, 94, 48, 56, 16, 28
ATT, 191163, 0, 0.72, 0, -0.67, 116.51, 116.51, 0, 0.01
RCIN, 191163, 900, 900, 900, 900, 900, 900, 900, 900, 0, 0, 0, 0, 0, 0
CTUN, 191243, 0, 0, 0, -0.002018082, 0, 0.52, 0, 0, 0, 1
DU32, 7, 655576
CURR, 191243, 0, 0, 0, 0, 4752, 0
ATT, 191263, 0, 0.72, 0, -0.67, 116.52, 116.52, 0, 0
RCIN, 191264, 900, 900, 900, 900, 900, 900, 900, 900, 0, 0, 0, 0, 0, 0
GPS, 1, 0, 0, 0, 99.99, 0, 0, 0.03, -17, 0, 0, 0, 191341
CTUN, 191343, 0, 0, 0, 0.03117538, 0.03, -0.1, 0, 0, 0, 1
ATT, 191362, 0, 0.72, 0, -0.67, 116.52, 116.52, 0, 0
RCIN, 191362, 900, 900, 900, 900, 900, 900, 900, 900, 0, 0, 0, 0, 0, 0
RAD, 191391, 155, 159, 91, 48, 25, 16, 28
RAD, 191392, 155, 159, 91, 48, 25, 16, 28
CTUN, 191443, 0, 0, 0, 0.02482969, 0.02, 0, 0, 0, 0, 1
ATT, 191462, 0, 0.72, 0, -0.67, 116.52, 116.52, 0, 0.01
RCIN, 191462, 900, 900, 900, 900, 900, 900, 900, 900, 0, 0, 0, 0, 0, 0
GPS, 1, 0, 0, 0, 99.99, 0, 0, 0.02, -17, 0, 0, 0, 191541
CTUN, 191543, 0, 0, 0, 0.02450803, 0.02, -0.09, 0, 0, 0, 1
ATT, 191562, 0, 0.72, 0, -0.68, 116.53, 116.53, 0, 0.01
RCIN, 191562, 900, 900, 900, 900, 900, 900, 900, 900, 0, 0, 0, 0, 0, 0
CTUN, 191642, 0, 0, 0, 0.01913475, 0.01, 0.33, 0, 0, 0, 1
ATT, 191662, 0, 0.72, 0, -0.68, 116.54, 116.54, 0, 0.01
RCIN, 191662, 900, 900, 900, 900, 900, 900, 900, 900, 0, 0, 0, 0, 0, 0
GPS, 1, 0, 0, 0, 99.99, 0, 0, 0.03, -17, 0, 0, 0, 191741
CTUN, 191743, 0, 0, 0, 0.03986295, 0.03, 0.14, 0, 0, 0, 1
ATT, 191763, 0, 0.72, 0, -0.68, 116.53, 116.53, 0, 0.01
RCIN, 191763, 900, 900, 900, 900, 900, 900, 900, 900, 0, 0, 0, 0, 0, 0
CTUN, 191842, 0, 0, 0, 0.04799198, 0.04, -0.19, 0, 0, 0, 2
ATT, 191862, 0, 0.72, 0, -0.68, 116.52, 116.52, 0, 0.01
RCIN, 191862, 900, 900, 900, 900, 900, 900, 900, 900, 0, 0, 0, 0, 0, 0
GPS, 1, 0, 0, 0, 99.99, 0, 0, 0.03, -17, 0, 0, 0, 191941
CTUN, 191943, 0, 0, 0, 0.03542226, 0.03, 0.34, 0, 0, 0, 1
ATT, 191962, 0, 0.72, 0, -0.68, 116.52, 116.52, 0, 0.02
RCIN, 191962, 900, 900, 900, 900, 900, 900, 900, 900, 0, 0, 0, 0, 0, 0
CTUN, 192044, 0, 0, 0, 0.05634271, 0.05, 0.47, 0, 0, 0, 2
ATT, 192064, 0, 0.72, 0, -0.68, 116.54, 116.54, 0, 0.01
RCIN, 192064, 900, 900, 900, 900, 900, 900, 900, 900, 0, 0, 0, 0, 0, 0
GPS, 1, 0, 0, 0, 99.99, 0, 0, 0.08, -17, 0, 0, 0, 192142
CTUN, 192144, 0, 0, 0, 0.08396244, 0.08, -0.21, 0, 0, 0, 2
ATT, 192163, 0, 0.72, 0, -0.69, 116.54, 116.54, 0, 0.01
RCIN, 192163, 900, 900, 900, 900, 900, 900, 900, 900, 0, 0, 0, 0, 0, 0
CTUN, 192244, 0, 0, 0, 0.06873048, 0.06, -0.18, 0, 0, 0, 2
DU32, 7, 655576
CURR, 192245, 0, 0, 0, 0, 4732, 0
ATT, 192264, 0, 0.72, 0, -0.69, 116.54, 116.54, 0, 0
RCIN, 192264, 900, 900, 900, 900, 900, 900, 900, 900, 0, 0, 0, 0, 0, 0
GPS, 1, 0, 0, 0, 99.99, 0, 0, 0.05, -17, 0, 0, 0, 192343
CTUN, 192344, 0, 0, 0, 0.0562307, 0.05, 0.32, 0, 0, 0, 2
RAD, 192353, 157, 157, 98, 22, 24, 16, 28
RAD, 192354, 157, 157, 98, 22, 24, 16, 28
ATT, 192364, 0, 0.72, 0, -0.69, 116.54, 116.54, 0, 0
RCIN, 192365, 900, 900, 900, 900, 900, 900, 900, 900, 0, 0, 0, 0, 0, 0
CTUN, 192444, 0, 0, 0, 0.07469636, 0.07, 0.25, 0, 0, 0, 2
ATT, 192464, 0, 0.71, 0, -0.69, 116.54, 116.54, 0, 0
RCIN, 192464, 900, 900, 900, 900, 900, 900, 900, 900, 0, 0, 0, 0, 0, 0
GPS, 1, 0, 0, 0, 99.99, 0, 0, 0.08, -17, 0, 0, 0, 192543
CTUN, 192544, 0, 0, 0, 0.08860897, 0.08, -0.1, 0, 0, 0, 2
ATT, 192564, 0, 0.71, 0, -0.69, 116.54, 116.54, 0, 0
RCIN, 192564, 900, 900, 900, 900, 900, 900, 900, 900, 0, 0, 0, 0, 0, 0
CTUN, 192644, 0, 0, 0, 0.07987541, 0.07, -0.08, 0, 0, 0, 2
ATT, 192664, 0, 0.71, 0, -0.69, 116.54, 116.54, 0, 0.01
RCIN, 192664, 900, 900, 900, 900, 900, 900, 900, 900, 0, 0, 0, 0, 0, 0
GPS, 1, 0, 0, 0, 99.99, 0, 0, 0.07, -17, 0, 0, 0, 192744
CTUN, 192746, 0, 0, 0, 0.07276719, 0.07, 0.23, 0, 0, 0, 2
ATT, 192764, 0, 0.71, 0, -0.69, 116.54, 116.54, 0, 0.02
RCIN, 192764, 900, 900, 900, 900, 900, 900, 900, 900, 0, 0, 0, 0, 0, 0
CTUN, 192844, 0, 0, 0, 0.08525883, 0.08, -0.23, 0, 0, 0, 2
ATT, 192863, 0, 0.71, 0, -0.69, 116.55, 116.55, 0, 0.01
RCIN, 192864, 900, 900, 900, 900, 900, 900, 900, 900, 0, 0, 0, 0, 0, 0
GPS, 1, 0, 0, 0, 99.99, 0, 0, 0.06, -17, 0, 0, 0, 192944
CTUN, 192946, 0, 0, 0, 0.0685771, 0.06, -0.18, 0, 0, 0, 2
ATT, 192964, 0, 0.71, 0, -0.7, 116.56, 116.56, 0, 0.02
RCIN, 192964, 900, 900, 900, 900, 900, 900, 900, 900, 0, 0, 0, 0, 0, 0
CTUN, 193044, 0, 0, 0, 0.05606466, 0.05, 0.28, 0, 0, 0, 2
ATT, 193063, 0, 0.71, 0, -0.7, 116.55, 116.55, 0, 0.04
RCIN, 193064, 900, 900, 900, 900, 900, 900, 900, 900, 0, 0, 0, 0, 0, 0
GPS, 1, 0, 0, 0, 99.99, 0, 0, 0.07, -17, 0, 0, 0, 193143
CTUN, 193144, 0, 0, 0, 0.07202324, 0.07, 0.26, 0, 0, 0, 2
ATT, 193164, 0, 0.7, 0, -0.7, 116.57, 116.57, 0, 0.03
RCIN, 193164, 900, 900, 900, 900, 900, 900, 900, 900, 0, 0, 0, 0, 0, 0
CTUN, 193244, 0, 0, 0, 0.08653822, 0.08, 0.3, 0, 0, 0, 2
DU32, 7, 655576
CURR, 193245, 0, 0, 0, 0, 4732, 0
ATT, 193264, 0, 0.7, 0, -0.7, 116.59, 116.59, 0, 0.01
RCIN, 193264, 900, 900, 900, 900, 900, 900, 900, 900, 0, 0, 0, 0, 0, 0
RAD, 193333, 158, 159, 97, 22, 21, 16, 28
RAD, 193334, 158, 159, 97, 22, 21, 16, 28
GPS, 1, 0, 0, 0, 99.99, 0, 0, 0.1, -17, 0, 0, 0, 193343
CTUN, 193344, 0, 0, 0, 0.1028255, 0.1, 0.33, 0, 0, 0, 2
ATT, 193364, 0, 0.7, 0, -0.7, 116.58, 116.58, 0, 0.01
RCIN, 193364, 900, 900, 900, 900, 900, 900, 900, 900, 0, 0, 0, 0, 0, 0
CTUN, 193444, 0, 0, 0, 0.11976, 0.11, -0.12, 0, 0, 0, 3
ATT, 193464, 0, 0.7, 0, -0.71, 116.58, 116.58, 0, 0.01
RCIN, 193464, 900, 900, 900, 900, 900, 900, 900, 900, 0, 0, 0, 0, 0, 0
GPS, 1, 0, 0, 0, 99.99, 0, 0, 0.1, -17, 0, 0, 0, 193543
CTUN, 193545, 0, 0, 0, 0.1085452, 0.1, 0.06, 0, 0, 0, 2
ATT, 193564, 0, 0.7, 0, -0.71, 116.57, 116.57, 0, 0.02
RCIN, 193564, 900, 900, 900, 900, 900, 900, 900, 900, 0, 0, 0, 0, 0, 0
CTUN, 193644, 0, 0, 0, 0.109202, 0.1, 0, 0, 0, 0, 2
ATT, 193663, 0, 0.7, 0, -0.71, 116.58, 116.58, 0, 0.02
RCIN, 193664, 900, 900, 900, 900, 900, 900, 900, 900, 0, 0, 0, 0, 0, 0
GPS, 1, 0, 0, 0, 99.99, 0, 0, 0.1, -17, 0, 0, 0, 193743
CTUN, 193744, 0, 0, 0, 0.1058597, 0.1, 0.12, 0, 0, 0, 2
ATT, 193765, 0, 0.7, 0, -0.71, 116.58, 116.58, 0, 0
RCIN, 193765, 900, 900, 900, 900, 900, 900, 900, 900, 0, 0, 0, 0, 0, 0
CTUN, 193844, 0, 0, 0, 0.1102791, 0.11, 0.01, 0, 0, 0, 2
ATT, 193864, 0, 0.7, 0, -0.71, 116.57, 116.57, 0, 0.01
RCIN, 193865, 900, 900, 900, 900, 900, 900, 900, 900, 0, 0, 0, 0, 0, 0
GPS, 1, 0, 0, 0, 99.99, 0, 0, 0.1, -17, 0, 0, 0, 193943
CTUN, 193945, 0, 0, 0, 0.1075533, 0.1, -0.08, 0, 0, 0, 2
ATT, 193963, 0, 0.7, 0, -0.71, 116.57, 116.57, 0, 0
RCIN, 193964, 900, 900, 900, 900, 900, 900, 900, 900, 0, 0, 0, 0, 0, 0
CTUN, 194044, 0, 0, 0, 0.09908452, 0.09, -0.15, 0, 0, 0, 2
ATT, 194064, 0, 0.7, 0, -0.72, 116.57, 116.57, 0, 0
RCIN, 194064, 900, 900, 900, 900, 900, 900, 900, 900, 0, 0, 0, 0, 0, 0
GPS, 1, 0, 0, 0, 99.99, 0, 0, 0.08, -17, 0, 0, 0, 194143
CTUN, 194144, 0, 0, 0, 0.08633249, 0.08, 0.03, 0, 0, 0, 2
ATT, 194163, 0, 0.7, 0, -0.72, 116.57, 116.57, 0, 0.01
RCIN, 194164, 900, 900, 900, 900, 900, 900, 900, 900, 0, 0, 0, 0, 0, 0
CTUN, 194244, 0, 0, 0, 0.08554824, 0.08, 0.21, 0, 0, 0, 2
DU32, 7, 655576
CURR, 194245, 0, 0, 0, 0, 4712, 0
ATT, 194264, 0, 0.7, 0, -0.72, 116.56, 116.56, 0, 0
RCIN, 194264, 900, 900, 900, 900, 900, 900, 900, 900, 0, 0, 0, 0, 0, 0
RAD, 194313, 153, 160, 100, 20, 59, 16, 28
RAD, 194313, 153, 160, 100, 20, 59, 16, 28
GPS, 1, 0, 0, 0, 99.99, 0, 0, 0.09, -17, 0, 0, 0, 194343
CTUN, 194344, 0, 0, 0, 0.09603905, 0.09, 0.69, 0, 0, 0, 2
ATT, 194364, 0, 0.7, 0, -0.72, 116.57, 116.57, 0, 0.02
RCIN, 194364, 900, 900, 900, 900, 900, 900, 900, 900, 0, 0, 0, 0, 0, 0
CTUN, 194444, 0, 0, 0, 0.1346242, 0.13, 0.05, 0, 0, 0, 3
ATT, 194463, 0, 0.7, 0, -0.72, 116.58, 116.58, 0, 0.02
RCIN, 194464, 900, 900, 900, 900, 900, 900, 900, 900, 0, 0, 0, 0, 0, 0
GPS, 1, 0, 0, 0, 99.99, 0, 0, 0.13, -17, 0, 0, 0, 194543
CTUN, 194544, 0, 0, 0, 0.1328651, 0.13, 0.23, 0, 0, 0, 2
ATT, 194563, 0, 0.7, 0, -0.72, 116.57, 116.57, 0, 0.01
RCIN, 194564, 900, 900, 900, 900, 900, 900, 900, 900, 0, 0, 0, 0, 0, 0
CTUN, 194644, 0, 0, 0, 0.1422717, 0.14, 0.02, 0, 0, 0, 3
ATT, 194663, 0, 0.7, 0, -0.72, 116.57, 116.57, 0, 0
RCIN, 194664, 900, 900, 900, 900, 900, 900, 900, 900, 0, 0, 0, 0, 0, 0
GPS, 1, 0, 0, 0, 99.99, 0, 0, 0.13, -17, 0, 0, 0, 194743
CTUN, 194745, 0, 0, 0, 0.1385458, 0.13, -0.09, 0, 0, 0, 2
ATT, 194764, 0, 0.7, 0, -0.72, 116.56, 116.56, 0, 0.02
RCIN, 194764, 900, 900, 900, 900, 900, 900, 900, 900, 0, 0, 0, 0, 0, 0
CTUN, 194844, 0, 0, 0, 0.1273568, 0.12, 0.17, 0, 0, 0, 2
ATT, 194863, 0, 0.7, 0, -0.73, 116.57, 116.57, 0, 0
RCIN, 194864, 900, 900, 900, 900, 900, 900, 900, 900, 0, 0, 0, 0, 0, 0
GPS, 1, 0, 0, 0, 99.99, 0, 0, 0.13, -17, 0, 0, 0, 194943
CTUN, 194945, 0, 0, 0, 0.1334642, 0.13, 0.28, 0, 0, 0, 2
ATT, 194964, 0, 0.7, 0, -0.73, 116.58, 116.58, 0, 0.02
RCIN, 194964, 900, 900, 900, 900, 900, 900, 900, 900, 0, 0, 0, 0, 0, 0
CTUN, 195044, 0, 0, 0, 0.1456555, 0.14, 0.43, 0, 0, 0, 3
ATT, 195063, 0, 0.7, 0, -0.73, 116.58, 116.58, 0, 0.02
RCIN, 195064, 900, 900, 900, 900, 900, 900, 900, 900, 0, 0, 0, 0, 0, 0
GPS, 1, 0, 0, 0, 99.99, 0, 0, 0.16, -17, 0, 0, 0, 195143
CTUN, 195145, 0, 0, 0, 0.1664052, 0.16, -0.07, 0, 0, 0, 3
ATT, 195164, 0, 0.7, 0, -0.73, 116.58, 116.58, 0, 0.02
RCIN, 195164, 900, 900, 900, 900, 900, 900, 900, 900, 0, 0, 0, 0, 0, 0
CTUN, 195244, 0, 0, 0, 0.1556782, 0.15, 0.28, 0, 0, 0, 3
DU32, 7, 655576
CURR, 195245, 0, 0, 0, 0, 4772, 0
ATT, 195263, 0, 0.7, 0, -0.74, 116.59, 116.59, 0, 0.02
RCIN, 195264, 900, 900, 900, 900, 900, 900, 900, 900, 0, 0, 0, 0, 0, 0
GPS, 1, 0, 0, 0, 99.99, 0, 0, 0.16, -17, 0, 0, 0, 195343
CTUN, 195345, 0, 0, 0, 0.1672128, 0.16, -0.1, 0, 0, 0, 3
ATT, 195364, 0, 0.69, 0, -0.74, 116.6, 116.6, 0, 0
RCIN, 195364, 900, 900, 900, 900, 900, 900, 900, 900, 0, 0, 0, 0, 0, 0
CTUN, 195444, 0, 0, 0, 0.154236, 0.15, 0.22, 0, 0, 0, 3
RAD, 195453, 155, 160, 100, 20, 59, 16, 28
RAD, 195454, 155, 160, 100, 20, 59, 16, 28
ATT, 195463, 0, 0.69, 0, -0.74, 116.6, 116.6, 0, 0.02
RCIN, 195464, 900, 900, 900, 900, 900, 900, 900, 900, 0, 0, 0, 0, 0, 0
GPS, 1, 0, 0, 0, 99.99, 0, 0, 0.16, -17, 0, 0, 0, 195543
CTUN, 195545, 0, 0, 0, 0.1621811, 0.16, 0.27, 0, 0, 0, 3
ATT, 195564, 0, 0.69, 0, -0.74, 116.61, 116.61, 0, 0.06
RCIN, 195564, 900, 900, 900, 900, 900, 900, 900, 900, 0, 0, 0, 0, 0, 0
CTUN, 195644, 0, 0, 0, 0.1723327, 0.17, -0.01, 0, 0, 0, 3
ATT, 195663, 0, 0.69, 0, -0.74, 116.64, 116.64, 0, 0.02
RCIN, 195664, 900, 900, 900, 900, 900, 900, 900, 900, 0, 0, 0, 0, 0, 0
GPS, 1, 0, 0, 0, 99.99, 0, 0, 0.16, -17, 0, 0, 0, 195743
CTUN, 195745, 0, 0, 0, 0.1646795, 0.16, -0.14, 0, 0, 0, 3
ATT, 195764, 0, 0.69, 0, -0.74, 116.65, 116.65, 0, 0.02
RCIN, 195764, 900, 900, 900, 900, 900, 900, 900, 900, 0, 0, 0, 0, 0, 0
CTUN, 195844, 0, 0, 0, 0.1492976, 0.14, 0.56, 0, 0, 0, 2
ATT, 195863, 0, 0.69, 0, -0.75, 116.64, 116.64, 0, 0.01
RCIN, 195864, 900, 900, 900, 900, 900, 900, 900, 900, 0, 0, 0, 0, 0, 0
GPS, 1, 0, 0, 0, 99.99, 0, 0, 0.17, -17, 0, 0, 0, 195943
CTUN, 195945, 0, 0, 0, 0.1779063, 0.17, 0.11, 0, 0, 0, 3
ATT, 195964, 0, 0.69, 0, -0.75, 116.64, 116.64, 0, 0.02
RCIN, 195964, 900, 900, 900, 900, 900, 900, 900, 900, 0, 0, 0, 0, 0, 0
CTUN, 196044, 0, 0, 0, 0.1775902, 0.17, -0.1, 0, 0, 0, 3
ATT, 196064, 0, 0.69, 0, -0.75, 116.63, 116.63, 0, 0.01
RCIN, 196064, 900, 900, 900, 900, 900, 900, 900, 900, 0, 0, 0, 0, 0, 0
GPS, 1, 0, 0, 0, 99.99, 0, 0, 0.16, -17, 0, 0, 0, 196143
CTUN, 196145, 0, 0, 0, 0.1642881, 0.16, 0.02, 0, 0, 0, 3
ATT, 196164, 0, 0.69, 0, -0.75, 116.63, 116.63, 0, 0
RCIN, 196164, 900, 900, 900, 900, 900, 900, 900, 900, 0, 0, 0, 0, 0, 0
CTUN, 196244, 0, 0, 0, 0.159056, 0.15, 0.12, 0, 0, 0, 2
DU32, 7, 655576
CURR, 196245, 0, 0, 0, 0, 4752, 0
ATT, 196264, 0, 0.69, 0, -0.74, 116.62, 116.62, 0, 0.01
RCIN, 196264, 900, 900, 900, 900, 900, 900, 900, 900, 0, 0, 0, 0, 0, 0
RAD, 196333, 160, 160, 89, 53, 59, 16, 28
RAD, 196334, 160, 160, 89, 53, 59, 16, 28
GPS, 1, 0, 0, 0, 99.99, 0, 0, 0.16, -17, 0, 0, 0, 196343
CTUN, 196345, 0, 0, 0, 0.1603149, 0.16, 0.01, 0, 0, 0, 2
ATT, 196364, 0, 0.69, 0, -0.75, 116.62, 116.62, 0, 0
RCIN, 196364, 900, 900, 900, 900, 900, 900, 900, 900, 0, 0, 0, 0, 0, 0
CTUN, 196444, 0, 0, 0, 0.1547526, 0.15, 0.34, 0, 0, 0, 2
ATT, 196463, 0, 0.69, 0, -0.75, 116.62, 116.62, 0, 0.01
RCIN, 196464, 900, 900, 900, 900, 900, 900, 900, 900, 0, 0, 0, 0, 0, 0
GPS, 1, 0, 0, 0, 99.99, 0, 0, 0.16, -17, 0, 0, 0, 196543
CTUN, 196545, 0, 0, 0, 0.1690125, 0.16, -0.11, 0, 0, 0, 2
ATT, 196564, 0, 0.69, 0, -0.75, 116.63, 116.63, 0, 0.01
RCIN, 196565, 900, 900, 900, 900, 900, 900, 900, 900, 0, 0, 0, 0, 0, 0
CTUN, 196644, 0, 0, 0, 0.154994, 0.15, 0.03, 0, 0, 0, 2
ATT, 196664, 0, 0.69, 0, -0.75, 116.62, 116.62, 0, 0.01
RCIN, 196664, 900, 900, 900, 900, 900, 900, 900, 900, 0, 0, 0, 0, 0, 0
GPS, 1, 0, 0, 0, 99.99, 0, 0, 0.15, -17, 0, 0, 0, 196743
CTUN, 196745, 0, 0, 0, 0.150618, 0.15, 0.51, 0, 0, 0, 2
ATT, 196764, 0, 0.69, 0, -0.75, 116.62, 116.62, 0, 0
RCIN, 196764, 900, 900, 900, 900, 900, 900, 900, 900, 0, 0, 0, 0, 0, 0
CTUN, 196844, 0, 0, 0, 0.1755389, 0.17, -0.07, 0, 0, 0, 2
ATT, 196863, 0, 0.69, 0, -0.75, 116.62, 116.62, 0, 0
RCIN, 196864, 900, 900, 900, 900, 900, 900, 900, 900, 0, 0, 0, 0, 0, 0
GPS, 1, 0, 0, 0, 99.99, 0, 0, 0.16, -17, 0, 0, 0, 196943
CTUN, 196945, 0, 0, 0, 0.1636299, 0.16, 0.1, 0, 0, 0, 2
ATT, 196963, 0, 0.69, 0, -0.75, 116.62, 116.62, 0, 0
RCIN, 196964, 900, 900, 900, 900, 900, 900, 900, 900, 0, 0, 0, 0, 0, 0
CTUN, 197044, 0, 0, 0, 0.1631647, 0.16, 0.31, 0, 0, 0, 2
ATT, 197063, 0, 0.68, 0, -0.75, 116.62, 116.62, 0, 0
RCIN, 197064, 900, 900, 900, 900, 900, 900, 900, 900, 0, 0, 0, 0, 0, 0
GPS, 1, 0, 0, 0, 99.99, 0, 0, 0.17, -17, 0, 0, 0, 197143
CTUN, 197145, 0, 0, 0, 0.1751138, 0.17, -0.06, 0, 0, 0, 2
ATT, 197164, 0, 0.68, 0, -0.75, 116.62, 116.62, 0, 0
RCIN, 197164, 900, 900, 900, 900, 900, 900, 900, 900, 0, 0, 0, 0, 0, 0
CTUN, 197245, 0, 0, 0, 0.1634118, 0.16, -0.12, 0, 0, 0, 2
DU32, 7, 655576
CURR, 197246, 0, 0, 0, 0, 4712, 0
PM, 5, 1000, 38015, 6, 0, 0, 0
ATT, 197263, 0, 0.68, 0, -0.75, 116.63, 116.63, 0, 0.01
RCIN, 197264, 900, 900, 900, 900, 900, 900, 900, 900, 0, 0, 0, 0, 0, 0
RAD, 197313, 159, 159, 100, 27, 23, 16, 29
RAD, 197314, 159, 159, 100, 27, 23, 16, 29
GPS, 1, 0, 0, 0, 99.99, 0, 0, 0.14, -17, 0, 0, 0, 197343
CTUN, 197345, 0, 0, 0, 0.148798, 0.14, 0.48, 0, 0, 0, 2
ATT, 197364, 0, 0.68, 0, -0.75, 116.63, 116.63, 0, 0.06
RCIN, 197364, 900, 900, 900, 900, 900, 900, 900, 900, 0, 0, 0, 0, 0, 0
CTUN, 197445, 0, 0, 0, 0.1713946, 0.17, 0.12, 0, 0, 0, 2
ATT, 197464, 0, 0.68, 0, -0.75, 116.65, 116.65, 0, 0.01
RCIN, 197464, 900, 900, 900, 900, 900, 900, 900, 900, 0, 0, 0, 0, 0, 0
GPS, 1, 0, 0, 0, 99.99, 0, 0, 0.17, -17, 0, 0, 0, 197543
CTUN, 197545, 0, 0, 0, 0.1711943, 0.17, -0.15, 0, 0, 0, 2
ATT, 197564, 0, 0.68, 0, -0.75, 116.65, 116.65, 0, 0
RCIN, 197564, 900, 900, 900, 900, 900, 900, 900, 900, 0, 0, 0, 0, 0, 0
CTUN, 197646, 0, 0, 0, 0.1539471, 0.15, 0.01, 0, 0, 0, 2
ATT, 197664, 0, 0.68, 0, -0.75, 116.64, 116.64, 0, 0
RCIN, 197664, 900, 900, 900, 900, 900, 900, 900, 900, 0, 0, 0, 0, 0, 0
GPS, 1, 0, 0, 0, 99.99, 0, 0, 0.14, -17, 0, 0, 0, 197743
CTUN, 197745, 0, 0, 0, 0.1479004, 0.14, 0.21, 0, 0, 0, 1
ATT, 197764, 0, 0.68, 0, -0.75, 116.65, 116.65, 0, 0
RCIN, 197764, 900, 900, 900, 900, 900, 900, 900, 900, 0, 0, 0, 0, 0, 0
CTUN, 197844, 0, 0, 0, 0.1538439, 0.15, 0.25, 0, 0, 0, 1
ATT, 197863, 0, 0.68, 0, -0.75, 116.65, 116.65, 0, 0.01
RCIN, 197864, 900, 900, 900, 900, 900, 900, 900, 900, 0, 0, 0, 0, 0, 0
GPS, 1, 0, 0, 0, 99.99, 0, 0, 0.16, -17, 0, 0, 0, 197943
CTUN, 197945, 0, 0, 0, 0.1623564, 0.16, 0, 0, 0, 0, 2
ATT, 197964, 0, 0.68, 0, -0.76, 116.66, 116.66, 0, 0.01
RCIN, 197964, 900, 900, 900, 900, 900, 900, 900, 900, 0, 0, 0, 0, 0, 0
CTUN, 198044, 0, 0, 0, 0.1546383, 0.15, 0.09, 0, 0, 0, 1
ATT, 198064, 0, 0.68, 0, -0.76, 116.65, 116.65, 0, 0.02
RCIN, 198065, 900, 900, 900, 900, 900, 900, 900, 900, 0, 0, 0, 0, 0, 0
GPS, 1, 0, 0, 0, 99.99, 0, 0, 0.15, -17, 0, 0, 0, 198143
CTUN, 198145, 0, 0, 0, 0.1531263, 0.15, 0.4, 0, 0, 0, 1
ATT, 198164, 0, 0.68, 0, -0.76, 116.64, 116.64, 0, 0.01
RCIN, 198164, 900, 900, 900, 900, 900, 900, 900, 900, 0, 0, 0, 0, 0, 0
CTUN, 198244, 0, 0, 0, 0.1704106, 0.17, -0.07, 0, 0, 0, 2
DU32, 7, 655576
CURR, 198245, 0, 0, 0, 0, 4732, 0
ATT, 198265, 0, 0.68, 0, -0.76, 116.65, 116.65, 0, 0.01
RCIN, 198265, 900, 900, 900, 900, 900, 900, 900, 900, 0, 0, 0, 0, 0, 0
RAD, 198333, 157, 153, 96, 20, 54, 16, 30
RAD, 198333, 157, 153, 96, 20, 54, 16, 30
GPS, 1, 0, 0, 0, 99.99, 0, 0, 0.15, -17, 0, 0, 0, 198343
CTUN, 198345, 0, 0, 0, 0.1580907, 0.15, 0.33, 0, 0, 0, 1
ATT, 198364, 0, 0.68, 0, -0.76, 116.65, 116.65, 0, 0.02
RCIN, 198364, 900, 900, 900, 900, 900, 900, 900, 900, 0, 0, 0, 0, 0, 0
CTUN, 198444, 0, 0, 0, 0.170766, 0.17, 0.06, 0, 0, 0, 2
ATT, 198464, 0, 0.68, 0, -0.76, 116.66, 116.66, 0, 0
RCIN, 198464, 900, 900, 900, 900, 900, 900, 900, 900, 0, 0, 0, 0, 0, 0
GPS, 1, 0, 0, 0, 99.99, 0, 0, 0.16, -17, 0, 0, 0, 198543
CTUN, 198545, 0, 0, 0, 0.1668199, 0.16, -0.14, 0, 0, 0, 2
ATT, 198565, 0, 0.68, 0, -0.76, 116.67, 116.67, 0, 0.01
RCIN, 198566, 900, 900, 900, 900, 900, 900, 900, 900, 0, 0, 0, 0, 0, 0
CTUN, 198644, 0, 0, 0, 0.1504797, 0.15, 0, 0, 0, 0, 1
ATT, 198664, 0, 0.67, 0, -0.76, 116.66, 116.66, 0, 0.01
RCIN, 198664, 900, 900, 900, 900, 900, 900, 900, 900, 0, 0, 0, 0, 0, 0
GPS, 1, 0, 0, 0, 99.99, 0, 0, 0.14, -17, 0, 0, 0, 198743
CTUN, 198745, 0, 0, 0, 0.1439101, 0.14, -0.07, 0, 0, 0, 1
ATT, 198763, 0, 0.67, 0, -0.77, 116.65, 116.65, 0, 0.02
RCIN, 198764, 900, 900, 900, 900, 900, 900, 900, 900, 0, 0, 0, 0, 0, 0
CTUN, 198844, 0, 0, 0, 0.1325749, 0.13, 0.28, 0, 0, 0, 1
ATT, 198864, 0, 0.67, 0, -0.77, 116.65, 116.65, 0, 0.04
RCIN, 198864, 900, 900, 900, 900, 900, 900, 900, 900, 0, 0, 0, 0, 0, 0
GPS, 1, 0, 0, 0, 99.99, 0, 0, 0.14, -17, 0, 0, 0, 198943
CTUN, 198945, 0, 0, 0, 0.1435204, 0.14, 0.15, 0, 0, 0, 1
ATT, 198964, 0, 0.67, 0, -0.77, 116.67, 116.67, 0, 0.01
RCIN, 198964, 900, 900, 900, 900, 900, 900, 900, 900, 0, 0, 0, 0, 0, 0
CTUN, 199044, 0, 0, 0, 0.1461794, 0.14, 0.1, 0, 0, 0, 1
ATT, 199063, 0, 0.67, 0, -0.77, 116.67, 116.67, 0, 0.01
RCIN, 199064, 900, 900, 900, 900, 900, 900, 900, 900, 0, 0, 0, 0, 0, 0
GPS, 1, 0, 0, 0, 99.99, 0, 0, 0.14, -17, 0, 0, 0, 199143
CTUN, 199145, 0, 0, 0, 0.1455487, 0.14, 0.09, 0, 0, 0, 1
ATT, 199163, 0, 0.66, 0, -0.77, 116.66, 116.66, 0, 0.01
RCIN, 199164, 900, 900, 900, 900, 900, 900, 900, 900, 0, 0, 0, 0, 0, 0
CTUN, 199244, 0, 0, 0, 0.1443461, 0.14, 0.34, 0, 0, 0, 1
DU32, 7, 655576
CURR, 199245, 0, 0, 0, 0, 4712, 0
ATT, 199264, 0, 0.66, 0, -0.78, 116.67, 116.67, 0, 0.02
RCIN, 199265, 900, 900, 900, 900, 900, 900, 900, 900, 0, 0, 0, 0, 0, 0
RAD, 199273, 158, 151, 95, 29, 57, 16, 30
RAD, 199294, 158, 151, 95, 29, 57, 16, 30
GPS, 1, 0, 0, 0, 99.99, 0, 0, 0.15, -17, 0, 0, 0, 199343
CTUN, 199345, 0, 0, 0, 0.1581332, 0.15, 0.29, 0, 0, 0, 1
ATT, 199363, 0, 0.66, 0, -0.78, 116.69, 116.69, 0, 0.01
RCIN, 199364, 900, 900, 900, 900, 900, 900, 900, 900, 0, 0, 0, 0, 0, 0
CTUN, 199444, 0, 0, 0, 0.1685069, 0.16, 0.19, 0, 0, 0, 2
ATT, 199464, 0, 0.66, 0, -0.78, 116.69, 116.69, 0, 0.01
RCIN, 199464, 900, 900, 900, 900, 900, 900, 900, 900, 0, 0, 0, 0, 0, 0
GPS, 1, 0, 0, 0, 99.99, 0, 0, 0.17, -17, 0, 0, 0, 199543
CTUN, 199545, 0, 0, 0, 0.172673, 0.17, 0.36, 0, 0, 0, 2
ATT, 199563, 0, 0.66, 0, -0.78, 116.69, 116.69, 0, 0
RCIN, 199564, 900, 900, 900, 900, 900, 900, 900, 900, 0, 0, 0, 0, 0, 0
CTUN, 199644, 0, 0, 0, 0.1869191, 0.18, -0.23, 0, 0, 0, 2
ATT, 199663, 0, 0.66, 0, -0.79, 116.68, 116.68, 0, 0
RCIN, 199664, 900, 900, 900, 900, 900, 900, 900, 900, 0, 0, 0, 0, 0, 0
GPS, 1, 0, 0, 0, 99.99, 0, 0, 0.16, -17, 0, 0, 0, 199743
CTUN, 199745, 0, 0, 0, 0.1636898, 0.16, -0.02, 0, 0, 0, 1
ATT, 199764, 0, 0.66, 0, -0.79, 116.69, 116.69, 0, 0.01
RCIN, 199764, 900, 900, 900, 900, 900, 900, 900, 900, 0, 0, 0, 0, 0, 0
CTUN, 199844, 0, 0, 0, 0.1543128, 0.15, 0.09, 0, 0, 0, 1
ATT, 199864, 0, 0.66, 0, -0.79, 116.68, 116.68, 0, 0
RCIN, 199864, 900, 900, 900, 900, 900, 900, 900, 900, 0, 0, 0, 0, 0, 0
GPS, 1, 0, 0, 0, 99.99, 0, 0, 0.15, -17, 0, 0, 0, 199943
CTUN, 199945, 0, 0, 0, 0.1527746, 0.15, 0.16, 0, 0, 0, 1
ATT, 199964, 0, 0.66, 0, -0.79, 116.68, 116.68, 0, 0
RCIN, 199964, 900, 900, 900, 900, 900, 900, 900, 900, 0, 0, 0, 0, 0, 0
CTUN, 200044, 0, 0, 0, 0.1556876, 0.15, -0.03, 0, 0, 0, 1
ATT, 200063, 0, 0.66, 0, -0.79, 116.68, 116.68, 0, 0
RCIN, 200064, 900, 900, 900, 900, 900, 900, 900, 900, 0, 0, 0, 0, 0, 0
GPS, 1, 0, 0, 0, 99.99, 0, 0, 0.14, -17, 0, 0, 0, 200143
CTUN, 200145, 0, 0, 0, 0.1459311, 0.14, 0.06, 0, 0, 0, 1
ATT, 200163, 0, 0.66, 0, -0.8, 116.68, 116.68, 0, 0
RCIN, 200164, 900, 900, 900, 900, 900, 900, 900, 900, 0, 0, 0, 0, 0, 0
CTUN, 200244, 0, 0, 0, 0.1430729, 0.14, 0.07, 0, 0, 0, 1
DU32, 7, 655576
CURR, 200245, 0, 0, 0, 0, 4732, 0
ATT, 200264, 0, 0.66, 0, -0.8, 116.68, 116.68, 0, 0.01
RCIN, 200264, 900, 900, 900, 900, 900, 900, 900, 900, 0, 0, 0, 0, 0, 0
GPS, 1, 0, 0, 0, 99.99, 0, 0, 0.14, -17, 0, 0, 0, 200343
CTUN, 200345, 0, 0, 0, 0.1409766, 0.14, 0.07, 0, 0, 0, 1
ATT, 200364, 0, 0.66, 0, -0.8, 116.68, 116.68, 0, 0.01
RCIN, 200364, 900, 900, 900, 900, 900, 900, 900, 900, 0, 0, 0, 0, 0, 0
CTUN, 200444, 0, 0, 0, 0.138539, 0.13, 0, 0, 0, 0, 1
ATT, 200464, 0, 0.66, 0, -0.8, 116.68, 116.68, 0, 0
RCIN, 200464, 900, 900, 900, 900, 900, 900, 900, 900, 0, 0, 0, 0, 0, 0
RAD, 200473, 157, 162, 88, 45, 54, 17, 31
RAD, 200474, 157, 162, 88, 45, 54, 17, 31
GPS, 1, 0, 0, 0, 99.99, 0, 0, 0.13, -17, 0, 0, 0, 200543
CTUN, 200545, 0, 0, 0, 0.1322687, 0.13, 0.37, 0, 0, 0, 1
ATT, 200564, 0, 0.66, 0, -0.8, 116.68, 116.68, 0, 0.04
RCIN, 200564, 900, 900, 900, 900, 900, 900, 900, 900, 0, 0, 0, 0, 0, 0
CTUN, 200644, 0, 0, 0, 0.1483094, 0.14, 0.08, 0, 0, 0, 1
ATT, 200663, 0, 0.66, 0, -0.8, 116.7, 116.7, 0, 0.01
RCIN, 200664, 900, 900, 900, 900, 900, 900, 900, 900, 0, 0, 0, 0, 0, 0
GPS, 1, 0, 0, 0, 99.99, 0, 0, 0.14, -17, 0, 0, 0, 200744
CTUN, 200746, 0, 0, 0, 0.1461064, 0.14, -0.07, 0, 0, 0, 1
ATT, 200764, 0, 0.66, 0, -0.8, 116.69, 116.69, 0, 0.02
RCIN, 200764, 900, 900, 900, 900, 900, 900, 900, 900, 0, 0, 0, 0, 0, 0
CTUN, 200844, 0, 0, 0, 0.1345641, 0.13, -0.03, 0, 0, 0, 1
ATT, 200863, 0, 0.66, 0, -0.8, 116.69, 116.69, 0, 0
RCIN, 200864, 900, 900, 900, 900, 900, 900, 900, 900, 0, 0, 0, 0, 0, 0
GPS, 1, 0, 0, 0, 99.99, 0, 0, 0.12, -17, 0, 0, 0, 200943
CTUN, 200945, 0, 0, 0, 0.1255858, 0.12, -0.06, 0, 0, 0, 1
ATT, 200964, 0, 0.66, 0, -0.81, 116.7, 116.7, 0, 0.01
RCIN, 200964, 900, 900, 900, 900, 900, 900, 900, 900, 0, 0, 0, 0, 0, 0
CTUN, 201044, 0, 0, 0, 0.1151158, 0.11, 0.39, 0, 0, 0, 0
ATT, 201063, 0, 0.66, 0, -0.81, 116.69, 116.69, 0, 0.04
RCIN, 201064, 900, 900, 900, 900, 900, 900, 900, 900, 0, 0, 0, 0, 0, 0
GPS, 1, 0, 0, 0, 99.99, 0, 0, 0.13, -17, 0, 0, 0, 201143
CTUN, 201145, 0, 0, 0, 0.1334058, 0.13, 0.24, 0, 0, 0, 1
ATT, 201163, 0, 0.66, 0, -0.8, 116.71, 116.71, 0, 0
RCIN, 201164, 900, 900, 900, 900, 900, 900, 900, 900, 0, 0, 0, 0, 0, 0
CTUN, 201244, 0, 0, 0, 0.1416362, 0.14, -0.19, 0, 0, 0, 1
DU32, 7, 655576
CURR, 201245, 0, 0, 0, 0, 4752, 0
ATT, 201264, 0, 0.66, 0, -0.8, 116.71, 116.71, 0, 0.02
RCIN, 201264, 900, 900, 900, 900, 900, 900, 900, 900, 0, 0, 0, 0, 0, 0
GPS, 1, 0, 0, 0, 99.99, 0, 0, 0.12, -17, 0, 0, 0, 201343
CTUN, 201345, 0, 0, 0, 0.1227662, 0.12, -0.11, 0, 0, 0, 1
ATT, 201365, 0, 0.66, 0, -0.8, 116.72, 116.72, 0, 0
RCIN, 201366, 900, 900, 900, 900, 900, 900, 900, 900, 0, 0, 0, 0, 0, 0
RAD, 201393, 161, 162, 93, 48, 54, 17, 31
RAD, 201393, 161, 162, 93, 48, 54, 17, 31
CTUN, 201444, 0, 0, 0, 0.1099391, 0.1, 0.17, 0, 0, 0, 0
ATT, 201463, 0, 0.66, 0, -0.8, 116.72, 116.72, 0, 0
RCIN, 201464, 900, 900, 900, 900, 900, 900, 900, 900, 0, 0, 0, 0, 0, 0
GPS, 1, 0, 0, 0, 99.99, 0, 0, 0.11, -17, 0, 0, 0, 201543
CTUN, 201545, 0, 0, 0, 0.11527, 0.11, 0.05, 0, 0, 0, 1
ATT, 201563, 0, 0.66, 0, -0.8, 116.72, 116.72, 0, 0.01
RCIN, 201564, 900, 900, 900, 900, 900, 900, 900, 900, 0, 0, 0, 0, 0, 0
CTUN, 201644, 0, 0, 0, 0.1129976, 0.11, 0.19, 0, 0, 0, 1
ATT, 201664, 0, 0.66, 0, -0.8, 116.71, 116.71, 0, 0
RCIN, 201664, 900, 900, 900, 900, 900, 900, 900, 900, 0, 0, 0, 0, 0, 0
GPS, 1, 0, 0, 0, 99.99, 0, 0, 0.11, -17, 0, 0, 0, 201743
CTUN, 201745, 0, 0, 0, 0.1191459, 0.11, 0.43, 0, 0, 0, 1
ATT, 201764, 0, 0.66, 0, -0.8, 116.71, 116.71, 0, 0.01
RCIN, 201764, 900, 900, 900, 900, 900, 900, 900, 900, 0, 0, 0, 0, 0, 0
CTUN, 201844, 0, 0, 0, 0.1396805, 0.13, -0.27, 0, 0, 0, 1
ATT, 201864, 0, 0.67, 0, -0.8, 116.71, 116.71, 0, 0.01
RCIN, 201864, 900, 900, 900, 900, 900, 900, 900, 900, 0, 0, 0, 0, 0, 0
GPS, 1, 0, 0, 0, 99.99, 0, 0, 0.11, -17, 0, 0, 0, 201943
CTUN, 201945, 0, 0, 0, 0.1160003, 0.11, 0.13, 0, 0, 0, 1
ATT, 201964, 0, 0.67, 0, -0.8, 116.7, 116.7, 0, 0
RCIN, 201964, 900, 900, 900, 900, 900, 900, 900, 900, 0, 0, 0, 0, 0, 0
CTUN, 202044, 0, 0, 0, 0.1185763, 0.11, 0.2, 0, 0, 0, 1
ATT, 202064, 0, 0.67, 0, -0.8, 116.71, 116.71, 0, 0
RCIN, 202064, 900, 900, 900, 900, 900, 900, 900, 900, 0, 0, 0, 0, 0, 0
GPS, 1, 0, 0, 0, 99.99, 0, 0, 0.12, -17, 0, 0, 0, 202143
CTUN, 202145, 0, 0, 0, 0.1251289, 0.12, 0.25, 0, 0, 0, 1
ATT, 202164, 0, 0.67, 0, -0.8, 116.71, 116.71, 0, 0.01
RCIN, 202164, 900, 900, 900, 900, 900, 900, 900, 900, 0, 0, 0, 0, 0, 0
CTUN, 202244, 0, 0, 0, 0.1339882, 0.13, 0.11, 0, 0, 0, 1
DU32, 7, 655576
CURR, 202245, 0, 0, 0, 0, 4752, 0
ATT, 202263, 0, 0.67, 0, -0.8, 116.72, 116.72, 0, 0.01
RCIN, 202264, 900, 900, 900, 900, 900, 900, 900, 900, 0, 0, 0, 0, 0, 0
RAD, 202313, 161, 156, 100, 30, 24, 17, 31
RAD, 202314, 161, 156, 100, 30, 24, 17, 31
GPS, 1, 0, 0, 0, 99.99, 0, 0, 0.13, -17, 0, 0, 0, 202343
CTUN, 202345, 0, 0, 0, 0.1341018, 0.13, -0.04, 0, 0, 0, 1
ATT, 202364, 0, 0.67, 0, -0.8, 116.72, 116.72, 0, 0.01
RCIN, 202364, 900, 900, 900, 900, 900, 900, 900, 900, 0, 0, 0, 0, 0, 0
CTUN, 202446, 0, 0, 0, 0.1241224, 0.12, -0.03, 0, 0, 0, 1
ATT, 202466, 0, 0.67, 0, -0.81, 116.71, 116.71, 0, 0.01
RCIN, 202466, 900, 900, 900, 900, 900, 900, 900, 900, 0, 0, 0, 0, 0, 0
GPS, 1, 0, 0, 0, 99.99, 0, 0, 0.11, -17, 0, 0, 0, 202544
CTUN, 202546, 0, 0, 0, 0.1159414, 0.11, -0.11, 0, 0, 0, 0
ATT, 202565, 0, 0.67, 0, -0.8, 116.71, 116.71, 0, 0
RCIN, 202565, 900, 900, 900, 900, 900, 900, 900, 900, 0, 0, 0, 0, 0, 0
CTUN, 202644, 0, 0, 0, 0.102867, 0.1, 0, 0, 0, 0, 0
ATT, 202664, 0, 0.67, 0, -0.8, 116.71, 116.71, 0, 0
RCIN, 202664, 900, 900, 900, 900, 900, 900, 900, 900, 0, 0, 0, 0, 0, 0
GPS, 1, 0, 0, 0, 99.99, 0, 0, 0.09, -17, 0, 0, 0, 202745
CTUN, 202746, 0, 0, 0, 0.0972326, 0.09, -0.18, 0, 0, 0, 0
ATT, 202765, 0, 0.67, 0, -0.8, 116.71, 116.71, 0, 0
RCIN, 202765, 900, 900, 900, 900, 900, 900, 900, 900, 0, 0, 0, 0, 0, 0
CTUN, 202845, 0, 0, 0, 0.08062737, 0.08, 0.02, 0, 0, 0, 0
ATT, 202864, 0, 0.67, 0, -0.8, 116.71, 116.71, 0, 0.01
RCIN, 202864, 900, 900, 900, 900, 900, 900, 900, 900, 0, 0, 0, 0, 0, 0
GPS, 1, 0, 0, 0, 99.99, 0, 0, 0.07, -17, 0, 0, 0, 202943
CTUN, 202945, 0, 0, 0, 0.07729242, 0.07, -0.02, 0, 0, 0, 0
ATT, 202965, 0, 0.67, 0, -0.8, 116.72, 116.72, 0, 0
RCIN, 202966, 900, 900, 900, 900, 900, 900, 900, 900, 0, 0, 0, 0, 0, 0
CTUN, 203045, 0, 0, 0, 0.07090653, 0.07, 0.41, 0, 0, 0, 0
ATT, 203065, 0, 0.67, 0, -0.8, 116.73, 116.73, 0, 0.03
RCIN, 203065, 900, 900, 900, 900, 900, 900, 900, 900, 0, 0, 0, 0, 0, 0
GPS, 1, 0, 0, 0, 99.99, 0, 0, 0.09, -17, 0, 0, 0, 203143
CTUN, 203145, 0, 0, 0, 0.09150299, 0.09, 0.43, 0, 0, 0, 0
ATT, 203164, 0, 0.67, 0, -0.8, 116.74, 116.74, 0, 0
RCIN, 203164, 900, 900, 900, 900, 900, 900, 900, 900, 0, 0, 0, 0, 0, 0
CTUN, 203246, 0, 0, 0, 0.1129686, 0.11, 0.07, 0, 0, 0, 0
DU32, 7, 655576
CURR, 203247, 0, 0, 0, 0, 4732, 0
ATT, 203265, 0, 0.66, 0, -0.8, 116.75, 116.75, 0, 0
RCIN, 203265, 900, 900, 900, 900, 900, 900, 900, 900, 0, 0, 0, 0, 0, 0
GPS, 1, 0, 0, 0, 99.99, 0, 0, 0.11, -17, 0, 0, 0, 203344
CTUN, 203346, 0, 0, 0, 0.1118174, 0.11, 0.33, 0, 0, 0, 0
RAD, 203354, 161, 156, 100, 57, 24, 17, 32
RAD, 203355, 161, 156, 100, 57, 24, 17, 32
ATT, 203364, 0, 0.67, 0, -0.8, 116.75, 116.75, 0, 0
RCIN, 203364, 900, 900, 900, 900, 900, 900, 900, 900, 0, 0, 0, 0, 0, 0
CTUN, 203444, 0, 0, 0, 0.1262594, 0.12, -0.27, 0, 0, 0, 1
ATT, 203463, 0, 0.66, 0, -0.8, 116.75, 116.75, 0, 0
RCIN, 203464, 900, 900, 900, 900, 900, 900, 900, 900, 0, 0, 0, 0, 0, 0
GPS, 1, 0, 0, 0, 99.99, 0, 0, 0.1, -17, 0, 0, 0, 203544
CTUN, 203546, 0, 0, 0, 0.1026867, 0.1, 0.01, 0, 0, 0, 0
ATT, 203565, 0, 0.67, 0, -0.8, 116.76, 116.76, 0, 0
RCIN, 203565, 900, 900, 900, 900, 900, 900, 900, 900, 0, 0, 0, 0, 0, 0
CTUN, 203645, 0, 0, 0, 0.09829788, 0.09, 0.07, 0, 0, 0, 0
ATT, 203664, 0, 0.66, 0, -0.81, 116.76, 116.76, 0, 0.02
RCIN, 203664, 900, 900, 900, 900, 900, 900, 900, 900, 0, 0, 0, 0, 0, 0
GPS, 1, 0, 0, 0, 99.99, 0, 0, 0.09, -17, 0, 0, 0, 203745
CTUN, 203746, 0, 0, 0, 0.09740546, 0.09, 0.1, 0, 0, 0, 0
ATT, 203765, 0, 0.67, 0, -0.8, 116.75, 116.75, 0, 0.02
RCIN, 203765, 900, 900, 900, 900, 900, 900, 900, 900, 0, 0, 0, 0, 0, 0
CTUN, 203845, 0, 0, 0, 0.09822993, 0.09, 0.39, 0, 0, 0, 0
ATT, 203864, 0, 0.67, 0, -0.8, 116.76, 116.76, 0, 0.02
RCIN, 203864, 900, 900, 900, 900, 900, 900, 900, 900, 0, 0, 0, 0, 0, 0
GPS, 1, 0, 0, 0, 99.99, 0, 0, 0.11, -17, 0, 0, 0, 203943
CTUN, 203945, 0, 0, 0, 0.1163113, 0.11, 0.22, 0, 0, 0, 0
ATT, 203964, 0, 0.67, 0, -0.8, 116.77, 116.77, 0, 0.01
RCIN, 203964, 900, 900, 900, 900, 900, 900, 900, 900, 0, 0, 0, 0, 0, 0
CTUN, 204045, 0, 0, 0, 0.1237772, 0.12, 0.01, 0, 0, 0, 1
ATT, 204065, 0, 0.67, 0, -0.8, 116.77, 116.77, 0, 0
RCIN, 204065, 900, 900, 900, 900, 900, 900, 900, 900, 0, 0, 0, 0, 0, 0
GPS, 1, 0, 0, 0, 99.99, 0, 0, 0.11, -17, 0, 0, 0, 204144
CTUN, 204145, 0, 0, 0, 0.1181365, 0.11, -0.2, 0, 0, 0, 0
ATT, 204164, 0, 0.67, 0, -0.8, 116.76, 116.76, 0, 0.01
RCIN, 204164, 900, 900, 900, 900, 900, 900, 900, 900, 0, 0, 0, 0, 0, 0
CTUN, 204244, 0, 0, 0, 0.09947828, 0.09, 0.33, 0, 0, 0, 0
DU32, 7, 655576
CURR, 204245, 0, 0, 0, 0, 4752, 0
ATT, 204265, 0, 0.67, 0, -0.8, 116.76, 116.76, 0, 0.01
RCIN, 204265, 900, 900, 900, 900, 900, 900, 900, 900, 0, 0, 0, 0, 0, 0
RAD, 204314, 154, 155, 100, 32, 54, 17, 32
RAD, 204315, 154, 155, 100, 32, 54, 17, 32
GPS, 1, 0, 0, 0, 99.99, 0, 0, 0.11, -17, 0, 0, 0, 204344
CTUN, 204345, 0, 0, 0, 0.1143676, 0.11, 0.25, 0, 0, 0, 0
ATT, 204364, 0, 0.67, 0, -0.8, 116.77, 116.77, 0, 0.04
RCIN, 204364, 900, 900, 900, 900, 900, 900, 900, 900, 0, 0, 0, 0, 0, 0
CTUN, 204444, 0, 0, 0, 0.123692, 0.12, -0.06, 0, 0, 0, 1
ATT, 204463, 0, 0.67, 0, -0.8, 116.79, 116.79, 0, 0.01
RCIN, 204464, 900, 900, 900, 900, 900, 900, 900, 900, 0, 0, 0, 0, 0, 0
GPS, 1, 0, 0, 0, 99.99, 0, 0, 0.11, -17, 0, 0, 0, 204544
CTUN, 204546, 0, 0, 0, 0.1133064, 0.11, 0.15, 0, 0, 0, 0
ATT, 204565, 0, 0.67, 0, -0.8, 116.78, 116.78, 0, 0.01
RCIN, 204565, 900, 900, 900, 900, 900, 900, 900, 900, 0, 0, 0, 0, 0, 0
CTUN, 204644, 0, 0, 0, 0.1164546, 0.11, 0.05, 0, 0, 0, 0
ATT, 204664, 0, 0.67, 0, -0.8, 116.77, 116.77, 0, 0
RCIN, 204664, 900, 900, 900, 900, 900, 900, 900, 900, 0, 0, 0, 0, 0, 0
GPS, 1, 0, 0, 0, 99.99, 0, 0, 0.11, -17, 0, 0, 0, 204743
CTUN, 204745, 0, 0, 0, 0.1136011, 0.11, -0.29, 0, 0, 0, 0
ATT, 204765, 0, 0.67, 0, -0.8, 116.77, 116.77, 0, 0.01
RCIN, 204765, 900, 900, 900, 900, 900, 900, 900, 900, 0, 0, 0, 0, 0, 0
CTUN, 204845, 0, 0, 0, 0.08970755, 0.08, 0.62, 0, 0, 0, 0
ATT, 204864, 0, 0.67, 0, -0.8, 116.77, 116.77, 0, 0.01
RCIN, 204864, 900, 900, 900, 900, 900, 900, 900, 900, 0, 0, 0, 0, 0, 0
GPS, 1, 0, 0, 0, 99.99, 0, 0, 0.12, -17, 0, 0, 0, 204943
CTUN, 204945, 0, 0, 0, 0.1222119, 0.12, 0.28, 0, 0, 0, 0
ATT, 204964, 0, 0.67, 0, -0.8, 116.76, 116.76, 0, 0.01
RCIN, 204964, 900, 900, 900, 900, 900, 900, 900, 900, 0, 0, 0, 0, 0, 0
CTUN, 205045, 0, 0, 0, 0.1332772, 0.13, -0.07, 0, 0, 0, 1
ATT, 205065, 0, 0.67, 0, -0.8, 116.77, 116.77, 0, 0.01
RCIN, 205065, 900, 900, 900, 900, 900, 900, 900, 900, 0, 0, 0, 0, 0, 0
GPS, 1, 0, 0, 0, 99.99, 0, 0, 0.12, -17, 0, 0, 0, 205143
CTUN, 205145, 0, 0, 0, 0.1216419, 0.12, -0.07, 0, 0, 0, 0
ATT, 205164, 0, 0.67, 0, -0.8, 116.76, 116.76, 0, 0.02
RCIN, 205164, 900, 900, 900, 900, 900, 900, 900, 900, 0, 0, 0, 0, 0, 0
CTUN, 205244, 0, 0, 0, 0.1109378, 0.11, 0.07, 0, 0, 0, 0
DU32, 7, 655576
CURR, 205245, 0, 0, 0, 0, 4752, 0
EV, 10
MODE, AltHold, 763
ATT, 210392, 0, 0.81, 0, -0.5, 116.67, 116.67, 0, 0.02
RCIN, 210392, 900, 900, 900, 900, 900, 900, 900, 900, 0, 0, 0, 0, 0, 0
CTUN, 210473, 0, 0, 0, 0.03272282, 0.03, -0.3, 0, 0, 0, 0
RAD, 210483, 157, 153, 91, 22, 53, 17, 32
RAD, 210484, 157, 153, 91, 22, 53, 17, 32
ATT, 210493, 0, 0.81, 0, -0.5, 116.83, 116.83, 0, 0.01
RCIN, 210494, 900, 900, 900, 900, 900, 900, 900, 900, 0, 0, 0, 0, 0, 0
GPS, 1, 0, 0, 0, 99.99, 0, 0, 0.01, -17, 0, 0, 0, 210551
CTUN, 210573, 0, 0, 0, 0.01243586, 0.01, 0.07, 0, 0, 0, 0
ATT, 210593, 0, 0.81, 0, -0.51, 116.83, 116.83, 0, 0.03
RCIN, 210593, 900, 900, 900, 900, 900, 900, 900, 900, 0, 0, 0, 0, 0, 0
CTUN, 210673, 0, 0, 0, 0.01626645, 0.01, -0.18, 0, 0, 0, 0
ATT, 210692, 0, 0.81, 0, -0.51, 116.82, 116.82, 0, 0.01
RCIN, 210692, 900, 900, 900, 900, 900, 900, 900, 900, 0, 0, 0, 0, 0, 0
GPS, 1, 0, 0, 0, 99.99, 0, 0, 0, -17, 0, 0, 0, 210752
CTUN, 210773, 0, 0, 0, 0.004000215, 0, -0.63, 0, 0, 0, 0
ATT, 210792, 0, 0.81, 0, -0.51, 116.83, 116.83, 0, 0
RCIN, 210793, 900, 900, 900, 900, 900, 900, 900, 900, 0, 0, 0, 0, 0, 0
CTUN, 210873, 0, 0, 0, -0.03521566, -0.03, -0.61, 0, 0, 0, -1
ATT, 210893, 0, 0.81, 0, -0.51, 116.83, 116.83, 0, 0.03
RCIN, 210893, 900, 900, 900, 900, 900, 900, 900, 900, 0, 0, 0, 0, 0, 0
GPS, 1, 0, 0, 0, 99.99, 0, 0, -0.06, -17, 0, 0, 0, 210952
CTUN, 210973, 0, 0, 0, -0.0715768, -0.07, -0.17, 0, 0, 0, -1
ATT, 210993, 0, 0.81, 0, -0.52, 116.82, 116.82, 0, 0.01
RCIN, 210994, 900, 900, 900, 900, 900, 900, 900, 900, 0, 0, 0, 0, 0, 0
CTUN, 211073, 0, 0, 0, -0.07995642, -0.07, -0.39, 0, 0, 0, -1
ATT, 211093, 0, 0.81, 0, -0.52, 116.81, 116.81, 0, 0
RCIN, 211093, 900, 900, 900, 900, 900, 900, 900, 900, 0, 0, 0, 0, 0, 0
GPS, 1, 0, 0, 0, 99.99, 0, 0, -0.09, -17, 0, 0, 0, 211153
CTUN, 211173, 0, 0, 0, -0.1013669, -0.1, -0.51, 0, 0, 0, -2
ATT, 211192, 0, 0.81, 0, -0.52, 116.81, 116.81, 0, 0.01
RCIN, 211193, 900, 900, 900, 900, 900, 900, 900, 900, 0, 0, 0, 0, 0, 0
CTUN, 211273, 0, 0, 0, -0.1290659, -0.12, -0.01, 0, 0, 0, -2
DU32, 7, 655576
CURR, 211274, 0, 0, 0, 0, 4732, 0
ATT, 211292, 0, 0.8, 0, -0.52, 116.81, 116.81, 0, 0.03
RCIN, 211293, 900, 900, 900, 900, 900, 900, 900, 900, 0, 0, 0, 0, 0, 0
GPS, 1, 0, 0, 0, 99.99, 0, 0, -0.12, -17, 0, 0, 0, 211352
CTUN, 211373, 0, 0, 0, -0.125194, -0.12, -0.53, 0, 0, 0, -2
ATT, 211393, 0, 0.8, 0, -0.53, 116.82, 116.82, 0, 0.01
RCIN, 211393, 900, 900, 900, 900, 900, 900, 900, 900, 0, 0, 0, 0, 0, 0
RAD, 211402, 155, 158, 100, 49, 56, 17, 32
RAD, 211403, 155, 158, 100, 49, 56, 17, 32
CTUN, 211473, 0, 0, 0, -0.1529923, -0.15, 0.11, 0, 0, 0, -3
ATT, 211493, 0, 0.8, 0, -0.52, 116.81, 116.81, 0, 0.02
RCIN, 211493, 900, 900, 900, 900, 900, 900, 900, 900, 0, 0, 0, 0, 0, 0
GPS, 1, 0, 0, 0, 99.99, 0, 0, -0.14, -17, 0, 0, 0, 211552
CTUN, 211573, 0, 0, 0, -0.1403476, -0.14, -0.73, 0, 0, 0, -3
ATT, 211592, 0, 0.8, 0, -0.53, 116.8, 116.8, 0, 0.03
RCIN, 211592, 900, 900, 900, 900, 900, 900, 900, 900, 0, 0, 0, 0, 0, 0
CTUN, 211673, 0, 0, 0, -0.1798615, -0.17, -0.4, 0, 0, 0, -3
ATT, 211692, 0, 0.8, 0, -0.53, 116.79, 116.79, 0, 0.02
RCIN, 211692, 900, 900, 900, 900, 900, 900, 900, 900, 0, 0, 0, 0, 0, 0
GPS, 1, 0, 0, 0, 99.99, 0, 0, -0.19, -17, 0, 0, 0, 211752
CTUN, 211773, 0, 0, 0, -0.1977767, -0.19, -0.48, 0, 0, 0, -4
ATT, 211792, 0, 0.8, 0, -0.53, 116.78, 116.78, 0, 0.02
RCIN, 211792, 900, 900, 900, 900, 900, 900, 900, 900, 0, 0, 0, 0, 0, 0
CTUN, 211873, 0, 0, 0, -0.2196159, -0.21, -0.48, 0, 0, 0, -4
ATT, 211892, 0, 0.8, 0, -0.53, 116.77, 116.77, 0, 0
RCIN, 211892, 900, 900, 900, 900, 900, 900, 900, 900, 0, 0, 0, 0, 0, 0
GPS, 1, 0, 0, 0, 99.99, 0, 0, -0.23, -17, 0, 0, 0, 211952
CTUN, 211974, 0, 0, 0, -0.2405241, -0.24, -0.1, 0, 0, 0, -4
ATT, 211992, 0, 0.8, 0, -0.53, 116.77, 116.77, 0, 0.01
RCIN, 211993, 900, 900, 900, 900, 900, 900, 900, 900, 0, 0, 0, 0, 0, 0
CTUN, 212073, 0, 0, 0, -0.2376638, -0.23, -0.48, 0, 0, 0, -4
ATT, 212093, 0, 0.79, 0, -0.53, 116.76, 116.76, 0, 0.01
RCIN, 212093, 900, 900, 900, 900, 900, 900, 900, 900, 0, 0, 0, 0, 0, 0
GPS, 1, 0, 0, 0, 99.99, 0, 0, -0.25, -17, 0, 0, 0, 212151
CTUN, 212174, 0, 0, 0, -0.2578555, -0.25, -0.69, 0, 0, 0, -5
ATT, 212193, 0, 0.79, 0, -0.53, 116.77, 116.77, 0, 0.01
RCIN, 212193, 900, 900, 900, 900, 900, 900, 900, 900, 0, 0, 0, 0, 0, 0
CTUN, 212273, 0, 0, 0, -0.2901587, -0.29, -0.18, 0, 0, 0, -5
DU32, 7, 655576
CURR, 212273, 0, 0, 0, 0, 4752, 0
ATT, 212293, 0, 0.79, 0, -0.54, 116.77, 116.77, 0, 0.02
RCIN, 212293, 900, 900, 900, 900, 900, 900, 900, 900, 0, 0, 0, 0, 0, 0
RAD, 212322, 156, 156, 97, 21, 51, 17, 33
RAD, 212322, 156, 156, 97, 21, 51, 17, 33
GPS, 1, 0, 0, 0, 99.99, 0, 0, -0.29, -17, 0, 0, 0, 212352
CTUN, 212373, 0, 0, 0, -0.2901912, -0.29, -0.42, 0, 0, 0, -5
ATT, 212392, 0, 0.79, 0, -0.54, 116.76, 116.76, 0, 0.02
RCIN, 212392, 900, 900, 900, 900, 900, 900, 900, 900, 0, 0, 0, 0, 0, 0
CTUN, 212473, 0, 0, 0, -0.3045867, -0.3, -0.44, 0, 0, 0, -5
ATT, 212492, 0, 0.79, 0, -0.54, 116.76, 116.76, 0, 0
RCIN, 212493, 900, 900, 900, 900, 900, 900, 900, 900, 0, 0, 0, 0, 0, 0
GPS, 1, 0, 0, 0, 99.99, 0, 0, -0.31, -17, 0, 0, 0, 212552
CTUN, 212573, 0, 0, 0, -0.3194584, -0.31, -0.54, 0, 0, 0, -6
ATT, 212593, 0, 0.79, 0, -0.54, 116.77, 116.77, 0, 0
RCIN, 212593, 900, 900, 900, 900, 900, 900, 900, 900, 0, 0, 0, 0, 0, 0
CTUN, 212673, 0, 0, 0, -0.3398589, -0.33, -0.45, 0, 0, 0, -6
ATT, 212692, 0, 0.79, 0, -0.55, 116.77, 116.77, 0, 0
RCIN, 212693, 900, 900, 900, 900, 900, 900, 900, 900, 0, 0, 0, 0, 0, 0
GPS, 1, 0, 0, 0, 99.99, 0, 0, -0.35, -17, 0, 0, 0, 212751
CTUN, 212773, 0, 0, 0, -0.3538896, -0.35, -0.73, 0, 0, 0, -6
ATT, 212792, 0, 0.79, 0, -0.54, 116.77, 116.77, 0, 0.01
RCIN, 212793, 900, 900, 900, 900, 900, 900, 900, 900, 0, 0, 0, 0, 0, 0
CTUN, 212873, 0, 0, 0, -0.3840664, -0.38, -0.28, 0, 0, 0, -7
ATT, 212892, 0, 0.79, 0, -0.55, 116.77, 116.77, 0, 0.05
RCIN, 212892, 900, 900, 900, 900, 900, 900, 900, 900, 0, 0, 0, 0, 0, 0
GPS, 1, 0, 0, 0, 99.99, 0, 0, -0.38, -17, 0, 0, 0, 212951
CTUN, 212973, 0, 0, 0, -0.3860633, -0.38, -0.37, 0, 0, 0, -7
ATT, 212993, 0, 0.79, 0, -0.55, 116.79, 116.79, 0, 0
RCIN, 212994, 900, 900, 900, 900, 900, 900, 900, 900, 0, 0, 0, 0, 0, 0
CTUN, 213073, 0, 0, 0, -0.3934303, -0.39, -0.45, 0, 0, 0, -7
ATT, 213092, 0, 0.79, 0, -0.55, 116.79, 116.79, 0, 0.01
RCIN, 213092, 900, 900, 900, 900, 900, 900, 900, 900, 0, 0, 0, 0, 0, 0
GPS, 1, 0, 0, 0, 99.99, 0, 0, -0.4, -17, 0, 0, 0, 213152
CTUN, 213173, 0, 0, 0, -0.4052231, -0.4, -0.07, 0, 0, 0, -7
ATT, 213194, 0, 0.79, 0, -0.55, 116.79, 116.79, 0, 0.02
RCIN, 213194, 900, 900, 900, 900, 900, 900, 900, 900, 0, 0, 0, 0, 0, 0
CTUN, 213273, 0, 0, 0, -0.3929792, -0.39, -0.35, 0, 0, 0, -7
DU32, 7, 655576
CURR, 213274, 0, 0, 0, 0, 4732, 0
ATT, 213292, 0, 0.79, 0, -0.55, 116.77, 116.77, 0, 0.02
RCIN, 213292, 900, 900, 900, 900, 900, 900, 900, 900, 0, 0, 0, 0, 0, 0
RAD, 213342, 160, 160, 98, 20, 23, 17, 34
GPS, 1, 0, 0, 0, 99.99, 0, 0, -0.39, -17, 0, 0, 0, 213352
RAD, 213362, 160, 160, 98, 20, 23, 17, 34
CTUN, 213373, 0, 0, 0, -0.3982623, -0.39, -0.35, 0, 0, 0, -7
ATT, 213393, 0, 0.79, 0, -0.55, 116.76, 116.76, 0, 0
RCIN, 213393, 900, 900, 900, 900, 900, 900, 900, 900, 0, 0, 0, 0, 0, 0
CTUN, 213473, 0, 0, 0, -0.4030226, -0.4, -0.61, 0, 0, 0, -6
ATT, 213493, 0, 0.79, 0, -0.56, 116.76, 116.76, 0, 0
RCIN, 213493, 900, 900, 900, 900, 900, 900, 900, 900, 0, 0, 0, 0, 0, 0
GPS, 1, 0, 0, 0, 99.99, 0, 0, -0.41, -17, 0, 0, 0, 213551
CTUN, 213573, 0, 0, 0, -0.4231513, -0.42, -0.77, 0, 0, 0, -7
ATT, 213592, 0, 0.79, 0, -0.56, 116.76, 116.76, 0, 0.02
RCIN, 213592, 900, 900, 900, 900, 900, 900, 900, 900, 0, 0, 0, 0, 0, 0
CTUN, 213673, 0, 0, 0, -0.4520086, -0.45, -0.17, 0, 0, 0, -7
ATT, 213693, 0, 0.79, 0, -0.56, 116.75, 116.75, 0, 0.02
RCIN, 213693, 900, 900, 900, 900, 900, 900, 900, 900, 0, 0, 0, 0, 0, 0
ERR, 10, 7
ERR, 10, 7
GPS, 1, 0, 0, 0, 99.99, 0, 0, -0.44, -17, 0, 0, 0, 213751
CTUN, 213773, 0, 0, 0, -0.4437706, -0.44, -0.51, 0, 0, 0, -7
ATT, 213792, 0, 0.79, 0, -0.56, 116.76, 116.76, 0, 0.03
RCIN, 213792, 900, 900, 900, 900, 900, 900, 900, 900, 0, 0, 0, 0, 0, 0
CTUN, 213873, 0, 0, 0, -0.4558778, -0.45, -0.58, 0, 0, 0, -7
ATT, 213893, 0, 0.79, 0, -0.56, 116.75, 116.75, 0, 0.02
RCIN, 213893, 900, 900, 900, 900, 900, 900, 900, 900, 0, 0, 0, 0, 0, 0
GPS, 1, 0, 0, 0, 99.99, 0, 0, -0.46, -17, 0, 0, 0, 213952
CTUN, 213973, 0, 0, 0, -0.4718861, -0.47, -0.48, 0, 0, 0, -7
ATT, 213993, 0, 0.78, 0, -0.56, 116.74, 116.74, 0, 0.01
RCIN, 213993, 900, 900, 900, 900, 900, 900, 900, 900, 0, 0, 0, 0, 0, 0
CTUN, 214073, 0, 0, 0, -0.4811892, -0.48, -0.36, 0, 0, 0, -7
ATT, 214092, 0, 0.78, 0, -0.57, 116.73, 116.73, 0, 0
RCIN, 214092, 900, 900, 900, 900, 900, 900, 900, 900, 0, 0, 0, 0, 0, 0
GPS, 1, 0, 0, 0, 99.99, 0, 0, -0.48, -17, 0, 0, 0, 214152
CTUN, 214173, 0, 0, 0, -0.4827276, -0.48, -0.23, 0, 0, 0, -7
ATT, 214192, 0, 0.78, 0, -0.56, 116.73, 116.73, 0, 0.01
RCIN, 214192, 900, 900, 900, 900, 900, 900, 900, 900, 0, 0, 0, 0, 0, 0
CTUN, 214273, 0, 0, 0, -0.4758888, -0.47, -0.58, 0, 0, 0, -7
DU32, 7, 655576
CURR, 214273, 0, 0, 0, 0, 4732, 0
ATT, 214293, 0, 0.78, 0, -0.57, 116.74, 116.74, 0, 0.02
RCIN, 214293, 900, 900, 900, 900, 900, 900, 900, 900, 0, 0, 0, 0, 0, 0
RAD, 214322, 152, 159, 96, 19, 24, 17, 34
RAD, 214323, 152, 159, 96, 19, 24, 17, 34
GPS, 1, 0, 0, 0, 99.99, 0, 0, -0.48, -17, 0, 0, 0, 214352
CTUN, 214373, 0, 0, 0, -0.4905694, -0.49, -0.35, 0, 0, 0, -7
ATT, 214392, 0, 0.78, 0, -0.57, 116.73, 116.73, 0, 0.04
RCIN, 214392, 900, 900, 900, 900, 900, 900, 900, 900, 0, 0, 0, 0, 0, 0
CTUN, 214473, 0, 0, 0, -0.490671, -0.49, -0.6, 0, 0, 0, -7
ATT, 214492, 0, 0.78, 0, -0.57, 116.75, 116.75, 0, 0
RCIN, 214492, 900, 900, 900, 900, 900, 900, 900, 900, 0, 0, 0, 0, 0, 0
GPS, 1, 0, 0, 0, 99.99, 0, 0, -0.5, -17, 0, 0, 0, 214552
CTUN, 214573, 0, 0, 0, -0.5056837, -0.5, -0.38, 0, 0, 0, -7
ATT, 214592, 0, 0.78, 0, -0.57, 116.75, 116.75, 0, 0
RCIN, 214593, 900, 900, 900, 900, 900, 900, 900, 900, 0, 0, 0, 0, 0, 0
CTUN, 214673, 0, 0, 0, -0.5066254, -0.5, -0.12, 0, 0, 0, -7
ATT, 214692, 0, 0.78, 0, -0.58, 116.75, 116.75, 0, 0.01
RCIN, 214693, 900, 900, 900, 900, 900, 900, 900, 900, 0, 0, 0, 0, 0, 0
GPS, 1, 0, 0, 0, 99.99, 0, 0, -0.49, -17, 0, 0, 0, 214751
CTUN, 214773, 0, 0, 0, -0.4918928, -0.49, -0.91, 0, 0, 0, -7
ATT, 214793, 0, 0.78, 0, -0.57, 116.75, 116.75, 0, 0.02
RCIN, 214793, 900, 900, 900, 900, 900, 900, 900, 900, 0, 0, 0, 0, 0, 0
CTUN, 214873, 0, 0, 0, -0.5256355, -0.52, -0.49, 0, 0, 0, -7
ATT, 214892, 0, 0.78, 0, -0.57, 116.74, 116.74, 0, 0.01
RCIN, 214893, 900, 900, 900, 900, 900, 900, 900, 900, 0, 0, 0, 0, 0, 0
GPS, 1, 0, 0, 0, 99.99, 0, 0, -0.53, -17, 0, 0, 0, 214952
CTUN, 214973, 0, 0, 0, -0.532153, -0.53, -0.24, 0, 0, 0, -7
ATT, 214992, 0, 0.77, 0, -0.58, 116.74, 116.74, 0, 0
RCIN, 214992, 900, 900, 900, 900, 900, 900, 900, 900, 0, 0, 0, 0, 0, 0
CTUN, 215073, 0, 0, 0, -0.5230808, -0.52, -0.77, 0, 0, 0, -7
ATT, 215093, 0, 0.77, 0, -0.58, 116.74, 116.74, 0, 0.02
RCIN, 215093, 900, 900, 900, 900, 900, 900, 900, 900, 0, 0, 0, 0, 0, 0
GPS, 1, 0, 0, 0, 99.99, 0, 0, -0.54, -17, 0, 0, 0, 215152
CTUN, 215173, 0, 0, 0, -0.5468007, -0.54, -0.46, 0, 0, 0, -7
ATT, 215192, 0, 0.77, 0, -0.58, 116.73, 116.73, 0, 0.01
RCIN, 215192, 900, 900, 900, 900, 900, 900, 900, 900, 0, 0, 0, 0, 0, 0
CTUN, 215273, 0, 0, 0, -0.5504504, -0.55, -0.03, 0, 0, 0, -7
DU32, 7, 655576
CURR, 215274, 0, 0, 0, 0, 4732, 0
ATT, 215292, 0, 0.77, 0, -0.58, 116.73, 116.73, 0, 0.05
RCIN, 215292, 900, 900, 900, 900, 900, 900, 900, 900, 0, 0, 0, 0, 0, 0
GPS, 1, 0, 0, 0, 99.99, 0, 0, -0.53, -17, 0, 0, 0, 215352
CTUN, 215373, 0, 0, 0, -0.5278788, -0.52, -0.36, 0, 0, 0, -7
ATT, 215392, 0, 0.77, 0, -0.58, 116.75, 116.75, 0, 0.02
RCIN, 215392, 900, 900, 900, 900, 900, 900, 900, 900, 0, 0, 0, 0, 0, 0
RAD, 215442, 157, 148, 94, 59, 55, 17, 34
RAD, 215442, 157, 148, 94, 59, 55, 17, 34
CTUN, 215473, 0, 0, 0, -0.5260901, -0.52, -0.27, 0, 0, 0, -7
ATT, 215492, 0, 0.76, 0, -0.59, 116.74, 116.74, 0, 0.02
RCIN, 215493, 900, 900, 900, 900, 900, 900, 900, 900, 0, 0, 0, 0, 0, 0
GPS, 1, 0, 0, 0, 99.99, 0, 0, -0.52, -17, 0, 0, 0, 215552
CTUN, 215573, 0, 0, 0, -0.5186951, -0.51, -0.23, 0, 0, 0, -6
ATT, 215593, 0, 0.76, 0, -0.59, 116.73, 116.73, 0, 0
RCIN, 215593, 900, 900, 900, 900, 900, 900, 900, 900, 0, 0, 0, 0, 0, 0
CTUN, 215673, 0, 0, 0, -0.5092739, -0.5, -0.49, 0, 0, 0, -6
ATT, 215693, 0, 0.76, 0, -0.59, 116.73, 116.73, 0, 0.01
RCIN, 215693, 900, 900, 900, 900, 900, 900, 900, 900, 0, 0, 0, 0, 0, 0
GPS, 1, 0, 0, 0, 99.99, 0, 0, -0.51, -17, 0, 0, 0, 215751
CTUN, 215773, 0, 0, 0, -0.5155832, -0.51, -0.12, 0, 0, 0, -6
ATT, 215792, 0, 0.76, 0, -0.59, 116.72, 116.72, 0, 0.02
RCIN, 215792, 900, 900, 900, 900, 900, 900, 900, 900, 0, 0, 0, 0, 0, 0
CTUN, 215873, 0, 0, 0, -0.49947, -0.49, -0.56, 0, 0, 0, -6
ATT, 215892, 0, 0.76, 0, -0.59, 116.73, 116.73, 0, 0.01
RCIN, 215893, 900, 900, 900, 900, 900, 900, 900, 900, 0, 0, 0, 0, 0, 0
GPS, 1, 0, 0, 0, 99.99, 0, 0, -0.5, -17, 0, 0, 0, 215952
CTUN, 215973, 0, 0, 0, -0.5100312, -0.51, -0.63, 0, 0, 0, -6
ATT, 215993, 0, 0.76, 0, -0.59, 116.72, 116.72, 0, 0.02
RCIN, 215993, 900, 900, 900, 900, 900, 900, 900, 900, 0, 0, 0, 0, 0, 0
CTUN, 216073, 0, 0, 0, -0.5246515, -0.52, -0.56, 0, 0, 0, -6
ATT, 216092, 0, 0.76, 0, -0.59, 116.72, 116.72, 0, 0.04
RCIN, 216093, 900, 900, 900, 900, 900, 900, 900, 900, 0, 0, 0, 0, 0, 0
GPS, 1, 0, 0, 0, 99.99, 0, 0, -0.53, -17, 0, 0, 0, 216152
CTUN, 216173, 0, 0, 0, -0.5342581, -0.53, -0.54, 0, 0, 0, -6
ATT, 216193, 0, 0.76, 0, -0.6, 116.73, 116.73, 0, 0
RCIN, 216193, 900, 900, 900, 900, 900, 900, 900, 900, 0, 0, 0, 0, 0, 0
CTUN, 216273, 0, 0, 0, -0.5424494, -0.54, -0.4, 0, 0, 0, -6
DU32, 7, 655576
CURR, 216273, 0, 0, 0, 0, 4732, 0
ATT, 216292, 0, 0.76, 0, -0.6, 116.73, 116.73, 0, 0.02
RCIN, 216292, 900, 900, 900, 900, 900, 900, 900, 900, 0, 0, 0, 0, 0, 0
GPS, 1, 0, 0, 0, 99.99, 0, 0, -0.54, -17, 0, 0, 0, 216352
CTUN, 216373, 0, 0, 0, -0.5416125, -0.54, -0.56, 0, 0, 0, -6
ATT, 216393, 0, 0.76, 0, -0.6, 116.72, 116.72, 0, 0
RCIN, 216393, 900, 900, 900, 900, 900, 900, 900, 900, 0, 0, 0, 0, 0, 0
CTUN, 216474, 0, 0, 0, -0.5505005, -0.55, -0.45, 0, 0, 0, -6
ATT, 216492, 0, 0.76, 0, -0.6, 116.71, 116.71, 0, 0
RCIN, 216493, 900, 900, 900, 900, 900, 900, 900, 900, 0, 0, 0, 0, 0, 0
RAD, 216502, 160, 161, 98, 22, 25, 17, 36
RAD, 216503, 160, 161, 98, 22, 25, 17, 36
GPS, 1, 0, 0, 0, 99.99, 0, 0, -0.55, -17, 0, 0, 0, 216552
CTUN, 216573, 0, 0, 0, -0.5516859, -0.55, -0.07, 0, 0, 0, -6
ATT, 216593, 0, 0.76, 0, -0.6, 116.71, 116.71, 0, 0.02
RCIN, 216593, 900, 900, 900, 900, 900, 900, 900, 900, 0, 0, 0, 0, 0, 0
CTUN, 216674, 0, 0, 0, -0.5297211, -0.52, -0.42, 0, 0, 0, -5
ATT, 216692, 0, 0.76, 0, -0.6, 116.72, 116.72, 0, 0.01
RCIN, 216693, 900, 900, 900, 900, 900, 900, 900, 900, 0, 0, 0, 0, 0, 0
GPS, 1, 0, 0, 0, 99.99, 0, 0, -0.52, -17, 0, 0, 0, 216751
CTUN, 216773, 0, 0, 0, -0.529828, -0.52, -0.61, 0, 0, 0, -5
ATT, 216792, 0, 0.76, 0, -0.6, 116.71, 116.71, 0, 0.02
RCIN, 216793, 900, 900, 900, 900, 900, 900, 900, 900, 0, 0, 0, 0, 0, 0
CTUN, 216873, 0, 0, 0, -0.5415601, -0.54, -0.51, 0, 0, 0, -5
ATT, 216892, 0, 0.75, 0, -0.6, 116.7, 116.7, 0, 0
RCIN, 216892, 900, 900, 900, 900, 900, 900, 900, 900, 0, 0, 0, 0, 0, 0
GPS, 1, 0, 0, 0, 99.99, 0, 0, -0.54, -17, 0, 0, 0, 216952
CTUN, 216973, 0, 0, 0, -0.546624, -0.54, -0.05, 0, 0, 0, -5
ATT, 216992, 0, 0.76, 0, -0.6, 116.71, 116.71, 0, 0.02
RCIN, 216993, 900, 900, 900, 900, 900, 900, 900, 900, 0, 0, 0, 0, 0, 0
CTUN, 217073, 0, 0, 0, -0.5230792, -0.52, -0.12, 0, 0, 0, -5
ATT, 217093, 0, 0.76, 0, -0.6, 116.72, 116.72, 0, 0.01
RCIN, 217093, 900, 900, 900, 900, 900, 900, 900, 900, 0, 0, 0, 0, 0, 0
ERR, 10, 3
ERR, 10, 3
GPS, 1, 0, 0, 0, 99.99, 0, 0, -0.5, -17, 0, 0, 0, 217152
CTUN, 217173, 0, 0, 0, -0.5045809, -0.5, -0.71, 0, 0, 0, -4
ATT, 217192, 0, 0.76, 0, -0.61, 116.72, 116.72, 0, 0.02
RCIN, 217193, 900, 900, 900, 900, 900, 900, 900, 900, 0, 0, 0, 0, 0, 0
CTUN, 217273, 0, 0, 0, -0.5224541, -0.52, -0.75, 0, 0, 0, -4
DU32, 7, 655576
CURR, 217273, 0, 0, 0, 0, 4712, 0
PM, 7, 1000, 38557, 3, 0, 0, 0
ATT, 217294, 0, 0.76, 0, -0.61, 116.71, 116.71, 0, 0
RCIN, 217294, 900, 900, 900, 900, 900, 900, 900, 900, 0, 0, 0, 0, 0, 0
RAD, 217322, 161, 161, 100, 30, 70, 17, 36
RAD, 217323, 161, 161, 100, 30, 70, 17, 36
GPS, 1, 0, 0, 0, 99.99, 0, 0, -0.53, -17, 0, 0, 0, 217352
CTUN, 217373, 0, 0, 0, -0.5419579, -0.54, -0.2, 0, 0, 0, -5
ATT, 217392, 0, 0.76, 0, -0.61, 116.71, 116.71, 0, 0
RCIN, 217393, 900, 900, 900, 900, 900, 900, 900, 900, 0, 0, 0, 0, 0, 0
CTUN, 217473, 0, 0, 0, -0.527088, -0.52, -0.51, 0, 0, 0, -4
ATT, 217493, 0, 0.76, 0, -0.61, 116.71, 116.71, 0, 0.02
RCIN, 217493, 900, 900, 900, 900, 900, 900, 900, 900, 0, 0, 0, 0, 0, 0
GPS, 1, 0, 0, 0, 99.99, 0, 0, -0.53, -17, 0, 0, 0, 217552
CTUN, 217573, 0, 0, 0, -0.5318747, -0.53, 0, 0, 0, 0, -4
ATT, 217592, 0, 0.76, 0, -0.61, 116.7, 116.7, 0, 0.01
RCIN, 217592, 900, 900, 900, 900, 900, 900, 900, 900, 0, 0, 0, 0, 0, 0
CTUN, 217673, 0, 0, 0, -0.5055584, -0.5, -0.95, 0, 0, 0, -4
ATT, 217692, 0, 0.76, 0, -0.61, 116.7, 116.7, 0, 0.02
RCIN, 217693, 900, 900, 900, 900, 900, 900, 900, 900, 0, 0, 0, 0, 0, 0
GPS, 1, 0, 0, 0, 99.99, 0, 0, -0.53, -17, 0, 0, 0, 217752
CTUN, 217773, 0, 0, 0, -0.5377702, -0.53, -0.31, 0, 0, 0, -4
ATT, 217792, 0, 0.75, 0, -0.61, 116.69, 116.69, 0, 0.02
RCIN, 217792, 900, 900, 900, 900, 900, 900, 900, 900, 0, 0, 0, 0, 0, 0
CTUN, 217873, 0, 0, 0, -0.5292138, -0.52, -0.44, 0, 0, 0, -4
ATT, 217893, 0, 0.75, 0, -0.61, 116.7, 116.7, 0, 0.01
RCIN, 217893, 900, 900, 900, 900, 900, 900, 900, 900, 0, 0, 0, 0, 0, 0
GPS, 1, 0, 0, 0, 99.99, 0, 0, -0.52, -17, 0, 0, 0, 217952
CTUN, 217973, 0, 0, 0, -0.529371, -0.52, -0.55, 0, 0, 0, -4
ATT, 217992, 0, 0.75, 0, -0.61, 116.7, 116.7, 0, 0.02
RCIN, 217993, 900, 900, 900, 900, 900, 900, 900, 900, 0, 0, 0, 0, 0, 0
CTUN, 218073, 0, 0, 0, -0.5356829, -0.53, -0.53, 0, 0, 0, -4
ATT, 218092, 0, 0.75, 0, -0.61, 116.69, 116.69, 0, 0.01
RCIN, 218092, 900, 900, 900, 900, 900, 900, 900, 900, 0, 0, 0, 0, 0, 0
GPS, 1, 0, 0, 0, 99.99, 0, 0, -0.53, -17, 0, 0, 0, 218152
CTUN, 218173, 0, 0, 0, -0.5406148, -0.54, -0.33, 0, 0, 0, -4
ATT, 218192, 0, 0.74, 0, -0.61, 116.69, 116.69, 0, 0.02
RCIN, 218193, 900, 900, 900, 900, 900, 900, 900, 900, 0, 0, 0, 0, 0, 0
CTUN, 218273, 0, 0, 0, -0.5331827, -0.53, -0.59, 0, 0, 0, -4
DU32, 7, 655576
CURR, 218274, 0, 0, 0, 0, 4732, 0
ATT, 218292, 0, 0.74, 0, -0.61, 116.7, 116.7, 0, 0.03
RCIN, 218292, 900, 900, 900, 900, 900, 900, 900, 900, 0, 0, 0, 0, 0, 0
GPS, 1, 0, 0, 0, 99.99, 0, 0, -0.53, -17, 0, 0, 0, 218352
CTUN, 218373, 0, 0, 0, -0.5417134, -0.54, -0.55, 0, 0, 0, -4
ATT, 218393, 0, 0.75, 0, -0.61, 116.71, 116.71, 0, 0.02
RCIN, 218393, 900, 900, 900, 900, 900, 900, 900, 900, 0, 0, 0, 0, 0, 0
RAD, 218422, 161, 161, 98, 22, 70, 17, 36
RAD, 218422, 161, 161, 98, 22, 70, 17, 36
CTUN, 218473, 0, 0, 0, -0.5472926, -0.54, -0.26, 0, 0, 0, -4
ATT, 218493, 0, 0.74, 0, -0.61, 116.69, 116.69, 0, 0.02
RCIN, 218493, 900, 900, 900, 900, 900, 900, 900, 900, 0, 0, 0, 0, 0, 0
GPS, 1, 0, 0, 0, 99.99, 0, 0, -0.53, -17, 0, 0, 0, 218552
CTUN, 218574, 0, 0, 0, -0.5351115, -0.53, 0, 0, 0, 0, -4
ATT, 218592, 0, 0.75, 0, -0.61, 116.71, 116.71, 0, 0.01
RCIN, 218593, 900, 900, 900, 900, 900, 900, 900, 900, 0, 0, 0, 0, 0, 0
CTUN, 218673, 0, 0, 0, -0.5070522, -0.5, -0.25, 0, 0, 0, -3
ATT, 218692, 0, 0.75, 0, -0.61, 116.71, 116.71, 0, 0.01
RCIN, 218692, 900, 900, 900, 900, 900, 900, 900, 900, 0, 0, 0, 0, 0, 0
GPS, 1, 0, 0, 0, 99.99, 0, 0, -0.49, -17, 0, 0, 0, 218752
CTUN, 218773, 0, 0, 0, -0.4956187, -0.49, -0.5, 0, 0, 0, -3
ATT, 218792, 0, 0.74, 0, -0.61, 116.72, 116.72, 0, 0.01
RCIN, 218792, 900, 900, 900, 900, 900, 900, 900, 900, 0, 0, 0, 0, 0, 0
CTUN, 218873, 0, 0, 0, -0.4999307, -0.49, -0.61, 0, 0, 0, -3
ATT, 218892, 0, 0.74, 0, -0.61, 116.71, 116.71, 0, 0.02
RCIN, 218892, 900, 900, 900, 900, 900, 900, 900, 900, 0, 0, 0, 0, 0, 0
GPS, 1, 0, 0, 0, 99.99, 0, 0, -0.5, -17, 0, 0, 0, 218951
CTUN, 218973, 0, 0, 0, -0.5106661, -0.51, -0.79, 0, 0, 0, -3
ERR, 10, 5
ERR, 10, 5
ATT, 218992, 0, 0.74, 0, -0.62, 116.7, 116.7, 0, 0.01
RCIN, 218992, 900, 900, 900, 900, 900, 900, 900, 900, 0, 0, 0, 0, 0, 0
CTUN, 219073, 0, 0, 0, -0.5313047, -0.53, -0.68, 0, 0, 0, -3
ATT, 219092, 0, 0.74, 0, -0.62, 116.69, 116.69, 0, 0.02
RCIN, 219092, 900, 900, 900, 900, 900, 900, 900, 900, 0, 0, 0, 0, 0, 0
GPS, 1, 0, 0, 0, 99.99, 0, 0, -0.54, -17, 0, 0, 0, 219152
CTUN, 219173, 0, 0, 0, -0.5444804, -0.54, -0.5, 0, 0, 0, -3
ATT, 219192, 0, 0.74, 0, -0.62, 116.68, 116.68, 0, 0.01
RCIN, 219192, 900, 900, 900, 900, 900, 900, 900, 900, 0, 0, 0, 0, 0, 0
CTUN, 219273, 0, 0, 0, -0.5463797, -0.54, -0.51, 0, 0, 0, -3
DU32, 7, 655576
CURR, 219274, 0, 0, 0, 0, 4752, 0
ATT, 219292, 0, 0.74, 0, -0.62, 116.68, 116.68, 0, 0.01
RCIN, 219292, 900, 900, 900, 900, 900, 900, 900, 900, 0, 0, 0, 0, 0, 0
GPS, 1, 0, 0, 0, 99.99, 0, 0, -0.54, -17, 0, 0, 0, 219353
CTUN, 219373, 0, 0, 0, -0.5484228, -0.54, -0.5, 0, 0, 0, -3
ATT, 219392, 0, 0.74, 0, -0.62, 116.68, 116.68, 0, 0
RCIN, 219392, 900, 900, 900, 900, 900, 900, 900, 900, 0, 0, 0, 0, 0, 0
CTUN, 219473, 0, 0, 0, -0.5497553, -0.54, -0.6, 0, 0, 0, -3
ATT, 219492, 0, 0.74, 0, -0.63, 116.68, 116.68, 0, 0
RCIN, 219492, 900, 900, 900, 900, 900, 900, 900, 900, 0, 0, 0, 0, 0, 0
GPS, 1, 0, 0, 0, 99.99, 0, 0, -0.55, -17, 0, 0, 0, 219552
CTUN, 219573, 0, 0, 0, -0.5567384, -0.55, -0.45, 0, 0, 0, -3
ATT, 219592, 0, 0.74, 0, -0.63, 116.67, 116.67, 0, 0.01
RCIN, 219593, 900, 900, 900, 900, 900, 900, 900, 900, 0, 0, 0, 0, 0, 0
RAD, 219642, 160, 162, 89, 26, 37, 17, 36
RAD, 219642, 160, 162, 89, 26, 37, 17, 36
CTUN, 219673, 0, 0, 0, -0.5545157, -0.55, 0.05, 0, 0, 0, -3
ATT, 219692, 0, 0.74, 0, -0.63, 116.66, 116.66, 0, 0.01
RCIN, 219692, 900, 900, 900, 900, 900, 900, 900, 900, 0, 0, 0, 0, 0, 0
GPS, 1, 0, 0, 0, 99.99, 0, 0, -0.52, -17, 0, 0, 0, 219752
CTUN, 219773, 0, 0, 0, -0.5215221, -0.52, -0.19, 0, 0, 0, -2
ATT, 219792, 0, 0.73, 0, -0.63, 116.66, 116.66, 0, 0.01
RCIN, 219792, 900, 900, 900, 900, 900, 900, 900, 900, 0, 0, 0, 0, 0, 0
CTUN, 219873, 0, 0, 0, -0.5047588, -0.5, -0.18, 0, 0, 0, -2
ATT, 219892, 0, 0.73, 0, -0.63, 116.67, 116.67, 0, 0.05
RCIN, 219892, 900, 900, 900, 900, 900, 900, 900, 900, 0, 0, 0, 0, 0, 0
GPS, 1, 0, 0, 0, 99.99, 0, 0, -0.49, -17, 0, 0, 0, 219952
CTUN, 219974, 0, 0, 0, -0.4882108, -0.48, -0.6, 0, 0, 0, -2
ATT, 219992, 0, 0.73, 0, -0.63, 116.69, 116.69, 0, 0.02
RCIN, 219992, 900, 900, 900, 900, 900, 900, 900, 900, 0, 0, 0, 0, 0, 0
CTUN, 220073, 0, 0, 0, -0.4976873, -0.49, -0.52, 0, 0, 0, -2
ATT, 220092, 0, 0.73, 0, -0.64, 116.68, 116.68, 0, 0
RCIN, 220092, 900, 900, 900, 900, 900, 900, 900, 900, 0, 0, 0, 0, 0, 0
GPS, 1, 0, 0, 0, 99.99, 0, 0, -0.5, -17, 0, 0, 0, 220152
CTUN, 220174, 0, 0, 0, -0.5017838, -0.5, -0.81, 0, 0, 0, -2
ATT, 220193, 0, 0.73, 0, -0.64, 116.68, 116.68, 0, 0.02
RCIN, 220193, 900, 900, 900, 900, 900, 900, 900, 900, 0, 0, 0, 0, 0, 0
CTUN, 220273, 0, 0, 0, -0.5235063, -0.52, -0.49, 0, 0, 0, -2
DU32, 7, 655576
CURR, 220274, 0, 0, 0, 0, 4693, 0
ATT, 220292, 0, 0.73, 0, -0.64, 116.67, 116.67, 0, 0
RCIN, 220292, 900, 900, 900, 900, 900, 900, 900, 900, 0, 0, 0, 0, 0, 0
GPS, 1, 0, 0, 0, 99.99, 0, 0, -0.52, -17, 0, 0, 0, 220352
CTUN, 220373, 0, 0, 0, -0.5247737, -0.52, -0.26, 0, 0, 0, -2
ATT, 220392, 0, 0.73, 0, -0.64, 116.67, 116.67, 0, 0
RCIN, 220392, 900, 900, 900, 900, 900, 900, 900, 900, 0, 0, 0, 0, 0, 0
CTUN, 220473, 0, 0, 0, -0.5120596, -0.51, -0.57, 0, 0, 0, -2
RAD, 220482, 161, 162, 100, 31, 57, 17, 36
RAD, 220483, 161, 162, 100, 31, 57, 17, 36
ATT, 220492, 0, 0.73, 0, -0.64, 116.66, 116.66, 0, 0.01
RCIN, 220492, 900, 900, 900, 900, 900, 900, 900, 900, 0, 0, 0, 0, 0, 0
GPS, 1, 0, 0, 0, 99.99, 0, 0, -0.51, -17, 0, 0, 0, 220552
CTUN, 220573, 0, 0, 0, -0.5183496, -0.51, -0.43, 0, 0, 0, -2
ATT, 220592, 0, 0.73, 0, -0.64, 116.66, 116.66, 0, 0.01
RCIN, 220592, 900, 900, 900, 900, 900, 900, 900, 900, 0, 0, 0, 0, 0, 0
CTUN, 220673, 0, 0, 0, -0.5160667, -0.51, -0.55, 0, 0, 0, -2
ATT, 220692, 0, 0.72, 0, -0.64, 116.65, 116.65, 0, 0
RCIN, 220692, 900, 900, 900, 900, 900, 900, 900, 900, 0, 0, 0, 0, 0, 0
GPS, 1, 0, 0, 0, 99.99, 0, 0, -0.52, -17, 0, 0, 0, 220752
CTUN, 220773, 0, 0, 0, -0.5215679, -0.52, -0.54, 0, 0, 0, -2
ATT, 220794, 0, 0.72, 0, -0.64, 116.64, 116.64, 0, 0
RCIN, 220794, 900, 900, 900, 900, 900, 900, 900, 900, 0, 0, 0, 0, 0, 0
CTUN, 220873, 0, 0, 0, -0.5259528, -0.52, -0.39, 0, 0, 0, -2
ATT, 220892, 0, 0.72, 0, -0.65, 116.64, 116.64, 0, 0
RCIN, 220892, 900, 900, 900, 900, 900, 900, 900, 900, 0, 0, 0, 0, 0, 0
GPS, 1, 0, 0, 0, 99.99, 0, 0, -0.52, -17, 0, 0, 0, 220952
CTUN, 220973, 0, 0, 0, -0.5212993, -0.52, -0.43, 0, 0, 0, -2
ATT, 220992, 0, 0.72, 0, -0.65, 116.64, 116.64, 0, 0.01
RCIN, 220992, 900, 900, 900, 900, 900, 900, 900, 900, 0, 0, 0, 0, 0, 0
CTUN, 221073, 0, 0, 0, -0.5185978, -0.51, -0.36, 0, 0, 0, -2
ATT, 221092, 0, 0.72, 0, -0.64, 116.64, 116.64, 0, 0.02
RCIN, 221092, 900, 900, 900, 900, 900, 900, 900, 900, 0, 0, 0, 0, 0, 0
GPS, 1, 0, 0, 0, 99.99, 0, 0, -0.51, -17, 0, 0, 0, 221152
CTUN, 221173, 0, 0, 0, -0.5118048, -0.51, -0.49, 0, 0, 0, -2
ATT, 221192, 0, 0.72, 0, -0.64, 116.65, 116.65, 0, 0.02
RCIN, 221192, 900, 900, 900, 900, 900, 900, 900, 900, 0, 0, 0, 0, 0, 0
CTUN, 221273, 0, 0, 0, -0.5134771, -0.51, -0.25, 0, 0, 0, -2
DU32, 7, 655576
CURR, 221274, 0, 0, 0, 0, 4712, 0
ATT, 221293, 0, 0.72, 0, -0.65, 116.64, 116.64, 0, 0.02
RCIN, 221293, 900, 900, 900, 900, 900, 900, 900, 900, 0, 0, 0, 0, 0, 0
GPS, 1, 0, 0, 0, 99.99, 0, 0, -0.5, -17, 0, 0, 0, 221352
CTUN, 221373, 0, 0, 0, -0.5002232, -0.5, -0.77, 0, 0, 0, -2
ATT, 221392, 0, 0.71, 0, -0.65, 116.64, 116.64, 0, 0
RCIN, 221393, 900, 900, 900, 900, 900, 900, 900, 900, 0, 0, 0, 0, 0, 0
RAD, 221442, 161, 159, 89, 19, 24, 17, 37
RAD, 221462, 161, 159, 89, 19, 24, 17, 37
CTUN, 221473, 0, 0, 0, -0.5194226, -0.51, 0.04, 0, 0, 0, -2
ATT, 221492, 0, 0.71, 0, -0.65, 116.64, 116.64, 0, 0
RCIN, 221492, 900, 900, 900, 900, 900, 900, 900, 900, 0, 0, 0, 0, 0, 0
GPS, 1, 0, 0, 0, 99.99, 0, 0, -0.49, -17, 0, 0, 0, 221552
CTUN, 221573, 0, 0, 0, -0.4876746, -0.48, -0.25, 0, 0, 0, -1
ATT, 221592, 0, 0.71, 0, -0.65, 116.64, 116.64, 0, 0
RCIN, 221592, 900, 900, 900, 900, 900, 900, 900, 900, 0, 0, 0, 0, 0, 0
CTUN, 221673, 0, 0, 0, -0.4756652, -0.47, -0.47, 0, 0, 0, -1
ATT, 221694, 0, 0.71, 0, -0.65, 116.64, 116.64, 0, 0.01
RCIN, 221694, 900, 900, 900, 900, 900, 900, 900, 900, 0, 0, 0, 0, 0, 0
GPS, 1, 0, 0, 0, 99.99, 0, 0, -0.47, -17, 0, 0, 0, 221753
CTUN, 221774, 0, 0, 0, -0.4771839, -0.47, -0.67, 0, 0, 0, -1
ATT, 221793, 0, 0.71, 0, -0.65, 116.64, 116.64, 0, 0
RCIN, 221794, 900, 900, 900, 900, 900, 900, 900, 900, 0, 0, 0, 0, 0, 0
CTUN, 221873, 0, 0, 0, -0.4903831, -0.49, -0.47, 0, 0, 0, -1
ATT, 221893, 0, 0.71, 0, -0.65, 116.64, 116.64, 0, 0
RCIN, 221893, 900, 900, 900, 900, 900, 900, 900, 900, 0, 0, 0, 0, 0, 0
GPS, 1, 0, 0, 0, 99.99, 0, 0, -0.49, -17, 0, 0, 0, 221954
CTUN, 221975, 0, 0, 0, -0.4910182, -0.49, -0.49, 0, 0, 0, -1
ATT, 221994, 0, 0.71, 0, -0.65, 116.65, 116.65, 0, 0.04
RCIN, 221994, 900, 900, 900, 900, 900, 900, 900, 900, 0, 0, 0, 0, 0, 0
CTUN, 222074, 0, 0, 0, -0.4928021, -0.49, -0.35, 0, 0, 0, -1
ATT, 222093, 0, 0.71, 0, -0.65, 116.66, 116.66, 0, 0.01
RCIN, 222093, 900, 900, 900, 900, 900, 900, 900, 900, 0, 0, 0, 0, 0, 0
GPS, 1, 0, 0, 0, 99.99, 0, 0, -0.48, -17, 0, 0, 0, 222152
CTUN, 222173, 0, 0, 0, -0.4859651, -0.48, -0.4, 0, 0, 0, -1
ATT, 222192, 0, 0.71, 0, -0.65, 116.65, 116.65, 0, 0
RCIN, 222193, 900, 900, 900, 900, 900, 900, 900, 900, 0, 0, 0, 0, 0, 0
CTUN, 222274, 0, 0, 0, -0.4826106, -0.48, -0.69, 0, 0, 0, -1
DU32, 7, 655576
CURR, 222275, 0, 0, 0, 0, 4752, 0
ATT, 222293, 0, 0.71, 0, -0.65, 116.65, 116.65, 0, 0.01
RCIN, 222294, 900, 900, 900, 900, 900, 900, 900, 900, 0, 0, 0, 0, 0, 0
RAD, 222323, 160, 159, 100, 68, 24, 17, 37
RAD, 222324, 160, 159, 100, 68, 24, 17, 37
GPS, 1, 0, 0, 0, 99.99, 0, 0, -0.49, -17, 0, 0, 0, 222352
CTUN, 222373, 0, 0, 0, -0.4967254, -0.49, -0.38, 0, 0, 0, -1
ATT, 222393, 0, 0.71, 0, -0.65, 116.65, 116.65, 0, 0.02
RCIN, 222393, 900, 900, 900, 900, 900, 900, 900, 900, 0, 0, 0, 0, 0, 0
CTUN, 222475, 0, 0, 0, -0.491527, -0.49, -0.43, 0, 0, 0, -1
ATT, 222494, 0, 0.71, 0, -0.65, 116.64, 116.64, 0, 0.01
RCIN, 222494, 900, 900, 900, 900, 900, 900, 900, 900, 0, 0, 0, 0, 0, 0
GPS, 1, 0, 0, 0, 99.99, 0, 0, -0.49, -17, 0, 0, 0, 222553
CTUN, 222574, 0, 0, 0, -0.4898785, -0.48, -0.27, 0, 0, 0, -1
ATT, 222593, 0, 0.71, 0, -0.65, 116.63, 116.63, 0, 0.01
RCIN, 222593, 900, 900, 900, 900, 900, 900, 900, 900, 0, 0, 0, 0, 0, 0
CTUN, 222673, 0, 0, 0, -0.4784797, -0.47, -0.53, 0, 0, 0, -1
ATT, 222692, 0, 0.71, 0, -0.65, 116.63, 116.63, 0, 0.02
RCIN, 222693, 900, 900, 900, 900, 900, 900, 900, 900, 0, 0, 0, 0, 0, 0
GPS, 1, 0, 0, 0, 99.99, 0, 0, -0.48, -17, 0, 0, 0, 222753
CTUN, 222774, 0, 0, 0, -0.4833413, -0.48, -0.78, 0, 0, 0, -1
ATT, 222793, 0, 0.71, 0, -0.65, 116.62, 116.62, 0, 0
RCIN, 222794, 900, 900, 900, 900, 900, 900, 900, 900, 0, 0, 0, 0, 0, 0
CTUN, 222873, 0, 0, 0, -0.5030611, -0.5, -0.24, 0, 0, 0, -1
ATT, 222893, 0, 0.71, 0, -0.65, 116.62, 116.62, 0, 0.05
RCIN, 222893, 900, 900, 900, 900, 900, 900, 900, 900, 0, 0, 0, 0, 0, 0
GPS, 1, 0, 0, 0, 99.99, 0, 0, -0.49, -17, 0, 0, 0, 222952
CTUN, 222975, 0, 0, 0, -0.4890219, -0.48, -0.5, 0, 0, 0, -1
ATT, 222994, 0, 0.71, 0, -0.65, 116.64, 116.64, 0, 0.02
RCIN, 222994, 900, 900, 900, 900, 900, 900, 900, 900, 0, 0, 0, 0, 0, 0
CTUN, 223074, 0, 0, 0, -0.4910976, -0.49, -0.05, 0, 0, 0, -1
ATT, 223093, 0, 0.71, 0, -0.65, 116.63, 116.63, 0, 0.03
RCIN, 223093, 900, 900, 900, 900, 900, 900, 900, 900, 0, 0, 0, 0, 0, 0
GPS, 1, 0, 0, 0, 99.99, 0, 0, -0.47, -17, 0, 0, 0, 223152
CTUN, 223173, 0, 0, 0, -0.4663495, -0.46, -0.37, 0, 0, 0, 0
ATT, 223192, 0, 0.7, 0, -0.65, 116.64, 116.64, 0, 0.01
RCIN, 223192, 900, 900, 900, 900, 900, 900, 900, 900, 0, 0, 0, 0, 0, 0
CTUN, 223274, 0, 0, 0, -0.4616725, -0.46, -0.48, 0, 0, 0, 0
DU32, 7, 655576
CURR, 223275, 0, 0, 0, 0, 4732, 0
ATT, 223293, 0, 0.7, 0, -0.65, 116.64, 116.64, 0, 0.02
RCIN, 223294, 900, 900, 900, 900, 900, 900, 900, 900, 0, 0, 0, 0, 0, 0
GPS, 1, 0, 0, 0, 99.99, 0, 0, -0.46, -17, 0, 0, 0, 223352
RAD, 223362, 162, 162, 98, 33, 37, 17, 38
CTUN, 223373, 0, 0, 0, -0.4636088, -0.46, -0.48, 0, 0, 0, 0
RAD, 223383, 162, 162, 98, 33, 37, 17, 38
ATT, 223392, 0, 0.7, 0, -0.66, 116.63, 116.63, 0, 0.01
RCIN, 223393, 900, 900, 900, 900, 900, 900, 900, 900, 0, 0, 0, 0, 0, 0
CTUN, 223473, 0, 0, 0, -0.4657587, -0.46, -0.32, 0, 0, 0, 0
ATT, 223494, 0, 0.7, 0, -0.66, 116.63, 116.63, 0, 0
RCIN, 223494, 900, 900, 900, 900, 900, 900, 900, 900, 0, 0, 0, 0, 0, 0
GPS, 1, 0, 0, 0, 99.99, 0, 0, -0.45, -17, 0, 0, 0, 223553
CTUN, 223574, 0, 0, 0, -0.457728, -0.45, -0.45, 0, 0, 0, 0
ATT, 223593, 0, 0.7, 0, -0.66, 116.63, 116.63, 0, 0
RCIN, 223594, 900, 900, 900, 900, 900, 900, 900, 900, 0, 0, 0, 0, 0, 0
CTUN, 223673, 0, 0, 0, -0.4580989, -0.45, -0.23, 0, 0, 0, 0
ATT, 223692, 0, 0.7, 0, -0.66, 116.63, 116.63, 0, 0.03
RCIN, 223692, 900, 900, 900, 900, 900, 900, 900, 900, 0, 0, 0, 0, 0, 0
GPS, 1, 0, 0, 0, 99.99, 0, 0, -0.44, -17, 0, 0, 0, 223752
CTUN, 223774, 0, 0, 0, -0.4451065, -0.44, -0.3, 0, 0, 0, 0
ATT, 223793, 0, 0.71, 0, -0.66, 116.64, 116.64, 0, 0.02
RCIN, 223794, 900, 900, 900, 900, 900, 900, 900, 900, 0, 0, 0, 0, 0, 0
CTUN, 223873, 0, 0, 0, -0.4367962, -0.43, -0.51, 0, 0, 0, 0
ATT, 223893, 0, 0.7, 0, -0.66, 116.63, 116.63, 0, 0.01
RCIN, 223893, 900, 900, 900, 900, 900, 900, 900, 900, 0, 0, 0, 0, 0, 0
GPS, 1, 0, 0, 0, 99.99, 0, 0, -0.44, -17, 0, 0, 0, 223952
CTUN, 223973, 0, 0, 0, -0.441781, -0.44, -0.33, 0, 0, 0, 0
ATT, 223993, 0, 0.7, 0, -0.67, 116.62, 116.62, 0, 0.01
RCIN, 223993, 900, 900, 900, 900, 900, 900, 900, 900, 0, 0, 0, 0, 0, 0
CTUN, 224074, 0, 0, 0, -0.4354521, -0.43, -0.21, 0, 0, 0, 0
ATT, 224093, 0, 0.7, 0, -0.67, 116.62, 116.62, 0, 0.02
RCIN, 224093, 900, 900, 900, 900, 900, 900, 900, 900, 0, 0, 0, 0, 0, 0
GPS, 1, 0, 0, 0, 99.99, 0, 0, -0.42, -17, 0, 0, 0, 224152
CTUN, 224173, 0, 0, 0, -0.4220931, -0.42, -0.67, 0, 0, 0, 0
ATT, 224192, 0, 0.7, 0, -0.67, 116.63, 116.63, 0, 0.02
RCIN, 224192, 900, 900, 900, 900, 900, 900, 900, 900, 0, 0, 0, 0, 0, 0
CTUN, 224274, 0, 0, 0, -0.4374536, -0.43, -0.5, 0, 0, 0, 0
DU32, 7, 655576
CURR, 224275, 0, 0, 0, 0, 4712, 0
ATT, 224293, 0, 0.7, 0, -0.67, 116.64, 116.64, 0, 0.01
RCIN, 224294, 900, 900, 900, 900, 900, 900, 900, 900, 0, 0, 0, 0, 0, 0
RAD, 224342, 163, 162, 100, 27, 37, 17, 38
RAD, 224343, 163, 162, 100, 27, 37, 17, 38
GPS, 1, 0, 0, 0, 99.99, 0, 0, -0.44, -17, 0, 0, 0, 224352
CTUN, 224373, 0, 0, 0, -0.4413953, -0.44, -0.32, 0, 0, 0, 0
ATT, 224393, 0, 0.7, 0, -0.67, 116.63, 116.63, 0, 0.01
RCIN, 224393, 900, 900, 900, 900, 900, 900, 900, 900, 0, 0, 0, 0, 0, 0
CTUN, 224474, 0, 0, 0, -0.4348134, -0.43, -0.68, 0, 0, 0, 0
ATT, 224492, 0, 0.7, 0, -0.67, 116.64, 116.64, 0, 0.02
RCIN, 224492, 900, 900, 900, 900, 900, 900, 900, 900, 0, 0, 0, 0, 0, 0
GPS, 1, 0, 0, 0, 99.99, 0, 0, -0.44, -17, 0, 0, 0, 224553
CTUN, 224573, 0, 0, 0, -0.4503235, -0.45, -0.18, 0, 0, 0, 0
ATT, 224593, 0, 0.7, 0, -0.67, 116.63, 116.63, 0, 0.01
RCIN, 224593, 900, 900, 900, 900, 900, 900, 900, 900, 0, 0, 0, 0, 0, 0
CTUN, 224674, 0, 0, 0, -0.4346773, -0.43, -0.39, 0, 0, 0, 0
ATT, 224692, 0, 0.7, 0, -0.67, 116.62, 116.62, 0, 0.01
RCIN, 224692, 900, 900, 900, 900, 900, 900, 900, 900, 0, 0, 0, 0, 0, 0
GPS, 1, 0, 0, 0, 99.99, 0, 0, -0.43, -17, 0, 0, 0, 224752
CTUN, 224773, 0, 0, 0, -0.4324336, -0.43, -0.71, 0, 0, 0, 0
ATT, 224793, 0, 0.69, 0, -0.68, 116.61, 116.61, 0, 0.02
RCIN, 224793, 900, 900, 900, 900, 900, 900, 900, 900, 0, 0, 0, 0, 0, 0
CTUN, 224874, 0, 0, 0, -0.449969, -0.44, -0.58, 0, 0, 0, 0
ATT, 224892, 0, 0.69, 0, -0.68, 116.6, 116.6, 0, 0
RCIN, 224893, 900, 900, 900, 900, 900, 900, 900, 900, 0, 0, 0, 0, 0, 0
GPS, 1, 0, 0, 0, 99.99, 0, 0, -0.45, -17, 0, 0, 0, 224952
CTUN, 224973, 0, 0, 0, -0.4583234, -0.45, -0.09, 0, 0, 0, 0
ATT, 224992, 0, 0.69, 0, -0.68, 116.6, 116.6, 0, 0.02
RCIN, 224992, 900, 900, 900, 900, 900, 900, 900, 900, 0, 0, 0, 0, 0, 0
CTUN, 225075, 0, 0, 0, -0.4367947, -0.43, -0.61, 0, 0, 0, 0
ATT, 225093, 0, 0.7, 0, -0.68, 116.61, 116.61, 0, 0.01
RCIN, 225093, 900, 900, 900, 900, 900, 900, 900, 900, 0, 0, 0, 0, 0, 0
GPS, 1, 0, 0, 0, 99.99, 0, 0, -0.44, -17, 0, 0, 0, 225152
CTUN, 225173, 0, 0, 0, -0.4477227, -0.44, -0.57, 0, 0, 0, 0
ATT, 225192, 0, 0.69, 0, -0.68, 116.6, 116.6, 0, 0.01
RCIN, 225192, 900, 900, 900, 900, 900, 900, 900, 900, 0, 0, 0, 0, 0, 0
CTUN, 225273, 0, 0, 0, -0.4558085, -0.45, -0.52, 0, 0, 0, 0
DU32, 7, 655576
CURR, 225274, 0, 0, 0, 0, 4732, 0
EV, 10
MODE, AltHold, 763
CTUN, 621736, 0, 0, 0, 0.002877877, 0, 0.16, 0, 0, 0, -1
GPS, 3, 257481000, 2004, 4, 10.83, 39.9200989, -105.1130278, 0, 1701.46, 0.5, 160.22, 0, 621753
ATT, 621754, 0, 0.85, 0, -0.5, 124.65, 124.65, 0, 0
RCIN, 621754, 900, 900, 900, 900, 900, 900, 900, 900, 0, 0, 0, 0, 0, 0
RAD, 621783, 163, 158, 93, 48, 58, 51, 100
RAD, 621783, 163, 158, 93, 48, 58, 51, 100
CTUN, 621834, 0, 0, 0, 0.01114625, 0.01, -0.05, 0, 0, 0, -1
ATT, 621853, 0, 0.84, 0, -0.5, 124.65, 124.65, 0, 0.02
RCIN, 621853, 900, 900, 900, 900, 900, 900, 900, 900, 0, 0, 0, 0, 0, 0
CTUN, 621934, 0, 0, 0, 0.00595447, 0, 0.04, 0, 0, 0, -1
GPS, 3, 257481200, 2004, 4, 10.84, 39.9200933, -105.1130317, 0, 1701.24, 0.74, 160.22, 0, 621953
ATT, 621954, 0, 0.84, 0, -0.51, 124.64, 124.64, 0, 0.01
RCIN, 621954, 900, 900, 900, 900, 900, 900, 900, 900, 0, 0, 0, 0, 0, 0
CTUN, 622034, 0, 0, 0, 0.007155863, 0, 0.47, 0, 0, 0, -1
ATT, 622053, 0, 0.84, 0, -0.51, 124.64, 124.64, 0, 0.01
RCIN, 622053, 900, 900, 900, 900, 900, 900, 900, 900, 0, 0, 0, 0, 0, 0
CTUN, 622135, 0, 0, 0, 0.03419478, 0.03, -0.18, 0, 0, 0, 0
GPS, 3, 257481400, 2004, 4, 10.84, 39.920087, -105.1130357, 0.03, 1700.98, 0.98, 160.22, 0, 622153
ATT, 622154, 0, 0.84, 0, -0.52, 124.65, 124.65, 0, 0.01
RCIN, 622154, 900, 900, 900, 900, 900, 900, 900, 900, 0, 0, 0, 0, 0, 0
CTUN, 622234, 0, 0, 0, 0.02012721, 0.02, -0.4, 0, 0, 0, 0
ATT, 622253, 0, 0.84, 0, -0.52, 124.64, 124.64, 0, 0.02
RCIN, 622253, 900, 900, 900, 900, 900, 900, 900, 900, 0, 0, 0, 0, 0, 0
CTUN, 622335, 0, 0, 0, -0.006892179, 0, -0.36, 0, 0, 0, -1
GPS, 2, 257481600, 2004, 3, 9.51, 39.9200836, -105.1130357, -0.01, 1700.82, 0.98, 160.22, 0, 622353
ERR, 11, 2
ATT, 622354, 0, 0.83, 0, -0.52, 124.63, 124.63, 0, 0
RCIN, 622354, 900, 900, 900, 900, 900, 900, 900, 900, 0, 0, 0, 0, 0, 0
CTUN, 622433, 0, 0, 0, -0.02974804, -0.02, -0.11, 0, 0, 0, -1
DU32, 7, 655577
CURR, 622434, 0, 0, 0, 0, 4752, 0
ATT, 622453, 0, 0.83, 0, -0.53, 124.63, 124.63, 0, 0
RCIN, 622453, 900, 900, 900, 900, 900, 900, 900, 900, 0, 0, 0, 0, 0, 0
CTUN, 622534, 0, 0, 0, -0.03697086, -0.03, -0.43, 0, 0, 0, -1
GPS, 2, 257481800, 2004, 3, 9.51, 39.9200819, -105.1130357, -0.04, 1700.71, 0.97, 160.22, 0, 622554
ATT, 622555, 0, 0.82, 0, -0.53, 124.64, 124.64, 0, 0
RCIN, 622555, 900, 900, 900, 900, 900, 900, 900, 900, 0, 0, 0, 0, 0, 0
CTUN, 622634, 0, 0, 0, -0.06307017, -0.06, 0, 0, 0, 0, -2
ATT, 622653, 0, 0.82, 0, -0.53, 124.64, 124.64, 0, 0.01
RCIN, 622653, 900, 900, 900, 900, 900, 900, 900, 900, 0, 0, 0, 0, 0, 0
RAD, 622663, 167, 157, 97, 25, 61, 51, 100
RAD, 622663, 167, 157, 97, 25, 61, 51, 100
CTUN, 622735, 0, 0, 0, -0.06194239, -0.06, -0.02, 0, 0, 0, -2
GPS, 2, 257482000, 2004, 3, 9.51, 39.9200806, -105.1130353, -0.06, 1700.58, 0.91, 160.22, 0, 622753
ATT, 622754, 0, 0.82, 0, -0.53, 124.65, 124.65, 0, 0.01
RCIN, 622754, 900, 900, 900, 900, 900, 900, 900, 900, 0, 0, 0, 0, 0, 0
CTUN, 622834, 0, 0, 0, -0.06240503, -0.06, -0.59, 0, 0, 0, -2
ATT, 622853, 0, 0.82, 0, -0.54, 124.65, 124.65, 0, 0.01
RCIN, 622853, 900, 900, 900, 900, 900, 900, 900, 900, 0, 0, 0, 0, 0, 0
CTUN, 622935, 0, 0, 0, -0.09706442, -0.09, -0.23, 0, 0, 0, -3
GPS, 2, 257482200, 2004, 3, 9.51, 39.9200778, -105.113036, -0.09, 1700.45, 0.97, 160.22, 0, 622953
ATT, 622954, 0, 0.82, 0, -0.54, 124.65, 124.65, 0, 0
RCIN, 622954, 900, 900, 900, 900, 900, 900, 900, 900, 0, 0, 0, 0, 0, 0
CTUN, 623034, 0, 0, 0, -0.1085087, -0.1, 0.14, 0, 0, 0, -3
ATT, 623053, 0, 0.81, 0, -0.54, 124.65, 124.65, 0, 0.03
RCIN, 623053, 900, 900, 900, 900, 900, 900, 900, 900, 0, 0, 0, 0, 0, 0
CTUN, 623135, 0, 0, 0, -0.09648749, -0.09, 0.18, 0, 0, 0, -2
GPS, 2, 257482400, 2004, 3, 9.5, 39.9200749, -105.1130368, -0.09, 1700.36, 1.02, 160.22, 0, 623153
ATT, 623154, 0, 0.81, 0, -0.55, 124.66, 124.66, 0, 0.01
RCIN, 623154, 900, 900, 900, 900, 900, 900, 900, 900, 0, 0, 0, 0, 0, 0
CTUN, 623233, 0, 0, 0, -0.08240366, -0.08, -0.31, 0, 0, 0, -2
ATT, 623253, 0, 0.81, 0, -0.55, 124.66, 124.66, 0, 0
RCIN, 623253, 900, 900, 900, 900, 900, 900, 900, 900, 0, 0, 0, 0, 0, 0
CTUN, 623335, 0, 0, 0, -0.09924548, -0.09, -0.21, 0, 0, 0, -2
GPS, 2, 257482600, 2004, 3, 9.5, 39.9200723, -105.1130369, -0.1, 1700.26, 1.04, 160.22, 0, 623353
ATT, 623354, 0, 0.81, 0, -0.55, 124.66, 124.66, 0, 0
RCIN, 623354, 900, 900, 900, 900, 900, 900, 900, 900, 0, 0, 0, 0, 0, 0
CTUN, 623434, 0, 0, 0, -0.1094306, -0.1, 0.16, 0, 0, 0, -2
DU32, 7, 655577
CURR, 623434, 0, 0, 0, 0, 4732, 0
ATT, 623453, 0, 0.81, 0, -0.55, 124.66, 124.66, 0, 0
RCIN, 623453, 900, 900, 900, 900, 900, 900, 900, 900, 0, 0, 0, 0, 0, 0
CTUN, 623534, 0, 0, 0, -0.09616295, -0.09, 0.15, 0, 0, 0, -2
RAD, 623543, 167, 168, 100, 23, 74, 51, 100
GPS, 2, 257482800, 2004, 3, 9.5, 39.920071, -105.1130362, -0.09, 1700.15, 0.98, 160.22, 0, 623553
ATT, 623554, 0, 0.81, 0, -0.56, 124.66, 124.66, 0, 0
RCIN, 623554, 900, 900, 900, 900, 900, 900, 900, 900, 0, 0, 0, 0, 0, 0
RAD, 623563, 167, 168, 100, 23, 74, 51, 100
CTUN, 623633, 0, 0, 0, -0.08357292, -0.08, -0.17, 0, 0, 0, -2
ATT, 623652, 0, 0.81, 0, -0.56, 124.66, 124.66, 0, 0.03
RCIN, 623653, 900, 900, 900, 900, 900, 900, 900, 900, 0, 0, 0, 0, 0, 0
CTUN, 623734, 0, 0, 0, -0.09145332, -0.09, -0.4, 0, 0, 0, -2
GPS, 2, 257483000, 2004, 3, 9.5, 39.9200695, -105.1130359, -0.09, 1700.03, 0.96, 160.22, 0, 623753
ATT, 623754, 0, 0.8, 0, -0.56, 124.67, 124.67, 0, 0.02
RCIN, 623754, 900, 900, 900, 900, 900, 900, 900, 900, 0, 0, 0, 0, 0, 0
CTUN, 623834, 0, 0, 0, -0.1131123, -0.11, -0.46, 0, 0, 0, -2
ATT, 623853, 0, 0.8, 0, -0.56, 124.67, 124.67, 0, 0
RCIN, 623853, 900, 900, 900, 900, 900, 900, 900, 900, 0, 0, 0, 0, 0, 0
CTUN, 623934, 0, 0, 0, -0.1374214, -0.13, -0.23, 0, 0, 0, -3
GPS, 2, 257483200, 2004, 3, 9.49, 39.9200684, -105.1130345, -0.13, 1699.93, 0.9, 160.22, 0, 623953
ATT, 623954, 0, 0.8, 0, -0.56, 124.67, 124.67, 0, 0.01
RCIN, 623954, 900, 900, 900, 900, 900, 900, 900, 900, 0, 0, 0, 0, 0, 0
CTUN, 624034, 0, 0, 0, -0.1468481, -0.14, -0.33, 0, 0, 0, -3
ATT, 624053, 0, 0.8, 0, -0.57, 124.66, 124.66, 0, 0
RCIN, 624053, 900, 900, 900, 900, 900, 900, 900, 900, 0, 0, 0, 0, 0, 0
CTUN, 624134, 0, 0, 0, -0.1617487, -0.16, -0.23, 0, 0, 0, -3
GPS, 2, 257483400, 2004, 3, 9.49, 39.9200675, -105.1130332, -0.16, 1699.82, 0.84, 160.22, 0, 624153
ATT, 624154, 0, 0.8, 0, -0.57, 124.66, 124.66, 0, 0.03
RCIN, 624154, 900, 900, 900, 900, 900, 900, 900, 900, 0, 0, 0, 0, 0, 0
CTUN, 624233, 0, 0, 0, -0.1702554, -0.17, 0.08, 0, 0, 0, -3
ATT, 624253, 0, 0.8, 0, -0.57, 124.67, 124.67, 0, 0
RCIN, 624253, 900, 900, 900, 900, 900, 900, 900, 900, 0, 0, 0, 0, 0, 0
CTUN, 624334, 0, 0, 0, -0.1587994, -0.15, -0.09, 0, 0, 0, -3
GPS, 2, 257483600, 2004, 3, 9.49, 39.9200659, -105.1130326, -0.15, 1699.72, 0.82, 160.22, 0, 624353
ATT, 624354, 0, 0.8, 0, -0.58, 124.68, 124.68, 0, 0
RCIN, 624354, 900, 900, 900, 900, 900, 900, 900, 900, 0, 0, 0, 0, 0, 0
CTUN, 624433, 0, 0, 0, -0.1592024, -0.15, -0.29, 0, 0, 0, -3
DU32, 7, 655577
CURR, 624434, 0, 0, 0, 0, 4732, 0
ATT, 624452, 0, 0.8, 0, -0.58, 124.68, 124.68, 0, 0
RCIN, 624453, 900, 900, 900, 900, 900, 900, 900, 900, 0, 0, 0, 0, 0, 0
RAD, 624463, 168, 168, 100, 26, 74, 51, 101
RAD, 624483, 168, 168, 100, 26, 74, 51, 101
CTUN, 624535, 0, 0, 0, -0.1715941, -0.17, 0.1, 0, 0, 0, -3
GPS, 2, 257483800, 2004, 3, 9.49, 39.9200654, -105.1130314, -0.16, 1699.61, 0.77, 160.22, 0, 624553
ATT, 624554, 0, 0.79, 0, -0.58, 124.68, 124.68, 0, 0.01
RCIN, 624554, 900, 900, 900, 900, 900, 900, 900, 900, 0, 0, 0, 0, 0, 0
CTUN, 624634, 0, 0, 0, -0.1590791, -0.15, 0.01, 0, 0, 0, -3
ATT, 624653, 0, 0.79, 0, -0.59, 124.68, 124.68, 0, 0.02
RCIN, 624653, 900, 900, 900, 900, 900, 900, 900, 900, 0, 0, 0, 0, 0, 0
CTUN, 624735, 0, 0, 0, -0.1523651, -0.15, -0.21, 0, 0, 0, -3
GPS, 2, 257484000, 2004, 3, 9.48, 39.9200649, -105.1130303, -0.15, 1699.51, 0.72, 160.22, 0, 624753
ATT, 624754, 0, 0.79, 0, -0.59, 124.67, 124.67, 0, 0.03
RCIN, 624754, 900, 900, 900, 900, 900, 900, 900, 900, 0, 0, 0, 0, 0, 0
CTUN, 624834, 0, 0, 0, -0.159633, -0.15, -0.14, 0, 0, 0, -3
ATT, 624853, 0, 0.79, 0, -0.6, 124.66, 124.66, 0, 0.05
RCIN, 624853, 900, 900, 900, 900, 900, 900, 900, 900, 0, 0, 0, 0, 0, 0
CTUN, 624935, 0, 0, 0, -0.1623128, -0.16, -0.6, 0, 0, 0, -3
GPS, 2, 257484200, 2004, 3, 9.48, 39.9200629, -105.1130301, -0.16, 1699.41, 0.75, 160.22, 0, 624953
ATT, 624954, 0, 0.79, 0, -0.6, 124.68, 124.68, 0, 0.02
RCIN, 624954, 900, 900, 900, 900, 900, 900, 900, 900, 0, 0, 0, 0, 0, 0
CTUN, 625034, 0, 0, 0, -0.1927424, -0.19, -0.23, 0, 0, 0, -3
ATT, 625053, 0, 0.78, 0, -0.6, 124.67, 124.67, 0, 0
RCIN, 625053, 900, 900, 900, 900, 900, 900, 900, 900, 0, 0, 0, 0, 0, 0
CTUN, 625135, 0, 0, 0, -0.1991981, -0.19, -0.21, 0, 0, 0, -3
GPS, 2, 257484400, 2004, 3, 9.48, 39.9200628, -105.1130279, -0.2, 1699.31, 0.68, 160.22, 0, 625153
ATT, 625153, 0, 0.78, 0, -0.61, 124.68, 124.68, 0, 0.01
RCIN, 625154, 900, 900, 900, 900, 900, 900, 900, 900, 0, 0, 0, 0, 0, 0
CTUN, 625233, 0, 0, 0, -0.2041033, -0.2, 0.32, 0, 0, 0, -3
ATT, 625253, 0, 0.78, 0, -0.61, 124.67, 124.67, 0, 0
RCIN, 625253, 900, 900, 900, 900, 900, 900, 900, 900, 0, 0, 0, 0, 0, 0
CTUN, 625335, 0, 0, 0, -0.1762581, -0.17, -0.05, 0, 0, 0, -3
GPS, 2, 257484600, 2004, 3, 9.48, 39.9200637, -105.1130245, -0.17, 1699.21, 0.56, 160.22, 0, 625353
ATT, 625354, 0, 0.78, 0, -0.61, 124.67, 124.67, 0, 0.01
RCIN, 625354, 900, 900, 900, 900, 900, 900, 900, 900, 0, 0, 0, 0, 0, 0
CTUN, 625433, 0, 0, 0, -0.1722626, -0.17, -0.54, 0, 0, 0, -3
DU32, 7, 655577
CURR, 625434, 0, 0, 0, 0, 4732, 0
ATT, 625453, 0, 0.77, 0, -0.62, 124.67, 124.67, 0, 0
RCIN, 625453, 900, 900, 900, 900, 900, 900, 900, 900, 0, 0, 0, 0, 0, 0
CTUN, 625535, 0, 0, 0, -0.198281, -0.19, -0.19, 0, 0, 0, -3
GPS, 2, 257484800, 2004, 3, 9.47, 39.9200642, -105.1130222, -0.19, 1699.12, 0.5, 160.22, 0, 625553
ATT, 625554, 0, 0.77, 0, -0.62, 124.67, 124.67, 0, 0
RCIN, 625554, 900, 900, 900, 900, 900, 900, 900, 900, 0, 0, 0, 0, 0, 0
RAD, 625583, 167, 168, 98, 23, 55, 51, 101
RAD, 625583, 167, 168, 98, 23, 55, 51, 101
CTUN, 625634, 0, 0, 0, -0.201605, -0.2, -0.36, 0, 0, 0, -3
ATT, 625653, 0, 0.77, 0, -0.62, 124.66, 124.66, 0, 0
RCIN, 625653, 900, 900, 900, 900, 900, 900, 900, 900, 0, 0, 0, 0, 0, 0
CTUN, 625735, 0, 0, 0, -0.2153524, -0.21, -0.17, 0, 0, 0, -3
GPS, 2, 257485000, 2004, 3, 9.47, 39.9200639, -105.113021, -0.21, 1699.04, 0.48, 160.22, 0, 625753
ATT, 625754, 0, 0.77, 0, -0.63, 124.66, 124.66, 0, 0.03
RCIN, 625754, 900, 900, 900, 900, 900, 900, 900, 900, 0, 0, 0, 0, 0, 0
CTUN, 625834, 0, 0, 0, -0.2169458, -0.21, -0.03, 0, 0, 0, -3
ATT, 625853, 0, 0.77, 0, -0.63, 124.67, 124.67, 0, 0.02
RCIN, 625853, 900, 900, 900, 900, 900, 900, 900, 900, 0, 0, 0, 0, 0, 0
CTUN, 625935, 0, 0, 0, -0.209937, -0.2, -0.45, 0, 0, 0, -3
GPS, 2, 257485200, 2004, 3, 9.47, 39.920064, -105.1130202, -0.21, 1698.94, 0.47, 160.22, 0, 625953
ATT, 625954, 0, 0.77, 0, -0.63, 124.68, 124.68, 0, 0.01
RCIN, 625954, 900, 900, 900, 900, 900, 900, 900, 900, 0, 0, 0, 0, 0, 0
CTUN, 626033, 0, 0, 0, -0.2289012, -0.22, -0.41, 0, 0, 0, -4
ATT, 626052, 0, 0.76, 0, -0.63, 124.67, 124.67, 0, 0.02
RCIN, 626053, 900, 900, 900, 900, 900, 900, 900, 900, 0, 0, 0, 0, 0, 0
CTUN, 626135, 0, 0, 0, -0.244685, -0.24, -0.05, 0, 0, 0, -4
GPS, 2, 257485400, 2004, 3, 9.47, 39.9200647, -105.1130178, -0.24, 1698.85, 0.41, 160.22, 0, 626153
ATT, 626154, 0, 0.77, 0, -0.63, 124.66, 124.66, 0, 0
RCIN, 626154, 900, 900, 900, 900, 900, 900, 900, 900, 0, 0, 0, 0, 0, 0
CTUN, 626233, 0, 0, 0, -0.2380909, -0.23, 0, 0, 0, 0, -4
ATT, 626253, 0, 0.77, 0, -0.63, 124.66, 124.66, 0, 0.04
RCIN, 626253, 900, 900, 900, 900, 900, 900, 900, 900, 0, 0, 0, 0, 0, 0
CTUN, 626335, 0, 0, 0, -0.2283575, -0.22, -0.27, 0, 0, 0, -3
GPS, 2, 257485600, 2004, 3, 9.46, 39.9200692, -105.1130116, -0.22, 1698.76, 0.22, 160.22, 0, 626353
ATT, 626354, 0, 0.76, 0, -0.64, 124.68, 124.68, 0, 0.02
RCIN, 626354, 900, 900, 900, 900, 900, 900, 900, 900, 0, 0, 0, 0, 0, 0
CTUN, 626433, 0, 0, 0, -0.2352646, -0.23, -0.33, 0, 0, 0, -3
DU32, 7, 655577
CURR, 626434, 0, 0, 0, 0, 4772, 0
ATT, 626453, 0, 0.76, 0, -0.64, 124.67, 124.67, 0, 0.01
RCIN, 626453, 900, 900, 900, 900, 900, 900, 900, 900, 0, 0, 0, 0, 0, 0
CTUN, 626535, 0, 0, 0, -0.2456603, -0.24, -0.32, 0, 0, 0, -4
GPS, 2, 257485800, 2004, 3, 9.46, 39.920071, -105.1130083, -0.24, 1698.66, 0.17, 160.22, 0, 626553
ATT, 626554, 0, 0.76, 0, -0.64, 124.68, 124.68, 0, 0
RCIN, 626554, 900, 900, 900, 900, 900, 900, 900, 900, 0, 0, 0, 0, 0, 0
RAD, 626624, 154, 157, 98, 47, 74, 51, 101
RAD, 626624, 154, 157, 98, 47, 74, 51, 101
CTUN, 626633, 0, 0, 0, -0.2549162, -0.25, -0.17, 0, 0, 0, -4
ATT, 626653, 0, 0.76, 0, -0.64, 124.68, 124.68, 0, 0
RCIN, 626653, 900, 900, 900, 900, 900, 900, 900, 900, 0, 0, 0, 0, 0, 0
CTUN, 626734, 0, 0, 0, -0.254719, -0.25, -0.09, 0, 0, 0, -4
GPS, 2, 257486000, 2004, 3, 9.46, 39.920073, -105.113005, -0.25, 1698.55, 0.11, 160.22, 0, 626753
ATT, 626754, 0, 0.76, 0, -0.64, 124.68, 124.68, 0, 0.02
RCIN, 626754, 900, 900, 900, 900, 900, 900, 900, 900, 0, 0, 0, 0, 0, 0
CTUN, 626835, 0, 0, 0, -0.2494747, -0.24, -0.03, 0, 0, 0, -3
ATT, 626853, 0, 0.76, 0, -0.65, 124.69, 124.69, 0, 0.01
RCIN, 626853, 900, 900, 900, 900, 900, 900, 900, 900, 0, 0, 0, 0, 0, 0
CTUN, 626935, 0, 0, 0, -0.2409817, -0.24, 0.24, 0, 0, 0, -3
GPS, 2, 257486200, 2004, 3, 9.46, 39.9200762, -105.1130003, -0.23, 1698.44, 0.11, 160.22, 0, 626953
ATT, 626954, 0, 0.75, 0, -0.65, 124.68, 124.68, 0, 0.01
RCIN, 626954, 900, 900, 900, 900, 900, 900, 900, 900, 0, 0, 0, 0, 0, 0
CTUN, 627033, 0, 0, 0, -0.2155725, -0.21, -0.23, 0, 0, 0, -3
ATT, 627052, 0, 0.75, 0, -0.65, 124.68, 124.68, 0, 0
RCIN, 627053, 900, 900, 900, 900, 900, 900, 900, 900, 0, 0, 0, 0, 0, 0
CTUN, 627135, 0, 0, 0, -0.2203574, -0.22, -0.62, 0, 0, 0, -3
GPS, 2, 257486400, 2004, 3, 9.45, 39.9200769, -105.1129984, -0.22, 1698.31, 0.08, 160.22, 0, 627153
ERR, 7, 1
ATT, 627154, 0, 0.74, 0, -0.65, 124.68, 124.68, 0, 0
RCIN, 627154, 900, 900, 900, 900, 900, 900, 900, 900, 0, 0, 0, 0, 0, 0
CTUN, 627234, 0, 0, 0, -0.2481263, -0.24, -0.55, 0, 0, 0, -3
ATT, 627254, 0, 0.74, 0, -0.66, 124.67, 124.67, 0, 0.01
RCIN, 627254, 900, 900, 900, 900, 900, 900, 900, 900, 0, 0, 0, 0, 0, 0
CTUN, 627334, 0, 0, 0, -0.2707213, -0.27, -0.51, 0, 0, 0, -4
GPS, 2, 257486600, 2004, 3, 9.45, 39.920078, -105.1129954, -0.27, 1698.16, 0.07, 160.22, 0, 627353
ATT, 627354, 0, 0.74, 0, -0.65, 124.67, 124.67, 0, 0
RCIN, 627354, 900, 900, 900, 900, 900, 900, 900, 900, 0, 0, 0, 0, 0, 0
CTUN, 627434, 0, 0, 0, -0.2900198, -0.29, -0.29, 0, 0, 0, -4
DU32, 7, 655577
CURR, 627435, 0, 0, 0, 0, 4752, 0
ATT, 627453, 0, 0.73, 0, -0.65, 124.67, 124.67, 0, 0.02
RCIN, 627453, 900, 900, 900, 900, 900, 900, 900, 900, 0, 0, 0, 0, 0, 0
CTUN, 627534, 0, 0, 0, -0.2951775, -0.29, -0.27, 0, 0, 0, -4
GPS, 2, 257486800, 2004, 3, 9.45, 39.9200793, -105.1129928, -0.29, 1698.02, 0.09, 160.22, 0, 627553
ATT, 627554, 0, 0.73, 0, -0.65, 124.68, 124.68, 0, 0
RCIN, 627554, 900, 900, 900, 900, 900, 900, 900, 900, 0, 0, 0, 0, 0, 0
CTUN, 627634, 0, 0, 0, -0.298795, -0.29, -0.06, 0, 0, 0, -4
ATT, 627653, 0, 0.73, 0, -0.66, 124.69, 124.69, 0, 0.01
RCIN, 627653, 900, 900, 900, 900, 900, 900, 900, 900, 0, 0, 0, 0, 0, 0
RAD, 627723, 168, 168, 92, 37, 93, 51, 101
RAD, 627724, 168, 168, 92, 37, 93, 51, 101
CTUN, 627734, 0, 0, 0, -0.2895723, -0.28, 0.18, 0, 0, 0, -4
GPS, 2, 257487000, 2004, 3, 9.45, 39.9200809, -105.1129895, -0.28, 1697.89, 0.12, 160.22, 0, 627753
ATT, 627754, 0, 0.73, 0, -0.66, 124.69, 124.69, 0, 0.02
RCIN, 627754, 900, 900, 900, 900, 900, 900, 900, 900, 0, 0, 0, 0, 0, 0
CTUN, 627833, 0, 0, 0, -0.2650726, -0.26, -0.28, 0, 0, 0, -3
ATT, 627853, 0, 0.73, 0, -0.66, 124.7, 124.7, 0, 0.01
RCIN, 627853, 900, 900, 900, 900, 900, 900, 900, 900, 0, 0, 0, 0, 0, 0
CTUN, 627935, 0, 0, 0, -0.2700248, -0.27, -0.27, 0, 0, 0, -3
GPS, 2, 257487200, 2004, 3, 9.44, 39.9200852, -105.1129831, -0.27, 1697.75, 0.25, 160.22, 0, 627953
ATT, 627954, 0, 0.73, 0, -0.66, 124.71, 124.71, 0, 0
RCIN, 627954, 900, 900, 900, 900, 900, 900, 900, 900, 0, 0, 0, 0, 0, 0
CTUN, 628033, 0, 0, 0, -0.2745232, -0.27, -0.03, 0, 0, 0, -3
ATT, 628053, 0, 0.73, 0, -0.66, 124.71, 124.71, 0, 0.04
RCIN, 628053, 900, 900, 900, 900, 900, 900, 900, 900, 0, 0, 0, 0, 0, 0
CTUN, 628135, 0, 0, 0, -0.2637444, -0.26, -0.66, 0, 0, 0, -3
GPS, 2, 257487400, 2004, 3, 9.44, 39.9200875, -105.1129792, -0.26, 1697.57, 0.29, 160.22, 0, 628153
ATT, 628154, 0, 0.72, 0, -0.66, 124.73, 124.73, 0, 0.01
RCIN, 628154, 900, 900, 900, 900, 900, 900, 900, 900, 0, 0, 0, 0, 0, 0
CTUN, 628234, 0, 0, 0, -0.2916411, -0.29, 0.13, 0, 0, 0, -3
ATT, 628253, 0, 0.72, 0, -0.67, 124.73, 124.73, 0, 0.05
RCIN, 628253, 900, 900, 900, 900, 900, 900, 900, 900, 0, 0, 0, 0, 0, 0
CTUN, 628335, 0, 0, 0, -0.2700699, -0.27, 0.17, 0, 0, 0, -3
GPS, 2, 257487600, 2004, 3, 9.44, 39.9200895, -105.1129751, -0.26, 1697.43, 0.32, 160.22, 0, 628353
ATT, 628353, 0, 0.72, 0, -0.67, 124.75, 124.75, 0, 0.02
RCIN, 628354, 900, 900, 900, 900, 900, 900, 900, 900, 0, 0, 0, 0, 0, 0
CTUN, 628434, 0, 0, 0, -0.246753, -0.24, 0.12, 0, 0, 0, -2
DU32, 7, 655577
CURR, 628435, 0, 0, 0, 0, 4712, 0
ATT, 628453, 0, 0.72, 0, -0.67, 124.76, 124.76, 0, 0
RCIN, 628453, 900, 900, 900, 900, 900, 900, 900, 900, 0, 0, 0, 0, 0, 0
CTUN, 628535, 0, 0, 0, -0.2270915, -0.22, -0.07, 0, 0, 0, -2
ATT, 628554, 0, 0.72, 0, -0.67, 124.76, 124.76, 0, 0.01
RCIN, 628554, 900, 900, 900, 900, 900, 900, 900, 900, 0, 0, 0, 0, 0, 0
RAD, 628563, 167, 159, 93, 38, 54, 51, 101
GPS, 3, 257487800, 2004, 4, 11, 39.9200852, -105.1129605, -0.22, 1695.87, 0.48, 160.22, 0, 628572
ERR, 11, 0
ERR, 7, 0
RAD, 628582, 167, 159, 93, 38, 54, 51, 101
CTUN, 628633, 0, 0, 0, -0.2206655, -0.22, -0.04, 0, 0, 0, -2
ATT, 628653, 0, 0.72, 0, -0.67, 124.76, 124.76, 0, 0.02
RCIN, 628653, 900, 900, 900, 900, 900, 900, 900, 900, 0, 0, 0, 0, 0, 0
CTUN, 628734, 0, 0, 0, -0.2122694, -0.21, -0.01, 0, 0, 0, -1
GPS, 3, 257488000, 2004, 4, 11.01, 39.9200847, -105.1129574, -0.21, 1695.19, 0.51, 160.22, 0, 628753
ATT, 628754, 0, 0.72, 0, -0.67, 124.77, 124.77, 0, 0.01
RCIN, 628754, 900, 900, 900, 900, 900, 900, 900, 900, 0, 0, 0, 0, 0, 0
CTUN, 628834, 0, 0, 0, -0.2023612, -0.2, -0.29, 0, 0, 0, -1
ATT, 628853, 0, 0.71, 0, -0.68, 124.76, 124.76, 0, 0.02
RCIN, 628853, 900, 900, 900, 900, 900, 900, 900, 900, 0, 0, 0, 0, 0, 0
CTUN, 628935, 0, 0, 0, -0.2097898, -0.2, -0.41, 0, 0, 0, -1
GPS, 3, 257488200, 2004, 4, 11.02, 39.9200893, -105.1129527, -0.21, 1694.5, 0.81, 160.22, 0, 628953
ATT, 628954, 0, 0.71, 0, -0.68, 124.74, 124.74, 0, 0.01
RCIN, 628954, 900, 900, 900, 900, 900, 900, 900, 900, 0, 0, 0, 0, 0, 0
CTUN, 629033, 0, 0, 0, -0.2240445, -0.22, -0.1, 0, 0, 0, -2
ATT, 629053, 0, 0.71, 0, -0.68, 124.74, 124.74, 0, 0.01
RCIN, 629053, 900, 900, 900, 900, 900, 900, 900, 900, 0, 0, 0, 0, 0, 0
CTUN, 629135, 0, 0, 0, -0.2191646, -0.21, -0.39, 0, 0, 0, -2
GPS, 3, 257488400, 2004, 4, 11.02, 39.9200901, -105.1129517, -0.22, 1693.97, 0.59, 160.22, 0, 629153
ATT, 629154, 0, 0.71, 0, -0.68, 124.73, 124.73, 0, 0.03
RCIN, 629154, 900, 900, 900, 900, 900, 900, 900, 900, 0, 0, 0, 0, 0, 0
CTUN, 629234, 0, 0, 0, -0.2322896, -0.23, 0.01, 0, 0, 0, -2
ATT, 629252, 0, 0.7, 0, -0.68, 124.71, 124.71, 0, 0.01
RCIN, 629253, 900, 900, 900, 900, 900, 900, 900, 900, 0, 0, 0, 0, 0, 0
CTUN, 629335, 0, 0, 0, -0.2197489, -0.21, -0.13, 0, 0, 0, -2
GPS, 3, 257488600, 2004, 4, 11.03, 39.9200901, -105.1129515, -0.21, 1693.57, 0.39, 160.22, 0, 629353
ATT, 629354, 0, 0.7, 0, -0.68, 124.71, 124.71, 0, 0.02
RCIN, 629354, 900, 900, 900, 900, 900, 900, 900, 900, 0, 0, 0, 0, 0, 0
CTUN, 629433, 0, 0, 0, -0.2166695, -0.21, -0.17, 0, 0, 0, -2
DU32, 7, 655577
CURR, 629434, 0, 0, 0, 0, 4752, 0
PM, 7, 1000, 37325, 7, 0, 0, 255
ATT, 629453, 0, 0.7, 0, -0.68, 124.71, 124.71, 0, 0.01
RCIN, 629453, 900, 900, 900, 900, 900, 900, 900, 900, 0, 0, 0, 0, 0, 0
CTUN, 629534, 0, 0, 0, -0.2161158, -0.21, -0.16, 0, 0, 0, -1
GPS, 3, 257488800, 2004, 4, 11.03, 39.9200896, -105.1129512, -0.21, 1693.3, 0.33, 160.22, 0, 629553
ATT, 629554, 0, 0.7, 0, -0.68, 124.71, 124.71, 0, 0.01
RCIN, 629554, 900, 900, 900, 900, 900, 900, 900, 900, 0, 0, 0, 0, 0, 0
CTUN, 629633, 0, 0, 0, -0.215139, -0.21, 0.03, 0, 0, 0, -1
RAD, 629644, 162, 166, 96, 22, 52, 51, 101
RAD, 629644, 162, 166, 96, 22, 52, 51, 101
ATT, 629653, 0, 0.7, 0, -0.68, 124.72, 124.72, 0, 0
RCIN, 629653, 900, 900, 900, 900, 900, 900, 900, 900, 0, 0, 0, 0, 0, 0
CTUN, 629735, 0, 0, 0, -0.2021656, -0.2, 0.08, 0, 0, 0, -1
GPS, 3, 257489000, 2004, 4, 11.04, 39.9200894, -105.1129503, -0.19, 1692.99, 0.33, 160.22, 0, 629753
ATT, 629754, 0, 0.7, 0, -0.68, 124.72, 124.72, 0, 0.02
RCIN, 629754, 900, 900, 900, 900, 900, 900, 900, 900, 0, 0, 0, 0, 0, 0
CTUN, 629834, 0, 0, 0, -0.1867702, -0.18, -0.23, 0, 0, 0, -1
ATT, 629853, 0, 0.7, 0, -0.68, 124.73, 124.73, 0, 0.01
RCIN, 629853, 900, 900, 900, 900, 900, 900, 900, 900, 0, 0, 0, 0, 0, 0
CTUN, 629935, 0, 0, 0, -0.1910101, -0.19, -0.32, 0, 0, 0, -1
GPS, 3, 257489200, 2004, 4, 11.04, 39.9200893, -105.1129493, -0.19, 1692.73, 0.37, 160.22, 0, 629953
ATT, 629954, 0, 0.69, 0, -0.68, 124.74, 124.74, 0, 0.03
RCIN, 629954, 900, 900, 900, 900, 900, 900, 900, 900, 0, 0, 0, 0, 0, 0
CTUN, 630033, 0, 0, 0, -0.2007775, -0.2, -0.27, 0, 0, 0, -1
ATT, 630053, 0, 0.69, 0, -0.69, 124.73, 124.73, 0, 0.01
RCIN, 630053, 900, 900, 900, 900, 900, 900, 900, 900, 0, 0, 0, 0, 0, 0
CTUN, 630135, 0, 0, 0, -0.2072692, -0.2, 0.31, 0, 0, 0, -1
GPS, 3, 257489400, 2004, 4, 11.05, 39.9200882, -105.1129492, -0.2, 1692.48, 0.35, 160.22, 0, 630153
ATT, 630154, 0, 0.69, 0, -0.68, 124.72, 124.72, 0, 0.03
RCIN, 630154, 900, 900, 900, 900, 900, 900, 900, 900, 0, 0, 0, 0, 0, 0
CTUN, 630234, 0, 0, 0, -0.1770137, -0.17, -0.17, 0, 0, 0, 0
ATT, 630252, 0, 0.69, 0, -0.69, 124.74, 124.74, 0, 0.02
RCIN, 630253, 900, 900, 900, 900, 900, 900, 900, 900, 0, 0, 0, 0, 0, 0
CTUN, 630335, 0, 0, 0, -0.1782028, -0.17, -0.26, 0, 0, 0, -1
GPS, 3, 257489600, 2004, 4, 11.05, 39.9200835, -105.1129532, -0.17, 1692.34, 0.16, 160.22, 0, 630353
ATT, 630354, 0, 0.69, 0, -0.69, 124.75, 124.75, 0, 0
RCIN, 630354, 900, 900, 900, 900, 900, 900, 900, 900, 0, 0, 0, 0, 0, 0
CTUN, 630433, 0, 0, 0, -0.1844728, -0.18, -0.31, 0, 0, 0, -1
DU32, 7, 655577
CURR, 630434, 0, 0, 0, 0, 4752, 0
ATT, 630453, 0, 0.69, 0, -0.69, 124.75, 124.75, 0, 0.01
RCIN, 630453, 900, 900, 900, 900, 900, 900, 900, 900, 0, 0, 0, 0, 0, 0
RAD, 630523, 163, 160, 91, 23, 55, 51, 104
RAD, 630524, 163, 160, 91, 23, 55, 51, 104
CTUN, 630536, 0, 0, 0, -0.1935074, -0.19, -0.63, 0, 0, 0, -1
GPS, 3, 257489800, 2004, 4, 11.06, 39.920078, -105.1129579, -0.19, 1692.15, 0.48, 160.22, 0, 630553
ATT, 630554, 0, 0.69, 0, -0.69, 124.74, 124.74, 0, 0.01
RCIN, 630554, 900, 900, 900, 900, 900, 900, 900, 900, 0, 0, 0, 0, 0, 0
CTUN, 630633, 0, 0, 0, -0.2219538, -0.22, -0.35, 0, 0, 0, -1
ATT, 630653, 0, 0.68, 0, -0.69, 124.75, 124.75, 0, 0.01
RCIN, 630653, 900, 900, 900, 900, 900, 900, 900, 900, 0, 0, 0, 0, 0, 0
CTUN, 630735, 0, 0, 0, -0.2321328, -0.23, -0.33, 0, 0, 0, -2
GPS, 3, 257490000, 2004, 4, 11.06, 39.9200744, -105.1129595, -0.23, 1691.85, 0.47, 160.22, 0, 630753
ATT, 630754, 0, 0.68, 0, -0.69, 124.74, 124.74, 0, 0
RCIN, 630754, 900, 900, 900, 900, 900, 900, 900, 900, 0, 0, 0, 0, 0, 0
CTUN, 630833, 0, 0, 0, -0.240438, -0.24, 0.06, 0, 0, 0, -2
ATT, 630853, 0, 0.68, 0, -0.69, 124.75, 124.75, 0, 0.06
RCIN, 630853, 900, 900, 900, 900, 900, 900, 900, 900, 0, 0, 0, 0, 0, 0
CTUN, 630935, 0, 0, 0, -0.2239362, -0.22, -0.33, 0, 0, 0, -1
ATT, 630953, 0, 0.68, 0, -0.69, 124.77, 124.77, 0, 0.03
RCIN, 630954, 900, 900, 900, 900, 900, 900, 900, 900, 0, 0, 0, 0, 0, 0
GPS, 3, 257490200, 2004, 4, 11.07, 39.9200706, -105.112961, -0.22, 1691.55, 0.5, 160.22, 0, 630972
CTUN, 631034, 0, 0, 0, -0.2325202, -0.23, -0.07, 0, 0, 0, -1
ATT, 631052, 0, 0.68, 0, -0.69, 124.76, 124.76, 0, 0
RCIN, 631053, 900, 900, 900, 900, 900, 900, 900, 900, 0, 0, 0, 0, 0, 0
CTUN, 631134, 0, 0, 0, -0.2253624, -0.22, -0.13, 0, 0, 0, -1
GPS, 3, 257490400, 2004, 4, 11.07, 39.920067, -105.1129632, -0.22, 1691.25, 0.58, 160.22, 0, 631153
ATT, 631154, 0, 0.68, 0, -0.7, 124.76, 124.76, 0, 0.01
RCIN, 631154, 900, 900, 900, 900, 900, 900, 900, 900, 0, 0, 0, 0, 0, 0
CTUN, 631234, 0, 0, 0, -0.2217761, -0.22, -0.22, 0, 0, 0, -1
ATT, 631252, 0, 0.68, 0, -0.7, 124.75, 124.75, 0, 0
RCIN, 631253, 900, 900, 900, 900, 900, 900, 900, 900, 0, 0, 0, 0, 0, 0
CTUN, 631335, 0, 0, 0, -0.223555, -0.22, -0.05, 0, 0, 0, -1
GPS, 3, 257490600, 2004, 4, 11.08, 39.9200634, -105.1129636, -0.22, 1690.92, 0.51, 160.22, 0, 631353
ATT, 631354, 0, 0.68, 0, -0.7, 124.75, 124.75, 0, 0.01
RCIN, 631355, 900, 900, 900, 900, 900, 900, 900, 900, 0, 0, 0, 0, 0, 0
CTUN, 631433, 0, 0, 0, -0.2151458, -0.21, -0.38, 0, 0, 0, -1
DU32, 7, 655577
CURR, 631434, 0, 0, 0, 0, 4732, 0
ATT, 631452, 0, 0.68, 0, -0.7, 124.75, 124.75, 0, 0.01
RCIN, 631453, 900, 900, 900, 900, 900, 900, 900, 900, 0, 0, 0, 0, 0, 0
CTUN, 631534, 0, 0, 0, -0.2271427, -0.22, -0.35, 0, 0, 0, -1
GPS, 3, 257490800, 2004, 4, 11.08, 39.920059, -105.1129668, -0.22, 1690.66, 0.7, 160.22, 0, 631554
ATT, 631555, 0, 0.68, 0, -0.7, 124.75, 124.75, 0, 0
RCIN, 631556, 900, 900, 900, 900, 900, 900, 900, 900, 0, 0, 0, 0, 0, 0
RAD, 631603, 161, 164, 97, 21, 57, 51, 105
RAD, 631604, 161, 164, 97, 21, 57, 51, 105
CTUN, 631633, 0, 0, 0, -0.236489, -0.23, 0.15, 0, 0, 0, -1
ATT, 631653, 0, 0.67, 0, -0.7, 124.75, 124.75, 0, 0.04
RCIN, 631653, 900, 900, 900, 900, 900, 900, 900, 900, 0, 0, 0, 0, 0, 0
CTUN, 631735, 0, 0, 0, -0.2146875, -0.21, 0.05, 0, 0, 0, -1
GPS, 3, 257491000, 2004, 4, 11.09, 39.9200577, -105.1129662, -0.21, 1690.3, 0.48, 160.22, 0, 631753
ATT, 631754, 0, 0.67, 0, -0.7, 124.77, 124.77, 0, 0.02
RCIN, 631754, 900, 900, 900, 900, 900, 900, 900, 900, 0, 0, 0, 0, 0, 0
CTUN, 631833, 0, 0, 0, -0.1998623, -0.19, -0.45, 0, 0, 0, -1
ATT, 631853, 0, 0.67, 0, -0.7, 124.76, 124.76, 0, 0
RCIN, 631853, 900, 900, 900, 900, 900, 900, 900, 900, 0, 0, 0, 0, 0, 0
CTUN, 631935, 0, 0, 0, -0.2167672, -0.21, -0.12, 0, 0, 0, -1
GPS, 3, 257491200, 2004, 4, 11.09, 39.9200577, -105.1129636, -0.21, 1689.88, 0.17, 160.22, 0, 631953
ATT, 631954, 0, 0.67, 0, -0.7, 124.77, 124.77, 0, 0
RCIN, 631954, 900, 900, 900, 900, 900, 900, 900, 900, 0, 0, 0, 0, 0, 0
CTUN, 632034, 0, 0, 0, -0.2124536, -0.21, -0.19, 0, 0, 0, -1
ATT, 632052, 0, 0.67, 0, -0.7, 124.77, 124.77, 0, 0.02
RCIN, 632053, 900, 900, 900, 900, 900, 900, 900, 900, 0, 0, 0, 0, 0, 0
CTUN, 632135, 0, 0, 0, -0.2126069, -0.21, 0.18, 0, 0, 0, -1
GPS, 3, 257491400, 2004, 4, 11.1, 39.920056, -105.1129622, -0.2, 1689.51, 0.14, 160.22, 0, 632153
ATT, 632154, 0, 0.67, 0, -0.7, 124.78, 124.78, 0, 0
RCIN, 632154, 900, 900, 900, 900, 900, 900, 900, 900, 0, 0, 0, 0, 0, 0
CTUN, 632234, 0, 0, 0, -0.1900732, -0.19, -0.48, 0, 0, 0, 0
ATT, 632252, 0, 0.68, 0, -0.7, 124.79, 124.79, 0, 0
RCIN, 632253, 900, 900, 900, 900, 900, 900, 900, 900, 0, 0, 0, 0, 0, 0
CTUN, 632334, 0, 0, 0, -0.2089721, -0.2, -0.53, 0, 0, 0, -1
GPS, 3, 257491600, 2004, 4, 11.1, 39.9200537, -105.1129618, -0.21, 1689.17, 0.19, 160.22, 0, 632353
ATT, 632354, 0, 0.67, 0, -0.7, 124.79, 124.79, 0, 0.01
RCIN, 632355, 900, 900, 900, 900, 900, 900, 900, 900, 0, 0, 0, 0, 0, 0
CTUN, 632434, 0, 0, 0, -0.2300394, -0.23, 0.24, 0, 0, 0, -1
DU32, 7, 655577
CURR, 632435, 0, 0, 0, 0, 4752, 0
ATT, 632452, 0, 0.67, 0, -0.7, 124.8, 124.8, 0, 0.05
RCIN, 632453, 900, 900, 900, 900, 900, 900, 900, 900, 0, 0, 0, 0, 0, 0
CTUN, 632534, 0, 0, 0, -0.2030044, -0.2, -0.58, 0, 0, 0, -1
GPS, 3, 257491800, 2004, 4, 11.11, 39.9200527, -105.112961, -0.2, 1688.79, 0.22, 160.22, 0, 632553
ATT, 632554, 0, 0.67, 0, -0.7, 124.82, 124.82, 0, 0
RCIN, 632554, 900, 900, 900, 900, 900, 900, 900, 900, 0, 0, 0, 0, 0, 0
RAD, 632603, 158, 158, 94, 24, 54, 51, 105
RAD, 632604, 158, 158, 94, 24, 54, 51, 105
CTUN, 632634, 0, 0, 0, -0.2274637, -0.22, 0.18, 0, 0, 0, -1
ATT, 632653, 0, 0.67, 0, -0.7, 124.82, 124.82, 0, 0.01
RCIN, 632653, 900, 900, 900, 900, 900, 900, 900, 900, 0, 0, 0, 0, 0, 0
CTUN, 632735, 0, 0, 0, -0.2043282, -0.2, -0.13, 0, 0, 0, -1
GPS, 3, 257492000, 2004, 4, 11.11, 39.920051, -105.1129604, -0.2, 1688.4, 0.26, 160.22, 0, 632753
ATT, 632754, 0, 0.67, 0, -0.7, 124.82, 124.82, 0, 0.01
RCIN, 632754, 900, 900, 900, 900, 900, 900, 900, 900, 0, 0, 0, 0, 0, 0
CTUN, 632833, 0, 0, 0, -0.2014175, -0.2, 0.27, 0, 0, 0, -1
ATT, 632853, 0, 0.67, 0, -0.7, 124.81, 124.81, 0, 0.01
RCIN, 632853, 900, 900, 900, 900, 900, 900, 900, 900, 0, 0, 0, 0, 0, 0
CTUN, 632935, 0, 0, 0, -0.173892, -0.17, -0.26, 0, 0, 0, 0
ATT, 632954, 0, 0.67, 0, -0.7, 124.82, 124.82, 0, 0.02
RCIN, 632954, 900, 900, 900, 900, 900, 900, 900, 900, 0, 0, 0, 0, 0, 0
GPS, 3, 257492200, 2004, 4, 11.12, 39.9200493, -105.1129604, -0.17, 1688.03, 0.21, 160.22, 0, 632972
CTUN, 633034, 0, 0, 0, -0.1801805, -0.18, -0.26, 0, 0, 0, 0
ATT, 633053, 0, 0.67, 0, -0.7, 124.81, 124.81, 0, 0.02
RCIN, 633053, 900, 900, 900, 900, 900, 900, 900, 900, 0, 0, 0, 0, 0, 0
CTUN, 633135, 0, 0, 0, -0.1861973, -0.18, -0.35, 0, 0, 0, 0
GPS, 3, 257492400, 2004, 4, 11.13, 39.9200472, -105.1129623, -0.18, 1687.72, 0.03, 160.22, 0, 633153
ATT, 633154, 0, 0.67, 0, -0.7, 124.8, 124.8, 0, 0.01
RCIN, 633155, 900, 900, 900, 900, 900, 900, 900, 900, 0, 0, 0, 0, 0, 0
CTUN, 633234, 0, 0, 0, -0.1972125, -0.19, -0.49, 0, 0, 0, 0
ATT, 633252, 0, 0.67, 0, -0.7, 124.79, 124.79, 0, 0.02
RCIN, 633253, 900, 900, 900, 900, 900, 900, 900, 900, 0, 0, 0, 0, 0, 0
CTUN, 633335, 0, 0, 0, -0.2159375, -0.21, -0.09, 0, 0, 0, -1
ATT, 633354, 0, 0.67, 0, -0.7, 124.79, 124.79, 0, 0.02
RCIN, 633354, 900, 900, 900, 900, 900, 900, 900, 900, 0, 0, 0, 0, 0, 0
GPS, 3, 257492600, 2004, 4, 11.13, 39.9200451, -105.1129628, -0.21, 1687.4, 0.12, 160.22, 0, 633372
CTUN, 633434, 0, 0, 0, -0.2101786, -0.21, -0.09, 0, 0, 0, -1
DU32, 7, 655577
CURR, 633435, 0, 0, 0, 0, 4752, 0
ATT, 633452, 0, 0.67, 0, -0.69, 124.78, 124.78, 0, 0
RCIN, 633453, 900, 900, 900, 900, 900, 900, 900, 900, 0, 0, 0, 0, 0, 0
CTUN, 633534, 0, 0, 0, -0.2041854, -0.2, -0.26, 0, 0, 0, 0
GPS, 3, 257492800, 2004, 4, 11.14, 39.9200448, -105.1129615, -0.2, 1687.03, 0.03, 160.22, 0, 633553
ATT, 633554, 0, 0.67, 0, -0.7, 124.78, 124.78, 0, 0
RCIN, 633555, 900, 900, 900, 900, 900, 900, 900, 900, 0, 0, 0, 0, 0, 0
RAD, 633583, 164, 160, 94, 26, 52, 51, 106
RAD, 633583, 164, 160, 94, 26, 52, 51, 106
CTUN, 633633, 0, 0, 0, -0.2091712, -0.2, 0.12, 0, 0, 0, -1
ATT, 633653, 0, 0.66, 0, -0.7, 124.78, 124.78, 0, 0.03
RCIN, 633653, 900, 900, 900, 900, 900, 900, 900, 900, 0, 0, 0, 0, 0, 0
CTUN, 633735, 0, 0, 0, -0.1899265, -0.18, 0.01, 0, 0, 0, 0
ATT, 633754, 0, 0.66, 0, -0.7, 124.79, 124.79, 0, 0
RCIN, 633754, 900, 900, 900, 900, 900, 900, 900, 900, 0, 0, 0, 0, 0, 0
GPS, 3, 257493000, 2004, 4, 11.14, 39.9200429, -105.1129621, -0.18, 1686.71, 0.18, 160.22, 0, 633772
CTUN, 633834, 0, 0, 0, -0.1784063, -0.17, 0, 0, 0, 0, 0
ATT, 633853, 0, 0.66, 0, -0.7, 124.79, 124.79, 0, 0.04
RCIN, 633853, 900, 900, 900, 900, 900, 900, 900, 900, 0, 0, 0, 0, 0, 0
CTUN, 633935, 0, 0, 0, -0.1685586, -0.16, -0.53, 0, 0, 0, 0
GPS, 3, 257493200, 2004, 4, 11.15, 39.9200406, -105.1129632, -0.17, 1686.44, 0.31, 160.22, 0, 633953
ATT, 633954, 0, 0.66, 0, -0.7, 124.81, 124.81, 0, 0.01
RCIN, 633955, 900, 900, 900, 900, 900, 900, 900, 900, 0, 0, 0, 0, 0, 0
CTUN, 634036, 0, 0, 0, -0.1918052, -0.19, -0.37, 0, 0, 0, 0
ATT, 634055, 0, 0.66, 0, -0.7, 124.81, 124.81, 0, 0
RCIN, 634055, 900, 900, 900, 900, 900, 900, 900, 900, 0, 0, 0, 0, 0, 0
CTUN, 634136, 0, 0, 0, -0.2039775, -0.2, -0.17, 0, 0, 0, -1
ATT, 634155, 0, 0.66, 0, -0.7, 124.81, 124.81, 0, 0.01
RCIN, 634155, 900, 900, 900, 900, 900, 900, 900, 900, 0, 0, 0, 0, 0, 0
GPS, 3, 257493400, 2004, 4, 11.15, 39.9200396, -105.1129625, -0.2, 1686.17, 0.29, 160.22, 0, 634173
CTUN, 634234, 0, 0, 0, -0.2031723, -0.2, -0.04, 0, 0, 0, -1
ATT, 634253, 0, 0.67, 0, -0.7, 124.8, 124.8, 0, 0
RCIN, 634253, 900, 900, 900, 900, 900, 900, 900, 900, 0, 0, 0, 0, 0, 0
CTUN, 634336, 0, 0, 0, -0.1943625, -0.19, -0.43, 0, 0, 0, 0
GPS, 3, 257493600, 2004, 4, 11.16, 39.9200394, -105.1129609, -0.19, 1685.9, 0.22, 160.22, 0, 634355
ATT, 634356, 0, 0.67, 0, -0.7, 124.81, 124.81, 0, 0
RCIN, 634356, 900, 900, 900, 900, 900, 900, 900, 900, 0, 0, 0, 0, 0, 0
CTUN, 634434, 0, 0, 0, -0.209717, -0.2, -0.27, 0, 0, 0, -1
DU32, 7, 655577
CURR, 634435, 0, 0, 0, 0, 4732, 0
ATT, 634454, 0, 0.66, 0, -0.7, 124.81, 124.81, 0, 0
RCIN, 634454, 900, 900, 900, 900, 900, 900, 900, 900, 0, 0, 0, 0, 0, 0
RAD, 634484, 162, 156, 98, 21, 25, 51, 109
RAD, 634484, 162, 156, 98, 21, 25, 51, 109
CTUN, 634537, 0, 0, 0, -0.2148872, -0.21, 0.25, 0, 0, 0, -1
GPS, 3, 257493800, 2004, 4, 11.16, 39.9200366, -105.1129601, -0.2, 1685.63, 0.28, 160.22, 0, 634555
ATT, 634556, 0, 0.67, 0, -0.7, 124.81, 124.81, 0, 0.02
RCIN, 634556, 900, 900, 900, 900, 900, 900, 900, 900, 0, 0, 0, 0, 0, 0
CTUN, 634635, 0, 0, 0, -0.1881232, -0.18, -0.56, 0, 0, 0, 0
ATT, 634654, 0, 0.67, 0, -0.7, 124.81, 124.81, 0, 0.01
RCIN, 634654, 900, 900, 900, 900, 900, 900, 900, 900, 0, 0, 0, 0, 0, 0
CTUN, 634735, 0, 0, 0, -0.2115514, -0.21, 0.2, 0, 0, 0, -1
GPS, 3, 257494000, 2004, 4, 11.17, 39.9200353, -105.1129596, -0.2, 1685.37, 0.26, 160.22, 0, 634753
ATT, 634754, 0, 0.67, 0, -0.7, 124.81, 124.81, 0, 0.06
RCIN, 634754, 900, 900, 900, 900, 900, 900, 900, 900, 0, 0, 0, 0, 0, 0
CTUN, 634835, 0, 0, 0, -0.1871976, -0.18, -0.02, 0, 0, 0, 0
ATT, 634854, 0, 0.66, 0, -0.7, 124.84, 124.84, 0, 0
RCIN, 634854, 900, 900, 900, 900, 900, 900, 900, 900, 0, 0, 0, 0, 0, 0
CTUN, 634935, 0, 0, 0, -0.1778212, -0.17, 0.1, 0, 0, 0, 0
GPS, 3, 257494200, 2004, 4, 11.17, 39.9200351, -105.1129597, -0.17, 1685.13, 0.26, 160.22, 0, 634954
ATT, 634955, 0, 0.66, 0, -0.7, 124.84, 124.84, 0, 0.02
RCIN, 634955, 900, 900, 900, 900, 900, 900, 900, 900, 0, 0, 0, 0, 0, 0
CTUN, 635034, 0, 0, 0, -0.1611934, -0.16, -0.25, 0, 0, 0, 0
ATT, 635054, 0, 0.66, 0, -0.7, 124.83, 124.83, 0, 0.01
RCIN, 635055, 900, 900, 900, 900, 900, 900, 900, 900, 0, 0, 0, 0, 0, 0
CTUN, 635136, 0, 0, 0, -0.1667641, -0.16, -0.01, 0, 0, 0, 0
GPS, 3, 257494400, 2004, 4, 11.18, 39.920034, -105.11296, -0.16, 1684.9, 0.34, 160.22, 0, 635154
ATT, 635155, 0, 0.66, 0, -0.7, 124.84, 124.84, 0, 0.01
RCIN, 635155, 900, 900, 900, 900, 900, 900, 900, 900, 0, 0, 0, 0, 0, 0
CTUN, 635234, 0, 0, 0, -0.1574178, -0.15, -0.65, 0, 0, 0, 0
ATT, 635253, 0, 0.66, 0, -0.71, 124.84, 124.84, 0, 0.01
RCIN, 635253, 900, 900, 900, 900, 900, 900, 900, 900, 0, 0, 0, 0, 0, 0
CTUN, 635336, 0, 0, 0, -0.1877044, -0.18, -0.25, 0, 0, 0, 0
GPS, 3, 257494600, 2004, 4, 11.18, 39.920032, -105.1129589, -0.18, 1684.63, 0.29, 160.22, 0, 635355
ATT, 635356, 0, 0.66, 0, -0.71, 124.83, 124.83, 0, 0
RCIN, 635356, 900, 900, 900, 900, 900, 900, 900, 900, 0, 0, 0, 0, 0, 0
CTUN, 635434, 0, 0, 0, -0.1919847, -0.19, 0.51, 0, 0, 0, 0
DU32, 7, 655577
CURR, 635435, 0, 0, 0, 0, 4732, 0
ATT, 635453, 0, 0.66, 0, -0.71, 124.83, 124.83, 0, 0.03
RCIN, 635453, 900, 900, 900, 900, 900, 900, 900, 900, 0, 0, 0, 0, 0, 0
RAD, 635484, 160, 161, 100, 21, 53, 51, 109
RAD, 635484, 160, 161, 100, 21, 53, 51, 109
CTUN, 635535, 0, 0, 0, -0.1500921, -0.15, 0.04, 0, 0, 0, 0
GPS, 3, 257494800, 2004, 4, 11.19, 39.9200302, -105.1129597, -0.14, 1684.4, 0.36, 160.22, 0, 635555
ATT, 635556, 0, 0.66, 0, -0.71, 124.85, 124.85, 0, 0.02
RCIN, 635556, 900, 900, 900, 900, 900, 900, 900, 900, 0, 0, 0, 0, 0, 0
CTUN, 635635, 0, 0, 0, -0.137649, -0.13, 0.02, 0, 0, 0, 0
ATT, 635654, 0, 0.66, 0, -0.71, 124.86, 124.86, 0, 0.03
RCIN, 635654, 900, 900, 900, 900, 900, 900, 900, 900, 0, 0, 0, 0, 0, 0
CTUN, 635735, 0, 0, 0, -0.1273599, -0.12, -0.34, 0, 0, 0, 0
GPS, 3, 257495000, 2004, 4, 11.19, 39.9200253, -105.1129624, -0.12, 1684.16, 0.57, 160.22, 0, 635753
ATT, 635754, 0, 0.65, 0, -0.71, 124.88, 124.88, 0, 0
RCIN, 635754, 900, 900, 900, 900, 900, 900, 900, 900, 0, 0, 0, 0, 0, 0
CTUN, 635835, 0, 0, 0, -0.1395268, -0.13, -0.23, 0, 0, 0, 0
ATT, 635854, 0, 0.65, 0, -0.71, 124.87, 124.87, 0, 0
RCIN, 635854, 900, 900, 900, 900, 900, 900, 900, 900, 0, 0, 0, 0, 0, 0
CTUN, 635935, 0, 0, 0, -0.1448953, -0.14, -0.21, 0, 0, 0, 0
GPS, 3, 257495200, 2004, 4, 11.2, 39.9200237, -105.1129621, -0.14, 1683.9, 0.45, 160.22, 0, 635954
ATT, 635955, 0, 0.65, 0, -0.71, 124.87, 124.87, 0, 0.01
RCIN, 635955, 900, 900, 900, 900, 900, 900, 900, 900, 0, 0, 0, 0, 0, 0
CTUN, 636035, 0, 0, 0, -0.1485538, -0.14, 0, 0, 0, 0, 0
ATT, 636053, 0, 0.66, 0, -0.7, 124.87, 124.87, 0, 0.03
RCIN, 636053, 900, 900, 900, 900, 900, 900, 900, 900, 0, 0, 0, 0, 0, 0
CTUN, 636135, 0, 0, 0, -0.139291, -0.13, -0.42, 0, 0, 0, 0
GPS, 3, 257495400, 2004, 4, 11.21, 39.920021, -105.112962, -0.14, 1683.68, 0.39, 160.22, 0, 636154
ATT, 636155, 0, 0.66, 0, -0.7, 124.88, 124.88, 0, 0.03
RCIN, 636156, 900, 900, 900, 900, 900, 900, 900, 900, 0, 0, 0, 0, 0, 0
CTUN, 636235, 0, 0, 0, -0.1557771, -0.15, -0.19, 0, 0, 0, 0
ATT, 636253, 0, 0.66, 0, -0.7, 124.87, 124.87, 0, 0.01
RCIN, 636253, 900, 900, 900, 900, 900, 900, 900, 900, 0, 0, 0, 0, 0, 0
CTUN, 636336, 0, 0, 0, -0.1580946, -0.15, 0.3, 0, 0, 0, 0
GPS, 3, 257495600, 2004, 4, 11.21, 39.920018, -105.1129631, -0.15, 1683.48, 0.45, 160.22, 0, 636354
ATT, 636355, 0, 0.66, 0, -0.7, 124.87, 124.87, 0, 0.03
RCIN, 636356, 900, 900, 900, 900, 900, 900, 900, 900, 0, 0, 0, 0, 0, 0
CTUN, 636435, 0, 0, 0, -0.1298954, -0.12, -0.36, 0, 0, 0, 0
DU32, 7, 655577
CURR, 636436, 0, 0, 0, 0, 4752, 0
EV, 10
MODE, AltHold, 763
CTUN, 659480, 0, 0, 0, -0.01254004, -0.01, 0.38, 0, 0, 0, 0
DU32, 7, 655577
CURR, 659481, 0, 0, 0, 0, 4712, 0
PM, 7, 1000, 39464, 10, 0, 0, 255
ATT, 659500, 0, 0.84, 0, -0.46, 124.57, 124.57, 0, 0.01
RCIN, 659501, 900, 900, 900, 900, 900, 900, 900, 900, 0, 0, 0, 0, 0, 0
RAD, 659509, 161, 168, 91, 54, 60, 52, 118
RAD, 659510, 161, 168, 91, 54, 60, 52, 118
GPS, 3, 257518800, 2004, 4, 11.87, 39.9200814, -105.1128515, 0, 1683.19, 0.06, 171.4, 0, 659560
RAD, 659570, 161, 168, 98, 20, 60, 52, 118
RAD, 659570, 161, 168, 98, 20, 60, 52, 118
CTUN, 659580, 0, 0, 0, 0.01103559, 0.01, 0.67, 0, 0, 0, 0
ATT, 659601, 0, 0.84, 0, -0.46, 124.58, 124.58, 0, 0.04
RCIN, 659601, 900, 900, 900, 900, 900, 900, 900, 900, 0, 0, 0, 0, 0, 0
CTUN, 659681, 0, 0, 0, 0.05096862, 0.05, 0.08, 0, 0, 0, 0
ATT, 659700, 0, 0.84, 0, -0.46, 124.6, 124.6, 0, 0.02
RCIN, 659700, 900, 900, 900, 900, 900, 900, 900, 900, 0, 0, 0, 0, 0, 0
GPS, 3, 257519000, 2004, 4, 11.88, 39.9200718, -105.1128591, 0.05, 1682.12, 0.11, 171.4, 0, 659779
CTUN, 659781, 0, 0, 0, 0.05357417, 0.05, 0.07, 0, 0, 0, 0
ATT, 659800, 0, 0.84, 0, -0.46, 124.59, 124.59, 0, 0.01
RCIN, 659800, 900, 900, 900, 900, 900, 900, 900, 900, 0, 0, 0, 0, 0, 0
CTUN, 659880, 0, 0, 0, 0.05539765, 0.05, 0.26, 0, 0, 0, 0
ATT, 659901, 0, 0.84, 0, -0.47, 124.59, 124.59, 0, 0.02
RCIN, 659901, 900, 900, 900, 900, 900, 900, 900, 900, 0, 0, 0, 0, 0, 0
GPS, 3, 257519200, 2004, 4, 11.88, 39.9200615, -105.1128674, 0.06, 1681.05, 0.21, 171.4, 0, 659979
CTUN, 659981, 0, 0, 0, 0.068643, 0.06, 0.5, 0, 0, 0, 0
ATT, 660000, 0, 0.83, 0, -0.47, 124.58, 124.58, 0, 0.01
RCIN, 660000, 900, 900, 900, 900, 900, 900, 900, 900, 0, 0, 0, 0, 0, 0
CTUN, 660080, 0, 0, 0, 0.09574608, 0.09, 0.41, 0, 0, 0, 1
ATT, 660100, 0, 0.83, 0, -0.47, 124.58, 124.58, 0, 0.01
RCIN, 660100, 900, 900, 900, 900, 900, 900, 900, 900, 0, 0, 0, 0, 0, 0
GPS, 3, 257519400, 2004, 4, 11.89, 39.9200534, -105.1128728, 0.11, 1680.05, 0.18, 171.4, 0, 660180
CTUN, 660182, 0, 0, 0, 0.11663, 0.11, 0.21, 0, 0, 0, 1
ATT, 660200, 0, 0.83, 0, -0.47, 124.57, 124.57, 0, 0.02
RCIN, 660200, 900, 900, 900, 900, 900, 900, 900, 900, 0, 0, 0, 0, 0, 0
CTUN, 660280, 0, 0, 0, 0.1247916, 0.12, 0.34, 0, 0, 0, 1
ATT, 660300, 0, 0.83, 0, -0.48, 124.56, 124.56, 0, 0.05
RCIN, 660300, 900, 900, 900, 900, 900, 900, 900, 900, 0, 0, 0, 0, 0, 0
GPS, 3, 257519600, 2004, 4, 11.9, 39.9200447, -105.1128798, 0.13, 1679, 0.14, 171.4, 0, 660360
CTUN, 660381, 0, 0, 0, 0.1400785, 0.14, 0.61, 0, 0, 0, 2
ATT, 660400, 0, 0.82, 0, -0.48, 124.59, 124.59, 0, 0.02
RCIN, 660401, 900, 900, 900, 900, 900, 900, 900, 900, 0, 0, 0, 0, 0, 0
CTUN, 660480, 0, 0, 0, 0.1711815, 0.17, 0.3, 0, 0, 0, 2
DU32, 7, 655577
CURR, 660481, 0, 0, 0, 0, 4752, 0
ATT, 660500, 0, 0.82, 0, -0.48, 124.6, 124.6, 0, 0.01
RCIN, 660500, 900, 900, 900, 900, 900, 900, 900, 900, 0, 0, 0, 0, 0, 0
RAD, 660549, 164, 164, 100, 25, 77, 53, 120
RAD, 660550, 164, 164, 100, 25, 77, 53, 120
GPS, 3, 257519800, 2004, 4, 11.9, 39.9200346, -105.1128885, 0.18, 1678.02, 0.29, 171.4, 0, 660579
CTUN, 660581, 0, 0, 0, 0.1820752, 0.18, 0.38, 0, 0, 0, 2
ATT, 660600, 0, 0.82, 0, -0.48, 124.59, 124.59, 0, 0.02
RCIN, 660601, 900, 900, 900, 900, 900, 900, 900, 900, 0, 0, 0, 0, 0, 0
CTUN, 660681, 0, 0, 0, 0.1973271, 0.19, 0.01, 0, 0, 0, 3
ATT, 660701, 0, 0.82, 0, -0.48, 124.61, 124.61, 0, 0.02
RCIN, 660701, 900, 900, 900, 900, 900, 900, 900, 900, 0, 0, 0, 0, 0, 0
GPS, 3, 257520000, 2004, 4, 11.91, 39.9200261, -105.1128949, 0.18, 1677.02, 0.14, 171.4, 0, 660779
CTUN, 660781, 0, 0, 0, 0.1896193, 0.18, 0.27, 0, 0, 0, 2
ATT, 660800, 0, 0.82, 0, -0.48, 124.62, 124.62, 0, 0.02
RCIN, 660800, 900, 900, 900, 900, 900, 900, 900, 900, 0, 0, 0, 0, 0, 0
CTUN, 660880, 0, 0, 0, 0.1981298, 0.19, 0.04, 0, 0, 0, 3
ATT, 660900, 0, 0.82, 0, -0.48, 124.61, 124.61, 0, 0.01
RCIN, 660900, 900, 900, 900, 900, 900, 900, 900, 900, 0, 0, 0, 0, 0, 0
GPS, 3, 257520200, 2004, 4, 11.91, 39.9200161, -105.1129034, 0.19, 1676.01, 0.18, 171.4, 0, 660979
CTUN, 660981, 0, 0, 0, 0.1921002, 0.19, 0.16, 0, 0, 0, 2
ATT, 661000, 0, 0.82, 0, -0.48, 124.61, 124.61, 0, 0.04
RCIN, 661000, 900, 900, 900, 900, 900, 900, 900, 900, 0, 0, 0, 0, 0, 0
CTUN, 661080, 0, 0, 0, 0.1939023, 0.19, 0.28, 0, 0, 0, 2
ATT, 661100, 0, 0.82, 0, -0.49, 124.63, 124.63, 0, 0
RCIN, 661101, 900, 900, 900, 900, 900, 900, 900, 900, 0, 0, 0, 0, 0, 0
GPS, 3, 257520400, 2004, 4, 11.92, 39.9200071, -105.112911, 0.2, 1674.98, 0.12, 171.4, 0, 661160
CTUN, 661181, 0, 0, 0, 0.2026954, 0.2, 0.13, 0, 0, 0, 3
ATT, 661200, 0, 0.81, 0, -0.49, 124.63, 124.63, 0, 0.01
RCIN, 661200, 900, 900, 900, 900, 900, 900, 900, 900, 0, 0, 0, 0, 0, 0
CTUN, 661280, 0, 0, 0, 0.2015418, 0.2, 0.25, 0, 0, 0, 2
ATT, 661301, 0, 0.81, 0, -0.49, 124.63, 124.63, 0, 0
RCIN, 661301, 900, 900, 900, 900, 900, 900, 900, 900, 0, 0, 0, 0, 0, 0
GPS, 3, 257520600, 2004, 4, 11.93, 39.9199974, -105.1129193, 0.2, 1674.04, 0.19, 171.4, 0, 661379
CTUN, 661381, 0, 0, 0, 0.2078181, 0.2, 0.43, 0, 0, 0, 2
ATT, 661400, 0, 0.81, 0, -0.5, 124.63, 124.63, 0, 0.01
RCIN, 661400, 900, 900, 900, 900, 900, 900, 900, 900, 0, 0, 0, 0, 0, 0
CTUN, 661481, 0, 0, 0, 0.2245371, 0.22, 0.35, 0, 0, 0, 3
DU32, 7, 655577
CURR, 661481, 0, 0, 0, 0, 4732, 0
ATT, 661500, 0, 0.81, 0, -0.5, 124.62, 124.62, 0, 0
RCIN, 661500, 900, 900, 900, 900, 900, 900, 900, 900, 0, 0, 0, 0, 0, 0
GPS, 3, 257520800, 2004, 4, 11.93, 39.9199889, -105.1129255, 0.23, 1673.04, 0.08, 171.4, 0, 661560
RAD, 661570, 163, 163, 98, 44, 52, 53, 120
RAD, 661570, 163, 163, 98, 44, 52, 53, 120
CTUN, 661580, 0, 0, 0, 0.2359706, 0.23, 0.19, 0, 0, 0, 3
ATT, 661600, 0, 0.81, 0, -0.5, 124.63, 124.63, 0, 0
RCIN, 661601, 900, 900, 900, 900, 900, 900, 900, 900, 0, 0, 0, 0, 0, 0
CTUN, 661680, 0, 0, 0, 0.2369591, 0.23, 0.2, 0, 0, 0, 3
ATT, 661700, 0, 0.81, 0, -0.5, 124.63, 124.63, 0, 0.01
RCIN, 661700, 900, 900, 900, 900, 900, 900, 900, 900, 0, 0, 0, 0, 0, 0
GPS, 3, 257521000, 2004, 4, 11.94, 39.9199812, -105.1129322, 0.23, 1672.11, 0.12, 171.4, 0, 661779
CTUN, 661781, 0, 0, 0, 0.2384381, 0.23, -0.08, 0, 0, 0, 3
ATT, 661801, 0, 0.81, 0, -0.5, 124.62, 124.62, 0, 0.02
RCIN, 661801, 900, 900, 900, 900, 900, 900, 900, 900, 0, 0, 0, 0, 0, 0
CTUN, 661881, 0, 0, 0, 0.2225258, 0.22, 0.61, 0, 0, 0, 2
ATT, 661901, 0, 0.81, 0, -0.5, 124.62, 124.62, 0, 0.05
RCIN, 661901, 900, 900, 900, 900, 900, 900, 900, 900, 0, 0, 0, 0, 0, 0
GPS, 3, 257521200, 2004, 4, 11.95, 39.9199727, -105.1129386, 0.24, 1671.2, 0.12, 171.4, 0, 661979
CTUN, 661981, 0, 0, 0, 0.2496398, 0.24, 0.42, 0, 0, 0, 3
ATT, 662000, 0, 0.81, 0, -0.5, 124.64, 124.64, 0, 0
RCIN, 662000, 900, 900, 900, 900, 900, 900, 900, 900, 0, 0, 0, 0, 0, 0
CTUN, 662080, 0, 0, 0, 0.2636841, 0.26, 0.16, 0, 0, 0, 3
ATT, 662100, 0, 0.81, 0, -0.5, 124.63, 124.63, 0, 0.01
RCIN, 662100, 900, 900, 900, 900, 900, 900, 900, 900, 0, 0, 0, 0, 0, 0
GPS, 3, 257521400, 2004, 4, 11.95, 39.9199651, -105.1129438, 0.26, 1670.34, 0.07, 171.4, 0, 662179
CTUN, 662181, 0, 0, 0, 0.2614567, 0.26, 0.21, 0, 0, 0, 3
ATT, 662200, 0, 0.81, 0, -0.5, 124.63, 124.63, 0, 0.01
RCIN, 662200, 900, 900, 900, 900, 900, 900, 900, 900, 0, 0, 0, 0, 0, 0
CTUN, 662280, 0, 0, 0, 0.2623816, 0.26, 0.2, 0, 0, 0, 3
ATT, 662301, 0, 0.81, 0, -0.5, 124.62, 124.62, 0, 0
RCIN, 662301, 900, 900, 900, 900, 900, 900, 900, 900, 0, 0, 0, 0, 0, 0
GPS, 3, 257521600, 2004, 4, 11.96, 39.9199574, -105.11295, 0.26, 1669.58, 0.12, 171.4, 0, 662379
CTUN, 662381, 0, 0, 0, 0.2627477, 0.26, 0.18, 0, 0, 0, 3
ATT, 662400, 0, 0.81, 0, -0.5, 124.62, 124.62, 0, 0.02
RCIN, 662400, 900, 900, 900, 900, 900, 900, 900, 900, 0, 0, 0, 0, 0, 0
CTUN, 662482, 0, 0, 0, 0.2617519, 0.26, 0.29, 0, 0, 0, 3
DU32, 7, 655577
CURR, 662482, 0, 0, 0, 0, 4712, 0
ATT, 662500, 0, 0.81, 0, -0.5, 124.62, 124.62, 0, 0.03
RCIN, 662500, 900, 900, 900, 900, 900, 900, 900, 900, 0, 0, 0, 0, 0, 0
GPS, 3, 257521800, 2004, 4, 11.96, 39.919949, -105.1129575, 0.26, 1668.77, 0.33, 171.4, 0, 662579
CTUN, 662581, 0, 0, 0, 0.2668346, 0.26, 0.36, 0, 0, 0, 3
ATT, 662600, 0, 0.81, 0, -0.5, 124.63, 124.63, 0, 0
RCIN, 662600, 900, 900, 900, 900, 900, 900, 900, 900, 0, 0, 0, 0, 0, 0
RAD, 662629, 163, 163, 97, 22, 52, 53, 121
RAD, 662649, 163, 163, 97, 22, 52, 53, 121
CTUN, 662680, 0, 0, 0, 0.2761612, 0.27, 0.27, 0, 0, 0, 3
ATT, 662700, 0, 0.81, 0, -0.5, 124.64, 124.64, 0, 0.02
RCIN, 662700, 900, 900, 900, 900, 900, 900, 900, 900, 0, 0, 0, 0, 0, 0
GPS, 3, 257522000, 2004, 4, 11.97, 39.9199419, -105.1129625, 0.27, 1668.03, 0.26, 171.4, 0, 662779
CTUN, 662781, 0, 0, 0, 0.2793437, 0.27, 0.37, 0, 0, 0, 3
ATT, 662800, 0, 0.81, 0, -0.51, 124.65, 124.65, 0, 0.01
RCIN, 662800, 900, 900, 900, 900, 900, 900, 900, 900, 0, 0, 0, 0, 0, 0
CTUN, 662881, 0, 0, 0, 0.2888956, 0.28, -0.08, 0, 0, 0, 3
ATT, 662900, 0, 0.81, 0, -0.51, 124.65, 124.65, 0, 0.01
RCIN, 662900, 900, 900, 900, 900, 900, 900, 900, 900, 0, 0, 0, 0, 0, 0
GPS, 3, 257522200, 2004, 4, 11.98, 39.9199356, -105.1129663, 0.27, 1667.25, 0.11, 171.4, 0, 662979
CTUN, 662981, 0, 0, 0, 0.2700723, 0.27, 0.41, 0, 0, 0, 3
ATT, 663000, 0, 0.81, 0, -0.51, 124.64, 124.64, 0, 0
RCIN, 663000, 900, 900, 900, 900, 900, 900, 900, 900, 0, 0, 0, 0, 0, 0
CTUN, 663081, 0, 0, 0, 0.2823326, 0.28, 0.28, 0, 0, 0, 3
ATT, 663101, 0, 0.81, 0, -0.51, 124.64, 124.64, 0, 0
RCIN, 663101, 900, 900, 900, 900, 900, 900, 900, 900, 0, 0, 0, 0, 0, 0
GPS, 3, 257522400, 2004, 4, 11.98, 39.9199289, -105.112971, 0.28, 1666.49, 0.09, 171.4, 0, 663179
CTUN, 663181, 0, 0, 0, 0.2860498, 0.28, 0.53, 0, 0, 0, 3
ATT, 663200, 0, 0.81, 0, -0.51, 124.64, 124.64, 0, 0.01
RCIN, 663200, 900, 900, 900, 900, 900, 900, 900, 900, 0, 0, 0, 0, 0, 0
CTUN, 663281, 0, 0, 0, 0.3050091, 0.3, -0.21, 0, 0, 0, 3
ATT, 663301, 0, 0.81, 0, -0.5, 124.65, 124.65, 0, 0.03
RCIN, 663301, 900, 900, 900, 900, 900, 900, 900, 900, 0, 0, 0, 0, 0, 0
GPS, 3, 257522600, 2004, 4, 11.99, 39.9199221, -105.1129765, 0.27, 1665.76, 0.18, 171.4, 0, 663379
CTUN, 663381, 0, 0, 0, 0.2774473, 0.27, -0.03, 0, 0, 0, 3
ATT, 663400, 0, 0.81, 0, -0.5, 124.64, 124.64, 0, 0.02
RCIN, 663400, 900, 900, 900, 900, 900, 900, 900, 900, 0, 0, 0, 0, 0, 0
CTUN, 663482, 0, 0, 0, 0.2614734, 0.26, 0.13, 0, 0, 0, 2
DU32, 7, 655577
CURR, 663483, 0, 0, 0, 0, 4752, 0
ATT, 663503, 0, 0.81, 0, -0.5, 124.63, 124.63, 0, 0
RCIN, 663503, 900, 900, 900, 900, 900, 900, 900, 900, 0, 0, 0, 0, 0, 0
GPS, 3, 257522800, 2004, 4, 11.99, 39.9199148, -105.112982, 0.25, 1665.03, 0.25, 171.4, 0, 663580
CTUN, 663582, 0, 0, 0, 0.2566119, 0.25, 0.43, 0, 0, 0, 2
ATT, 663601, 0, 0.81, 0, -0.5, 124.63, 124.63, 0, 0.01
RCIN, 663601, 900, 900, 900, 900, 900, 900, 900, 900, 0, 0, 0, 0, 0, 0
RAD, 663650, 163, 159, 93, 29, 67, 53, 121
RAD, 663651, 163, 159, 93, 29, 67, 53, 121
CTUN, 663681, 0, 0, 0, 0.2703926, 0.27, 0.36, 0, 0, 0, 2
ATT, 663700, 0, 0.8, 0, -0.5, 124.64, 124.64, 0, 0
RCIN, 663700, 900, 900, 900, 900, 900, 900, 900, 900, 0, 0, 0, 0, 0, 0
GPS, 3, 257523000, 2004, 4, 12, 39.9199089, -105.112986, 0.27, 1664.3, 0.19, 171.4, 0, 663781
CTUN, 663783, 0, 0, 0, 0.2795351, 0.27, 0.3, 0, 0, 0, 2
ATT, 663801, 0, 0.81, 0, -0.5, 124.64, 124.64, 0, 0.01
RCIN, 663801, 900, 900, 900, 900, 900, 900, 900, 900, 0, 0, 0, 0, 0, 0
CTUN, 663881, 0, 0, 0, 0.2839493, 0.28, 0.23, 0, 0, 0, 2
ATT, 663900, 0, 0.8, 0, -0.5, 124.65, 124.65, 0, 0
RCIN, 663901, 900, 900, 900, 900, 900, 900, 900, 900, 0, 0, 0, 0, 0, 0
GPS, 3, 257523200, 2004, 4, 12.01, 39.919902, -105.1129916, 0.28, 1663.61, 0.22, 171.4, 0, 663981
CTUN, 663983, 0, 0, 0, 0.2841441, 0.28, 0.08, 0, 0, 0, 2
ATT, 664002, 0, 0.81, 0, -0.5, 124.65, 124.65, 0, 0.02
RCIN, 664002, 900, 900, 900, 900, 900, 900, 900, 900, 0, 0, 0, 0, 0, 0
CTUN, 664082, 0, 0, 0, 0.2751318, 0.27, -0.19, 0, 0, 0, 2
ATT, 664101, 0, 0.81, 0, -0.5, 124.63, 124.63, 0, 0.02
RCIN, 664101, 900, 900, 900, 900, 900, 900, 900, 900, 0, 0, 0, 0, 0, 0
GPS, 3, 257523400, 2004, 4, 12.01, 39.9198953, -105.1129963, 0.24, 1662.93, 0.22, 171.4, 0, 664180
CTUN, 664182, 0, 0, 0, 0.2495753, 0.24, 0.54, 0, 0, 0, 2
ATT, 664200, 0, 0.81, 0, -0.5, 124.63, 124.63, 0, 0.03
RCIN, 664200, 900, 900, 900, 900, 900, 900, 900, 900, 0, 0, 0, 0, 0, 0
CTUN, 664282, 0, 0, 0, 0.269813, 0.26, 0.2, 0, 0, 0, 2
ATT, 664301, 0, 0.81, 0, -0.5, 124.64, 124.64, 0, 0.01
RCIN, 664301, 900, 900, 900, 900, 900, 900, 900, 900, 0, 0, 0, 0, 0, 0
GPS, 3, 257523600, 2004, 4, 12.02, 39.9198874, -105.1130018, 0.26, 1662.15, 0.28, 171.4, 0, 664380
CTUN, 664382, 0, 0, 0, 0.2682482, 0.26, 0.25, 0, 0, 0, 2
ATT, 664400, 0, 0.8, 0, -0.5, 124.65, 124.65, 0, 0
RCIN, 664401, 900, 900, 900, 900, 900, 900, 900, 900, 0, 0, 0, 0, 0, 0
CTUN, 664482, 0, 0, 0, 0.2698913, 0.26, 0.15, 0, 0, 0, 2
DU32, 7, 655577
CURR, 664483, 0, 0, 0, 0, 4732, 0
ATT, 664502, 0, 0.8, 0, -0.5, 124.65, 124.65, 0, 0.02
RCIN, 664502, 900, 900, 900, 900, 900, 900, 900, 900, 0, 0, 0, 0, 0, 0
GPS, 3, 257523800, 2004, 4, 12.03, 39.9198797, -105.1130078, 0.26, 1661.39, 0.28, 171.4, 0, 664580
CTUN, 664582, 0, 0, 0, 0.2652876, 0.26, 0.15, 0, 0, 0, 2
ATT, 664601, 0, 0.81, 0, -0.51, 124.64, 124.64, 0, 0
RCIN, 664601, 900, 900, 900, 900, 900, 900, 900, 900, 0, 0, 0, 0, 0, 0
CTUN, 664681, 0, 0, 0, 0.261342, 0.26, 0, 0, 0, 0, 2
ATT, 664700, 0, 0.81, 0, -0.51, 124.64, 124.64, 0, 0.01
RCIN, 664700, 900, 900, 900, 900, 900, 900, 900, 900, 0, 0, 0, 0, 0, 0
GPS, 3, 257524000, 2004, 4, 12.03, 39.9198702, -105.113015, 0.24, 1660.64, 0.45, 171.4, 0, 664781
CTUN, 664783, 0, 0, 0, 0.2473584, 0.24, -0.07, 0, 0, 0, 1
RAD, 664792, 164, 163, 84, 27, 56, 53, 122
ATT, 664801, 0, 0.81, 0, -0.51, 124.64, 124.64, 0, 0.02
RCIN, 664801, 900, 900, 900, 900, 900, 900, 900, 900, 0, 0, 0, 0, 0, 0
RAD, 664810, 164, 163, 84, 27, 56, 53, 122
CTUN, 664881, 0, 0, 0, 0.2297617, 0.22, 0.62, 0, 0, 0, 1
ATT, 664900, 0, 0.81, 0, -0.51, 124.63, 124.63, 0, 0
RCIN, 664901, 900, 900, 900, 900, 900, 900, 900, 900, 0, 0, 0, 0, 0, 0
GPS, 3, 257524200, 2004, 4, 12.04, 39.9198609, -105.1130223, 0.25, 1659.89, 0.62, 171.4, 0, 664979
CTUN, 664981, 0, 0, 0, 0.2552021, 0.25, 0, 0, 0, 0, 1
ATT, 665002, 0, 0.81, 0, -0.51, 124.63, 124.63, 0, 0.03
RCIN, 665002, 900, 900, 900, 900, 900, 900, 900, 900, 0, 0, 0, 0, 0, 0
CTUN, 665082, 0, 0, 0, 0.2418111, 0.24, 0.21, 0, 0, 0, 1
ATT, 665101, 0, 0.81, 0, -0.51, 124.62, 124.62, 0, 0
RCIN, 665101, 900, 900, 900, 900, 900, 900, 900, 900, 0, 0, 0, 0, 0, 0
GPS, 3, 257524400, 2004, 4, 12.04, 39.9198527, -105.1130287, 0.24, 1659.14, 0.66, 171.4, 0, 665180
CTUN, 665182, 0, 0, 0, 0.2416881, 0.24, 0.22, 0, 0, 0, 1
ATT, 665200, 0, 0.81, 0, -0.51, 124.62, 124.62, 0, 0
RCIN, 665200, 900, 900, 900, 900, 900, 900, 900, 900, 0, 0, 0, 0, 0, 0
CTUN, 665282, 0, 0, 0, 0.2423834, 0.24, 0.05, 0, 0, 0, 1
ATT, 665301, 0, 0.81, 0, -0.51, 124.62, 124.62, 0, 0
RCIN, 665301, 900, 900, 900, 900, 900, 900, 900, 900, 0, 0, 0, 0, 0, 0
GPS, 3, 257524600, 2004, 4, 12.05, 39.9198467, -105.1130327, 0.23, 1658.38, 0.45, 171.4, 0, 665380
CTUN, 665382, 0, 0, 0, 0.2325761, 0.23, 0.62, 0, 0, 0, 1
ATT, 665400, 0, 0.8, 0, -0.51, 124.62, 124.62, 0, 0.03
RCIN, 665401, 900, 900, 900, 900, 900, 900, 900, 900, 0, 0, 0, 0, 0, 0
CTUN, 665480, 0, 0, 0, 0.2578461, 0.25, 0.04, 0, 0, 0, 1
DU32, 7, 655577
CURR, 665481, 0, 0, 0, 0, 4712, 0
ATT, 665500, 0, 0.8, 0, -0.51, 124.64, 124.64, 0, 0.01
RCIN, 665500, 900, 900, 900, 900, 900, 900, 900, 900, 0, 0, 0, 0, 0, 0
RAD, 665531, 164, 162, 100, 21, 58, 53, 122
RAD, 665550, 164, 162, 100, 21, 58, 53, 122
GPS, 3, 257524800, 2004, 4, 12.06, 39.9198408, -105.113036, 0.24, 1657.64, 0.28, 171.4, 0, 665580
CTUN, 665582, 0, 0, 0, 0.2469848, 0.24, 0.41, 0, 0, 0, 1
ATT, 665601, 0, 0.8, 0, -0.51, 124.64, 124.64, 0, 0.03
RCIN, 665601, 900, 900, 900, 900, 900, 900, 900, 900, 0, 0, 0, 0, 0, 0
CTUN, 665681, 0, 0, 0, 0.2584006, 0.25, 0.28, 0, 0, 0, 1
ATT, 665700, 0, 0.8, 0, -0.51, 124.65, 124.65, 0, 0.01
RCIN, 665700, 900, 900, 900, 900, 900, 900, 900, 900, 0, 0, 0, 0, 0, 0
GPS, 3, 257525000, 2004, 4, 12.06, 39.9198329, -105.1130423, 0.26, 1656.92, 0.38, 171.4, 0, 665781
CTUN, 665783, 0, 0, 0, 0.2619205, 0.26, 0.79, 0, 0, 0, 1
ATT, 665801, 0, 0.8, 0, -0.51, 124.64, 124.64, 0, 0.01
RCIN, 665801, 900, 900, 900, 900, 900, 900, 900, 900, 0, 0, 0, 0, 0, 0
CTUN, 665881, 0, 0, 0, 0.2958604, 0.29, 0.13, 0, 0, 0, 2
ATT, 665900, 0, 0.79, 0, -0.51, 124.64, 124.64, 0, 0.02
RCIN, 665901, 900, 900, 900, 900, 900, 900, 900, 900, 0, 0, 0, 0, 0, 0
GPS, 3, 257525200, 2004, 4, 12.07, 39.9198248, -105.1130483, 0.28, 1656.25, 0.51, 171.4, 0, 665979
CTUN, 665981, 0, 0, 0, 0.2888568, 0.28, 0.2, 0, 0, 0, 2
ATT, 666000, 0, 0.79, 0, -0.51, 124.65, 124.65, 0, 0.01
RCIN, 666000, 900, 900, 900, 900, 900, 900, 900, 900, 0, 0, 0, 0, 0, 0
CTUN, 666081, 0, 0, 0, 0.2859424, 0.28, -0.04, 0, 0, 0, 2
ATT, 666101, 0, 0.79, 0, -0.51, 124.65, 124.65, 0, 0
RCIN, 666101, 900, 900, 900, 900, 900, 900, 900, 900, 0, 0, 0, 0, 0, 0
GPS, 3, 257525400, 2004, 4, 12.08, 39.9198172, -105.113054, 0.26, 1655.52, 0.57, 171.4, 0, 666179
CTUN, 666181, 0, 0, 0, 0.268227, 0.26, 0.65, 0, 0, 0, 1
ATT, 666200, 0, 0.79, 0, -0.51, 124.66, 124.66, 0, 0.02
RCIN, 666200, 900, 900, 900, 900, 900, 900, 900, 900, 0, 0, 0, 0, 0, 0
CTUN, 666282, 0, 0, 0, 0.2935907, 0.29, 0.52, 0, 0, 0, 2
ATT, 666301, 0, 0.79, 0, -0.51, 124.67, 124.67, 0, 0.02
RCIN, 666301, 900, 900, 900, 900, 900, 900, 900, 900, 0, 0, 0, 0, 0, 0
GPS, 3, 257525600, 2004, 4, 12.08, 39.9198121, -105.1130576, 0.3, 1654.83, 0.39, 171.4, 0, 666380
CTUN, 666382, 0, 0, 0, 0.3095595, 0.3, 0.11, 0, 0, 0, 2
ATT, 666400, 0, 0.79, 0, -0.52, 124.66, 124.66, 0, 0
RCIN, 666400, 900, 900, 900, 900, 900, 900, 900, 900, 0, 0, 0, 0, 0, 0
CTUN, 666481, 0, 0, 0, 0.3003517, 0.3, 0.34, 0, 0, 0, 2
DU32, 7, 655577
CURR, 666481, 0, 0, 0, 0, 4732, 0
ATT, 666500, 0, 0.79, 0, -0.52, 124.66, 124.66, 0, 0.04
RCIN, 666500, 900, 900, 900, 900, 900, 900, 900, 900, 0, 0, 0, 0, 0, 0
GPS, 3, 257525800, 2004, 4, 12.09, 39.9198057, -105.1130626, 0.3, 1654.1, 0.37, 171.4, 0, 666580
CTUN, 666582, 0, 0, 0, 0.3053962, 0.3, -0.06, 0, 0, 0, 2
ATT, 666601, 0, 0.79, 0, -0.52, 124.68, 124.68, 0, 0.02
RCIN, 666601, 900, 900, 900, 900, 900, 900, 900, 900, 0, 0, 0, 0, 0, 0
RAD, 666650, 165, 161, 98, 26, 52, 53, 123
RAD, 666650, 165, 161, 98, 26, 52, 53, 123
CTUN, 666681, 0, 0, 0, 0.2858644, 0.28, 0.2, 0, 0, 0, 1
ATT, 666700, 0, 0.79, 0, -0.51, 124.67, 124.67, 0, 0.01
RCIN, 666700, 900, 900, 900, 900, 900, 900, 900, 900, 0, 0, 0, 0, 0, 0
GPS, 3, 257526000, 2004, 4, 12.09, 39.9197996, -105.1130669, 0.28, 1653.38, 0.33, 171.4, 0, 666779
CTUN, 666781, 0, 0, 0, 0.2828674, 0.28, 0.24, 0, 0, 0, 1
ATT, 666801, 0, 0.79, 0, -0.51, 124.68, 124.68, 0, 0.01
RCIN, 666801, 900, 900, 900, 900, 900, 900, 900, 900, 0, 0, 0, 0, 0, 0
CTUN, 666881, 0, 0, 0, 0.2825167, 0.28, -0.18, 0, 0, 0, 1
ATT, 666900, 0, 0.79, 0, -0.51, 124.69, 124.69, 0, 0
RCIN, 666900, 900, 900, 900, 900, 900, 900, 900, 900, 0, 0, 0, 0, 0, 0
GPS, 3, 257526200, 2004, 5, 3.46, 39.9199105, -105.1129946, 0.25, 1665.77, 0.09, 171.4, 0, 666980
ERR, 11, 2
CTUN, 666982, 0, 0, 0, 0.255899, 0.25, 0.3, 0, 0, 0, 1
ATT, 667000, 0, 0.79, 0, -0.51, 124.69, 124.69, 0, 0.02
RCIN, 667000, 900, 900, 900, 900, 900, 900, 900, 900, 0, 0, 0, 0, 0, 0
CTUN, 667081, 0, 0, 0, 0.2600461, 0.26, -0.17, 0, 0, 0, 1
ATT, 667101, 0, 0.79, 0, -0.51, 124.7, 124.7, 0, 0.01
RCIN, 667101, 900, 900, 900, 900, 900, 900, 900, 900, 0, 0, 0, 0, 0, 0
GPS, 3, 257526400, 2004, 5, 3.46, 39.9199708, -105.1129565, 0.23, 1672.64, 0.12, 171.4, 0, 667179
CTUN, 667181, 0, 0, 0, 0.2354759, 0.23, 0.48, 0, 0, 0, 0
ATT, 667201, 0, 0.79, 0, -0.51, 124.7, 124.7, 0, 0.02
RCIN, 667201, 900, 900, 900, 900, 900, 900, 900, 900, 0, 0, 0, 0, 0, 0
CTUN, 667280, 0, 0, 0, 0.2513096, 0.25, 0.32, 0, 0, 0, 1
ATT, 667300, 0, 0.8, 0, -0.51, 124.69, 124.69, 0, 0.01
RCIN, 667300, 900, 900, 900, 900, 900, 900, 900, 900, 0, 0, 0, 0, 0, 0
GPS, 3, 257526600, 2004, 5, 3.46, 39.9200088, -105.1129323, 0.25, 1677.07, 0.12, 171.4, 0, 667380
CTUN, 667382, 0, 0, 0, 0.2570944, 0.25, 0.12, 0, 0, 0, 1
ATT, 667400, 0, 0.8, 0, -0.51, 124.68, 124.68, 0, 0.02
RCIN, 667401, 900, 900, 900, 900, 900, 900, 900, 900, 0, 0, 0, 0, 0, 0
CTUN, 667480, 0, 0, 0, 0.2506034, 0.25, -0.1, 0, 0, 0, 0
DU32, 7, 655577
CURR, 667481, 0, 0, 0, 0, 4752, 0
ATT, 667500, 0, 0.8, 0, -0.51, 124.67, 124.67, 0, 0.01
RCIN, 667500, 900, 900, 900, 900, 900, 900, 900, 900, 0, 0, 0, 0, 0, 0
GPS, 3, 257526800, 2004, 5, 3.46, 39.9200343, -105.1129161, 0.22, 1680.05, 0.14, 171.4, 0, 667580
CTUN, 667582, 0, 0, 0, 0.2296181, 0.22, 0.44, 0, 0, 0, 0
ATT, 667601, 0, 0.8, 0, -0.51, 124.67, 124.67, 0, 0
RCIN, 667601, 900, 900, 900, 900, 900, 900, 900, 900, 0, 0, 0, 0, 0, 0
RAD, 667630, 164, 161, 97, 25, 49, 53, 124
RAD, 667649, 164, 161, 97, 25, 49, 53, 124
CTUN, 667681, 0, 0, 0, 0.2427838, 0.24, 0.64, 0, 0, 0, 0
ATT, 667700, 0, 0.8, 0, -0.51, 124.67, 124.67, 0, 0.02
RCIN, 667700, 900, 900, 900, 900, 900, 900, 900, 900, 0, 0, 0, 0, 0, 0
GPS, 3, 257527000, 2004, 5, 3.46, 39.9200498, -105.1129061, 0.26, 1681.93, 0.14, 171.4, 0, 667779
CTUN, 667781, 0, 0, 0, 0.2676007, 0.26, 0, 0, 0, 0, 0
ATT, 667800, 0, 0.8, 0, -0.51, 124.68, 124.68, 0, 0.02
RCIN, 667800, 900, 900, 900, 900, 900, 900, 900, 900, 0, 0, 0, 0, 0, 0
CTUN, 667881, 0, 0, 0, 0.2525238, 0.25, -0.01, 0, 0, 0, 0
ATT, 667900, 0, 0.8, 0, -0.51, 124.67, 124.67, 0, 0
RCIN, 667900, 900, 900, 900, 900, 900, 900, 900, 900, 0, 0, 0, 0, 0, 0
GPS, 3, 257527200, 2004, 5, 3.46, 39.9200621, -105.112898, 0.23, 1683.47, 0.14, 171.4, 0, 667981
CTUN, 667982, 0, 0, 0, 0.2375129, 0.23, 0.09, 0, 0, 0, 0
ATT, 668000, 0, 0.8, 0, -0.51, 124.67, 124.67, 0, 0
RCIN, 668000, 900, 900, 900, 900, 900, 900, 900, 900, 0, 0, 0, 0, 0, 0
CTUN, 668081, 0, 0, 0, 0.2296312, 0.22, 0.64, 0, 0, 0, 0
ATT, 668101, 0, 0.8, 0, -0.51, 124.67, 124.67, 0, 0.04
RCIN, 668101, 900, 900, 900, 900, 900, 900, 900, 900, 0, 0, 0, 0, 0, 0
GPS, 3, 257527400, 2004, 5, 3.46, 39.920072, -105.1128914, 0.25, 1684.67, 0.18, 171.4, 0, 668181
CTUN, 668183, 0, 0, 0, 0.2548386, 0.25, 0.5, 0, 0, 0, 0
ATT, 668200, 0, 0.8, 0, -0.51, 124.69, 124.69, 0, 0
RCIN, 668200, 900, 900, 900, 900, 900, 900, 900, 900, 0, 0, 0, 0, 0, 0
CTUN, 668281, 0, 0, 0, 0.2709723, 0.27, 0.34, 0, 0, 0, 1
ATT, 668300, 0, 0.8, 0, -0.51, 124.69, 124.69, 0, 0
RCIN, 668300, 900, 900, 900, 900, 900, 900, 900, 900, 0, 0, 0, 0, 0, 0
GPS, 3, 257527600, 2004, 5, 3.46, 39.920082, -105.1128848, 0.27, 1685.96, 0.16, 171.4, 0, 668381
CTUN, 668383, 0, 0, 0, 0.276731, 0.27, 0.04, 0, 0, 0, 1
ATT, 668400, 0, 0.8, 0, -0.51, 124.7, 124.7, 0, 0.02
RCIN, 668400, 900, 900, 900, 900, 900, 900, 900, 900, 0, 0, 0, 0, 0, 0
CTUN, 668481, 0, 0, 0, 0.2640429, 0.26, -0.09, 0, 0, 0, 0
DU32, 7, 655577
CURR, 668481, 0, 0, 0, 0, 4712, 0
ATT, 668500, 0, 0.8, 0, -0.51, 124.69, 124.69, 0, 0
RCIN, 668500, 900, 900, 900, 900, 900, 900, 900, 900, 0, 0, 0, 0, 0, 0
RAD, 668549, 164, 165, 98, 25, 52, 53, 124
RAD, 668569, 164, 165, 98, 25, 52, 53, 124
GPS, 3, 257527800, 2004, 5, 3.46, 39.9200887, -105.1128801, 0.24, 1686.92, 0.14, 171.4, 0, 668579
CTUN, 668581, 0, 0, 0, 0.2433296, 0.24, 0.44, 0, 0, 0, 0
ATT, 668600, 0, 0.8, 0, -0.51, 124.7, 124.7, 0, 0.05
RCIN, 668601, 900, 900, 900, 900, 900, 900, 900, 900, 0, 0, 0, 0, 0, 0
CTUN, 668680, 0, 0, 0, 0.2561618, 0.25, -0.19, 0, 0, 0, 0
ATT, 668700, 0, 0.8, 0, -0.51, 124.72, 124.72, 0, 0.01
RCIN, 668700, 900, 900, 900, 900, 900, 900, 900, 900, 0, 0, 0, 0, 0, 0
GPS, 3, 257528000, 2004, 5, 3.46, 39.9200958, -105.112875, 0.22, 1687.93, 0.14, 171.4, 0, 668779
CTUN, 668781, 0, 0, 0, 0.2297216, 0.22, 0.31, 0, 0, 0, 0
ATT, 668801, 0, 0.8, 0, -0.51, 124.71, 124.71, 0, 0
RCIN, 668801, 900, 900, 900, 900, 900, 900, 900, 900, 0, 0, 0, 0, 0, 0
CTUN, 668881, 0, 0, 0, 0.2351424, 0.23, -0.14, 0, 0, 0, 0
ATT, 668900, 0, 0.8, 0, -0.51, 124.71, 124.71, 0, 0.01
RCIN, 668900, 900, 900, 900, 900, 900, 900, 900, 900, 0, 0, 0, 0, 0, 0
GPS, 3, 257528200, 2004, 5, 3.46, 39.9201017, -105.1128703, 0.21, 1688.79, 0.16, 171.4, 0, 668974
CTUN, 668996, 0, 0, 0, 0.2089003, 0.2, -0.05, 0, 0, 0, 0
ATT, 669015, 0, 0.8, 0, -0.51, 124.7, 124.7, 0, 0.02
RCIN, 669015, 900, 900, 900, 900, 900, 900, 900, 900, 0, 0, 0, 0, 0, 0
CTUN, 669095, 0, 0, 0, 0.1927539, 0.19, 0.04, 0, 0, 0, 0
ATT, 669114, 0, 0.8, 0, -0.51, 124.69, 124.69, 0, 0.01
RCIN, 669114, 900, 900, 900, 900, 900, 900, 900, 900, 0, 0, 0, 0, 0, 0
GPS, 3, 257528400, 2004, 5, 3.46, 39.9201067, -105.1128658, 0.18, 1689.58, 0.22, 171.4, 0, 669173
CTUN, 669194, 0, 0, 0, 0.1832524, 0.18, 0.07, 0, 0, 0, 0
ATT, 669215, 0, 0.79, 0, -0.51, 124.69, 124.69, 0, 0.02
RCIN, 669215, 900, 900, 900, 900, 900, 900, 900, 900, 0, 0, 0, 0, 0, 0
CTUN, 669295, 0, 0, 0, 0.1755919, 0.17, 0.12, 0, 0, 0, 0
ATT, 669314, 0, 0.79, 0, -0.51, 124.68, 124.68, 0, 0.01
RCIN, 669315, 900, 900, 900, 900, 900, 900, 900, 900, 0, 0, 0, 0, 0, 0
GPS, 3, 257528600, 2004, 5, 3.46, 39.9201102, -105.1128618, 0.17, 1690.33, 0.31, 171.4, 0, 669374
CTUN, 669394, 0, 0, 0, 0.1713528, 0.17, 0.04, 0, 0, 0, 0
ATT, 669415, 0, 0.79, 0, -0.51, 124.67, 124.67, 0, 0.01
RCIN, 669415, 900, 900, 900, 900, 900, 900, 900, 900, 0, 0, 0, 0, 0, 0
CTUN, 669495, 0, 0, 0, 0.1624039, 0.16, 0.1, 0, 0, 0, -1
DU32, 7, 655577
CURR, 669496, 0, 0, 0, 0, 4712, 0
PM, 26, 1000, 23786, 10, 0, 0, 255
ATT, 669515, 0, 0.79, 0, -0.51, 124.66, 124.66, 0, 0
RCIN, 669515, 900, 900, 900, 900, 900, 900, 900, 900, 0, 0, 0, 0, 0, 0
GPS, 3, 257528800, 2004, 5, 3.46, 39.9201132, -105.112858, 0.15, 1691.02, 0.36, 171.4, 0, 669574
CTUN, 669595, 0, 0, 0, 0.1574274, 0.15, -0.19, 0, 0, 0, -1
RAD, 669605, 160, 167, 100, 53, 86, 53, 124
ATT, 669615, 0, 0.78, 0, -0.51, 124.66, 124.66, 0, 0.01
RCIN, 669615, 900, 900, 900, 900, 900, 900, 900, 900, 0, 0, 0, 0, 0, 0
RAD, 669624, 160, 167, 100, 53, 86, 53, 124
CTUN, 669694, 0, 0, 0, 0.1346288, 0.13, 0.05, 0, 0, 0, -1
ATT, 669714, 0, 0.78, 0, -0.52, 124.66, 124.66, 0, 0.01
RCIN, 669714, 900, 900, 900, 900, 900, 900, 900, 900, 0, 0, 0, 0, 0, 0
GPS, 3, 257529000, 2004, 5, 3.46, 39.9201162, -105.112854, 0.12, 1691.62, 0.44, 171.4, 0, 669774
ERR, 11, 0
CTUN, 669795, 0, 0, 0, 0.1279818, 0.12, -0.23, 0, 0, 0, -1
ATT, 669816, 0, 0.79, 0, -0.52, 124.66, 124.66, 0, 0.02
RCIN, 669816, 900, 900, 900, 900, 900, 900, 900, 900, 0, 0, 0, 0, 0, 0
CTUN, 669894, 0, 0, 0, 0.1041351, 0.1, 0.14, 0, 0, 0, -2
ATT, 669914, 0, 0.79, 0, -0.52, 124.66, 124.66, 0, 0
RCIN, 669914, 900, 900, 900, 900, 900, 900, 900, 900, 0, 0, 0, 0, 0, 0
GPS, 3, 257529200, 2004, 5, 3.46, 39.9201188, -105.1128502, 0.1, 1692.16, 0.48, 171.4, 0, 669973
CTUN, 669994, 0, 0, 0, 0.1043881, 0.1, -0.11, 0, 0, 0, -2
ATT, 670016, 0, 0.78, 0, -0.52, 124.66, 124.66, 0, 0.01
RCIN, 670016, 900, 900, 900, 900, 900, 900, 900, 900, 0, 0, 0, 0, 0, 0
CTUN, 670095, 0, 0, 0, 0.08855829, 0.08, -0.3, 0, 0, 0, -2
ATT, 670114, 0, 0.79, 0, -0.52, 124.65, 124.65, 0, 0.01
RCIN, 670114, 900, 900, 900, 900, 900, 900, 900, 900, 0, 0, 0, 0, 0, 0
GPS, 3, 257529400, 2004, 5, 3.46, 39.920121, -105.1128464, 0.06, 1692.67, 0.52, 171.4, 0, 670173
CTUN, 670194, 0, 0, 0, 0.06230678, 0.06, -0.3, 0, 0, 0, -3
ATT, 670213, 0, 0.78, 0, -0.52, 124.65, 124.65, 0, 0.01
RCIN, 670214, 900, 900, 900, 900, 900, 900, 900, 900, 0, 0, 0, 0, 0, 0
CTUN, 670295, 0, 0, 0, 0.0365582, 0.03, -0.03, 0, 0, 0, -3
ATT, 670314, 0, 0.78, 0, -0.52, 124.64, 124.64, 0, 0.01
RCIN, 670315, 900, 900, 900, 900, 900, 900, 900, 900, 0, 0, 0, 0, 0, 0
GPS, 3, 257529600, 2004, 5, 3.46, 39.9201235, -105.1128427, 0.03, 1693.31, 0.52, 171.4, 0, 670374
CTUN, 670394, 0, 0, 0, 0.02873351, 0.02, 0.01, 0, 0, 0, -3
ATT, 670414, 0, 0.78, 0, -0.52, 124.63, 124.63, 0, 0
RCIN, 670414, 900, 900, 900, 900, 900, 900, 900, 900, 0, 0, 0, 0, 0, 0
CTUN, 670494, 0, 0, 0, 0.02398598, 0.02, -0.15, 0, 0, 0, -3
DU32, 7, 655577
CURR, 670495, 0, 0, 0, 0, 4732, 0
ATT, 670515, 0, 0.78, 0, -0.52, 124.63, 124.63, 0, 0.01
RCIN, 670515, 900, 900, 900, 900, 900, 900, 900, 900, 0, 0, 0, 0, 0, 0
GPS, 3, 257529800, 2004, 5, 3.46, 39.9201259, -105.1128391, 0.01, 1693.86, 0.5, 171.4, 0, 670574
CTUN, 670595, 0, 0, 0, 0.009243507, 0, -0.16, 0, 0, 0, -3
ATT, 670614, 0, 0.78, 0, -0.52, 124.63, 124.63, 0, 0.03
RCIN, 670614, 900, 900, 900, 900, 900, 900, 900, 900, 0, 0, 0, 0, 0, 0
RAD, 670664, 166, 165, 100, 33, 78, 53, 124
RAD, 670664, 166, 165, 100, 33, 78, 53, 124
CTUN, 670694, 0, 0, 0, -0.005014868, 0, 0.15, 0, 0, 0, -3
ATT, 670713, 0, 0.78, 0, -0.53, 124.62, 124.62, 0, 0
RCIN, 670714, 900, 900, 900, 900, 900, 900, 900, 900, 0, 0, 0, 0, 0, 0
GPS, 3, 257530000, 2004, 5, 3.46, 39.9201271, -105.1128363, 0, 1694.34, 0.48, 171.4, 0, 670775
CTUN, 670795, 0, 0, 0, 0.000672636, 0, 0.08, 0, 0, 0, -3
ATT, 670814, 0, 0.78, 0, -0.53, 124.62, 124.62, 0, 0
RCIN, 670815, 900, 900, 900, 900, 900, 900, 900, 900, 0, 0, 0, 0, 0, 0
CTUN, 670894, 0, 0, 0, 0.001463709, 0, -0.12, 0, 0, 0, -3
ATT, 670914, 0, 0.78, 0, -0.53, 124.62, 124.62, 0, 0.01
RCIN, 670914, 900, 900, 900, 900, 900, 900, 900, 900, 0, 0, 0, 0, 0, 0
GPS, 3, 257530200, 2004, 5, 3.46, 39.9201289, -105.112834, 0, 1694.81, 0.39, 171.4, 0, 670974
CTUN, 670994, 0, 0, 0, -0.01015121, -0.01, -0.05, 0, 0, 0, -3
ATT, 671014, 0, 0.78, 0, -0.53, 124.61, 124.61, 0, 0
RCIN, 671014, 900, 900, 900, 900, 900, 900, 900, 900, 0, 0, 0, 0, 0, 0
CTUN, 671095, 0, 0, 0, -0.0170111, -0.01, -0.3, 0, 0, 0, -3
ATT, 671114, 0, 0.78, 0, -0.53, 124.62, 124.62, 0, 0.01
RCIN, 671114, 900, 900, 900, 900, 900, 900, 900, 900, 0, 0, 0, 0, 0, 0
GPS, 3, 257530400, 2004, 5, 3.46, 39.9201304, -105.1128313, -0.03, 1695.26, 0.32, 171.4, 0, 671173
CTUN, 671194, 0, 0, 0, -0.03882523, -0.03, -0.06, 0, 0, 0, -4
ATT, 671214, 0, 0.78, 0, -0.52, 124.61, 124.61, 0, 0
RCIN, 671214, 900, 900, 900, 900, 900, 900, 900, 900, 0, 0, 0, 0, 0, 0
CTUN, 671294, 0, 0, 0, -0.04510846, -0.04, 0.09, 0, 0, 0, -4
ATT, 671314, 0, 0.78, 0, -0.52, 124.61, 124.61, 0, 0
RCIN, 671315, 900, 900, 900, 900, 900, 900, 900, 900, 0, 0, 0, 0, 0, 0
GPS, 3, 257530600, 2004, 5, 3.46, 39.920132, -105.1128291, -0.04, 1695.7, 0.22, 171.4, 0, 671374
CTUN, 671394, 0, 0, 0, -0.04152536, -0.04, -0.29, 0, 0, 0, -4
ATT, 671414, 0, 0.78, 0, -0.52, 124.61, 124.61, 0, 0.02
RCIN, 671414, 900, 900, 900, 900, 900, 900, 900, 900, 0, 0, 0, 0, 0, 0
CTUN, 671494, 0, 0, 0, -0.0613942, -0.06, 0.14, 0, 0, 0, -4
DU32, 7, 655577
CURR, 671495, 0, 0, 0, 0, 4732, 0
ATT, 671514, 0, 0.77, 0, -0.52, 124.61, 124.61, 0, 0
RCIN, 671514, 900, 900, 900, 900, 900, 900, 900, 900, 0, 0, 0, 0, 0, 0
GPS, 3, 257530800, 2004, 5, 3.46, 39.9201335, -105.1128274, -0.05, 1696.13, 0.09, 171.4, 0, 671574
CTUN, 671595, 0, 0, 0, -0.05381465, -0.05, 0.05, 0, 0, 0, -4
ATT, 671615, 0, 0.77, 0, -0.53, 124.61, 124.61, 0, 0.02
RCIN, 671615, 900, 900, 900, 900, 900, 900, 900, 900, 0, 0, 0, 0, 0, 0
CTUN, 671694, 0, 0, 0, -0.0520766, -0.05, 0.08, 0, 0, 0, -4
RAD, 671704, 166, 167, 91, 41, 79, 53, 124
RAD, 671705, 166, 167, 91, 41, 79, 53, 124
ATT, 671714, 0, 0.77, 0, -0.53, 124.6, 124.6, 0, 0.02
RCIN, 671714, 900, 900, 900, 900, 900, 900, 900, 900, 0, 0, 0, 0, 0, 0
GPS, 3, 257531000, 2004, 5, 3.46, 39.9201352, -105.1128259, -0.04, 1696.56, 0.08, 171.4, 0, 671773
CTUN, 671794, 0, 0, 0, -0.04846489, -0.04, 0.36, 0, 0, 0, -4
ATT, 671814, 0, 0.77, 0, -0.53, 124.59, 124.59, 0, 0.07
RCIN, 671815, 900, 900, 900, 900, 900, 900, 900, 900, 0, 0, 0, 0, 0, 0
CTUN, 671894, 0, 0, 0, -0.0276853, -0.02, -0.09, 0, 0, 0, -3
ATT, 671914, 0, 0.77, 0, -0.53, 124.62, 124.62, 0, 0.02
RCIN, 671914, 900, 900, 900, 900, 900, 900, 900, 900, 0, 0, 0, 0, 0, 0
GPS, 3, 257531200, 2004, 5, 3.46, 39.9201366, -105.1128248, -0.03, 1696.98, 0.22, 171.4, 0, 671973
CTUN, 671994, 0, 0, 0, -0.03576645, -0.03, 0.72, 0, 0, 0, -3
ATT, 672014, 0, 0.77, 0, -0.53, 124.61, 124.61, 0, 0.01
RCIN, 672014, 900, 900, 900, 900, 900, 900, 900, 900, 0, 0, 0, 0, 0, 0
CTUN, 672095, 0, 0, 0, 0.006431751, 0, 0.27, 0, 0, 0, -3
ATT, 672114, 0, 0.78, 0, -0.53, 124.62, 124.62, 0, 0.01
RCIN, 672114, 900, 900, 900, 900, 900, 900, 900, 900, 0, 0, 0, 0, 0, 0
GPS, 3, 257531400, 2004, 5, 3.46, 39.9201382, -105.1128227, 0.01, 1697.33, 0.26, 171.4, 0, 672173
CTUN, 672194, 0, 0, 0, 0.01961677, 0.01, 0.28, 0, 0, 0, -2
ATT, 672214, 0, 0.78, 0, -0.53, 124.63, 124.63, 0, 0.01
RCIN, 672215, 900, 900, 900, 900, 900, 900, 900, 900, 0, 0, 0, 0, 0, 0
CTUN, 672294, 0, 0, 0, 0.03274989, 0.03, 0.05, 0, 0, 0, -2
ATT, 672314, 0, 0.78, 0, -0.53, 124.64, 124.64, 0, 0.02
RCIN, 672314, 900, 900, 900, 900, 900, 900, 900, 900, 0, 0, 0, 0, 0, 0
GPS, 3, 257531600, 2004, 5, 3.46, 39.9201391, -105.11282, 0.03, 1697.57, 0.22, 171.4, 0, 672373
CTUN, 672394, 0, 0, 0, 0.03119046, 0.03, 0, 0, 0, 0, -2
ATT, 672414, 0, 0.78, 0, -0.53, 124.65, 124.65, 0, 0
RCIN, 672414, 900, 900, 900, 900, 900, 900, 900, 900, 0, 0, 0, 0, 0, 0
CTUN, 672494, 0, 0, 0, 0.02610136, 0.02, 0.37, 0, 0, 0, -2
DU32, 7, 655577
CURR, 672495, 0, 0, 0, 0, 4732, 0
ATT, 672514, 0, 0.78, 0, -0.53, 124.65, 124.65, 0, 0.05
RCIN, 672515, 900, 900, 900, 900, 900, 900, 900, 900, 0, 0, 0, 0, 0, 0
RAD, 672564, 158, 158, 100, 25, 55, 53, 124
RAD, 672564, 158, 158, 100, 25, 55, 53, 124
GPS, 3, 257531800, 2004, 5, 3.46, 39.9201397, -105.1128178, 0.04, 1697.81, 0.19, 171.4, 0, 672573
CTUN, 672595, 0, 0, 0, 0.04444185, 0.04, 0.41, 0, 0, 0, -2
ATT, 672614, 0, 0.78, 0, -0.53, 124.68, 124.68, 0, 0.05
RCIN, 672614, 900, 900, 900, 900, 900, 900, 900, 900, 0, 0, 0, 0, 0, 0
CTUN, 672694, 0, 0, 0, 0.064592, 0.06, 0, 0, 0, 0, -1
ATT, 672714, 0, 0.78, 0, -0.53, 124.7, 124.7, 0, 0.02
RCIN, 672714, 900, 900, 900, 900, 900, 900, 900, 900, 0, 0, 0, 0, 0, 0
GPS, 3, 257532000, 2004, 5, 3.46, 39.92014, -105.1128154, 0.06, 1698.05, 0.13, 171.4, 0, 672773
CTUN, 672794, 0, 0, 0, 0.0590072, 0.05, 0.38, 0, 0, 0, -1
ATT, 672814, 0, 0.77, 0, -0.54, 124.69, 124.69, 0, 0.02
RCIN, 672814, 900, 900, 900, 900, 900, 900, 900, 900, 0, 0, 0, 0, 0, 0
CTUN, 672894, 0, 0, 0, 0.07698104, 0.07, 0.06, 0, 0, 0, -1
ATT, 672914, 0, 0.78, 0, -0.54, 124.68, 124.68, 0, 0.01
RCIN, 672915, 900, 900, 900, 900, 900, 900, 900, 900, 0, 0, 0, 0, 0, 0
GPS, 3, 257532200, 2004, 5, 3.46, 39.92014, -105.1128136, 0.07, 1698.37, 0.09, 171.4, 0, 672973
CTUN, 672994, 0, 0, 0, 0.07477763, 0.07, -0.13, 0, 0, 0, -1
ATT, 673014, 0, 0.78, 0, -0.54, 124.67, 124.67, 0, 0.02
RCIN, 673014, 900, 900, 900, 900, 900, 900, 900, 900, 0, 0, 0, 0, 0, 0
