FMT, 128, 89, FMT, BBnNZ, Type,Length,Name,Format,Columns
FMT, 129, 23, PARM, Nf, Name,Value
FMT, 130, 45, GPS, BIHBcLLeeEefI, Status,TimeMS,Week,NSats,HDop,Lat,Lng,RelAlt,Alt,Spd,GCrs,VZ,T
FMT, 131, 31, IMU, Iffffff, TimeMS,GyrX,GyrY,GyrZ,AccX,AccY,AccZ
FMT, 132, 67, MSG, Z, Message
FMT, 133, 35, RCIN, Ihhhhhhhhhhhhhh, TimeMS,C1,C2,C3,C4,C5,C6,C7,C8,C9,C10,C11,C12,C13,C14
FMT, 134, 23, RCOU, Ihhhhhhhh, TimeMS,Chan1,Chan2,Chan3,Chan4,Chan5,Chan6,Chan7,Chan8
FMT, 136, 21, BARO, Iffcf, TimeMS,Alt,Press,Temp,CRt
FMT, 137, 13, POWR, ICCH, TimeMS,Vcc,VServo,Flags
FMT, 145, 41, CMD, IHHHfffffff, TimeMS,CTot,CNum,CId,Prm1,Prm2,Prm3,Prm4,Lat,Lng,Alt
FMT, 146, 16, RAD, IBBBBBHH, TimeMS,RSSI,RemRSSI,TxBuf,Noise,RemNoise,RxErrors,Fixed
FMT, 148, 31, CAM, IHLLeeccC, GPSTime,GPSWeek,Lat,Lng,Alt,RelAlt,Roll,Pitch,Yaw
FMT, 25, 25, ATUN, BBfffff, Axis,TuneStep,RateMin,RateMax,RPGain,RDGain,SPGain
FMT, 26, 9, ATDE, cf, Angle,Rate
FMT, 9, 23, CURR, IhIhhhf, TimeMS,ThrOut,ThrInt,Volt,Curr,Vcc,CurrTot
FMT, 12, 20, OF, hhBccee, Dx,Dy,SQual,X,Y,Roll,Pitch
FMT, 5, 47, NTUN, Iffffffffff, TimeMS,DPosX,DPosY,PosX,PosY,DVelX,DVelY,VelX,VelY,DAccX,DAccY
FMT, 4, 33, CTUN, Ihhhffecchh, TimeMS,ThrIn,AngBst,ThrOut,DAlt,Alt,BarAlt,DSAlt,SAlt,DCRt,CRt
FMT, 15, 25, MAG, Ihhhhhhhhh, TimeMS,MagX,MagY,MagZ,OfsX,OfsY,OfsZ,MOfsX,MOfsY,MOfsZ
FMT, 6, 17, PM, HHIhBHB, NLon,NLoop,MaxT,PMT,I2CErr,INSErr,INAVErr
FMT, 1, 23, ATT, IccccCCCC, TimeMS,DesRoll,Roll,DesPitch,Pitch,DesYaw,Yaw,ErrRP,ErrYaw
FMT, 3, 6, MODE, Mh, Mode,ThrCrs
FMT, 10, 3, STRT, , 
FMT, 13, 4, EV, B, Id
FMT, 20, 6, D16, Bh, Id,Value
FMT, 21, 6, DU16, BH, Id,Value
FMT, 22, 8, D32, Bi, Id,Value
FMT, 23, 8, DU32, BI, Id,Value
FMT, 24, 8, DFLT, Bf, Id,Value
FMT, 19, 5, ERR, BB, Subsys,ECode
PARM, SYSID_SW_MREV, 120
PARM, SYSID_SW_TYPE, 10
PARM, SYSID_THISMAV, 1
PARM, SYSID_MYGCS, 255
PARM, SERIAL0_BAUD, 115
PARM, SERIAL1_BAUD, 57
PARM, TELEM_DELAY, 0
PARM, RTL_ALT, 1500
PARM, RNGFND_GAIN, 0.8
PARM, FS_BATT_ENABLE, 0
PARM, FS_BATT_VOLTAGE, 10.5
PARM, FS_BATT_MAH, 0
PARM, FS_GPS_ENABLE, 0
PARM, FS_GCS_ENABLE, 0
PARM, GPS_HDOP_GOOD, 230
PARM, MAG_ENABLE, 1
PARM, FLOW_ENABLE, 0
PARM, SUPER_SIMPLE, 0
PARM, RTL_ALT_FINAL, 0
PARM, RSSI_PIN, -1
PARM, RSSI_RANGE, 5
PARM, WP_YAW_BEHAVIOR, 2
PARM, RTL_LOIT_TIME, 5000
PARM, LAND_SPEED, 50
PARM, PILOT_VELZ_MAX, 250
PARM, PILOT_ACCEL_Z, 250
PARM, THR_MIN, 130
PARM, THR_MAX, 1000
PARM, FS_THR_ENABLE, 0
PARM, FS_THR_VALUE, 975
PARM, TRIM_THROTTLE, 450
PARM, THR_MID, 500
PARM, THR_DZ, 100
PARM, FLTMODE1, 0
PARM, FLTMODE2, 0
PARM, FLTMODE3, 0
PARM, FLTMODE4, 0
PARM, FLTMODE5, 0
PARM, FLTMODE6, 0
PARM, SIMPLE, 0
PARM, LOG_BITMASK, 894
PARM, ESC, 0
PARM, TUNE, 0
PARM, TUNE_LOW, 0
PARM, TUNE_HIGH, 1000
PARM, FRAME, 1
PARM, CH7_OPT, 0
PARM, CH8_OPT, 0
PARM, ARMING_CHECK, 0
PARM, ANGLE_MAX, 4500
PARM, RC_FEEL_RP, 100
PARM, PHLD_BRAKE_RATE, 8
PARM, PHLD_BRAKE_ANGLE, 3000
PARM, LAND_REPOSITION, 1
PARM, EKF_CHECK_THRESH, 0.8
PARM, DCM_CHECK_THRESH, 0.8
PARM, RC1_MIN, 1100
PARM, RC1_TRIM, 900
PARM, RC1_MAX, 1900
PARM, RC1_REV, 1
PARM, RC1_DZ, 30
PARM, RC2_MIN, 1100
PARM, RC2_TRIM, 900
PARM, RC2_MAX, 1900
PARM, RC2_REV, 1
PARM, RC2_DZ, 30
PARM, RC3_MIN, 1100
PARM, RC3_TRIM, 900
PARM, RC3_MAX, 1900
PARM, RC3_REV, 1
PARM, RC3_DZ, 30
PARM, RC4_MIN, 1100
PARM, RC4_TRIM, 900
PARM, RC4_MAX, 1900
PARM, RC4_REV, 1
PARM, RC4_DZ, 40
PARM, RC5_MIN, 1100
PARM, RC5_TRIM, 900
PARM, RC5_MAX, 1900
PARM, RC5_REV, 1
PARM, RC5_DZ, 0
PARM, RC5_FUNCTION, 0
PARM, RC6_MIN, 1100
PARM, RC6_TRIM, 900
PARM, RC6_MAX, 1900
PARM, RC6_REV, 1
PARM, RC6_DZ, 0
PARM, RC6_FUNCTION, 0
PARM, RC7_MIN, 1100
PARM, RC7_TRIM, 900
PARM, RC7_MAX, 1900
PARM, RC7_REV, 1
PARM, RC7_DZ, 0
PARM, RC7_FUNCTION, 0
PARM, RC8_MIN, 1100
PARM, RC8_TRIM, 900
PARM, RC8_MAX, 1900
PARM, RC8_REV, 1
PARM, RC8_DZ, 0
PARM, RC8_FUNCTION, 0
PARM, RC10_MIN, 1100
PARM, RC10_TRIM, 0
PARM, RC10_MAX, 1900
PARM, RC10_REV, 1
PARM, RC10_DZ, 0
PARM, RC10_FUNCTION, 0
PARM, RC11_MIN, 1100
PARM, RC11_TRIM, 0
PARM, RC11_MAX, 1900
PARM, RC11_REV, 1
PARM, RC11_DZ, 0
PARM, RC11_FUNCTION, 0
PARM, RC_SPEED, 490
PARM, ACRO_RP_P, 4.5
PARM, ACRO_YAW_P, 4.5
PARM, ACRO_BAL_ROLL, 1
PARM, ACRO_BAL_PITCH, 1
PARM, ACRO_TRAINER, 2
PARM, ACRO_EXPO, 0.3
PARM, RATE_RLL_P, 0.15
PARM, RATE_RLL_I, 0.1
PARM, RATE_RLL_D, 0.004
PARM, RATE_RLL_IMAX, 1000
PARM, RATE_PIT_P, 0.15
PARM, RATE_PIT_I, 0.1
PARM, RATE_PIT_D, 0.004
PARM, RATE_PIT_IMAX, 1000
PARM, RATE_YAW_P, 0.2
PARM, RATE_YAW_I, 0.02
PARM, RATE_YAW_D, 0
PARM, RATE_YAW_IMAX, 1000
PARM, LOITER_LAT_P, 1
PARM, LOITER_LAT_I, 0.5
PARM, LOITER_LAT_D, 0
PARM, LOITER_LAT_IMAX, 1000
PARM, LOITER_LON_P, 1
PARM, LOITER_LON_I, 0.5
PARM, LOITER_LON_D, 0
PARM, LOITER_LON_IMAX, 1000
PARM, THR_RATE_P, 5
PARM, THR_ACCEL_P, 0.5
PARM, THR_ACCEL_I, 1
PARM, THR_ACCEL_D, 0
PARM, THR_ACCEL_IMAX, 800
PARM, OF_RLL_P, 2.5
PARM, OF_RLL_I, 0.5
PARM, OF_RLL_D, 0.12
PARM, OF_RLL_IMAX, 100
PARM, OF_PIT_P, 2.5
PARM, OF_PIT_I, 0.5
PARM, OF_PIT_D, 0.12
PARM, OF_PIT_IMAX, 100
PARM, STB_RLL_P, 4.5
PARM, STB_PIT_P, 4.5
PARM, STB_YAW_P, 4.5
PARM, THR_ALT_P, 1
PARM, HLD_LAT_P, 1
PARM, CAM_TRIGG_TYPE, 0
PARM, CAM_DURATION, 10
PARM, CAM_SERVO_ON, 1300
PARM, CAM_SERVO_OFF, 1100
PARM, CAM_TRIGG_DIST, 0
PARM, RELAY_PIN, 13
PARM, RELAY_PIN2, -1
PARM, COMPASS_OFS_X, 67
PARM, COMPASS_OFS_Y, 130
PARM, COMPASS_OFS_Z, 43
PARM, COMPASS_DEC, 0
PARM, COMPASS_LEARN, 0
PARM, COMPASS_USE, 1
PARM, COMPASS_AUTODEC, 1
PARM, COMPASS_MOTCT, 0
PARM, COMPASS_MOT_X, 0
PARM, COMPASS_MOT_Y, 0
PARM, COMPASS_MOT_Z, 0
PARM, COMPASS_ORIENT, 0
PARM, COMPASS_EXTERNAL, 0
PARM, INS_PRODUCT_ID, 0
PARM, INS_ACCSCAL_X, 0.993845
PARM, INS_ACCSCAL_Y, 0.996743
PARM, INS_ACCSCAL_Z, 0.9828588
PARM, INS_ACCOFFS_X, -0.04287017
PARM, INS_ACCOFFS_Y, 0.2343776
PARM, INS_ACCOFFS_Z, -0.1386581
PARM, INS_GYROFFS_X, 0.002681833
PARM, INS_GYROFFS_Y, -0.02767503
PARM, INS_GYROFFS_Z, 0.009636511
PARM, INS_MPU6K_FILTER, 0
PARM, INAV_TC_XY, 2.5
PARM, INAV_TC_Z, 5
PARM, WPNAV_SPEED, 500
PARM, WPNAV_RADIUS, 200
PARM, WPNAV_SPEED_UP, 250
PARM, WPNAV_SPEED_DN, 150
PARM, WPNAV_LOIT_SPEED, 500
PARM, WPNAV_ACCEL, 100
PARM, WPNAV_ACCEL_Z, 100
PARM, WPNAV_LOIT_JERK, 1000
PARM, CIRCLE_RADIUS, 1000
PARM, CIRCLE_RATE, 20
PARM, ATC_RATE_RP_MAX, 18000
PARM, ATC_RATE_Y_MAX, 9000
PARM, ATC_SLEW_YAW, 1000
PARM, ATC_ACCEL_RP_MAX, 0
PARM, ATC_ACCEL_Y_MAX, 0
PARM, ATC_RATE_FF_ENAB, 0
PARM, POSCON_THR_HOVER, 450
PARM, SR0_RAW_SENS, 2
PARM, SR0_EXT_STAT, 2
PARM, SR0_RC_CHAN, 2
PARM, SR0_RAW_CTRL, 2
PARM, SR0_POSITION, 2
PARM, SR0_EXTRA1, 4
PARM, SR0_EXTRA2, 4
PARM, SR0_EXTRA3, 2
PARM, SR0_PARAMS, 0
PARM, SR1_RAW_SENS, 2
PARM, SR1_EXT_STAT, 2
PARM, SR1_RC_CHAN, 2
PARM, SR1_RAW_CTRL, 2
PARM, SR1_POSITION, 2
PARM, SR1_EXTRA1, 2
PARM, SR1_EXTRA2, 2
PARM, SR1_EXTRA3, 2
PARM, SR1_PARAMS, 0
PARM, AHRS_GPS_GAIN, 1
PARM, AHRS_GPS_USE, 1
PARM, AHRS_YAW_P, 0.1
PARM, AHRS_RP_P, 0.1
PARM, AHRS_WIND_MAX, 0
PARM, AHRS_TRIM_X, 0.003329636
PARM, AHRS_TRIM_Y, 0.006029837
PARM, AHRS_TRIM_Z, 0
PARM, AHRS_ORIENTATION, 0
PARM, AHRS_COMP_BETA, 0.1
PARM, AHRS_GPS_MINSATS, 6
PARM, MNT_MODE, 0
PARM, MNT_RETRACT_X, 0
PARM, MNT_RETRACT_Y, 0
PARM, MNT_RETRACT_Z, 0
PARM, MNT_NEUTRAL_X, 0
PARM, MNT_NEUTRAL_Y, 0
PARM, MNT_NEUTRAL_Z, 0
PARM, MNT_CONTROL_X, 0
PARM, MNT_CONTROL_Y, 0
PARM, MNT_CONTROL_Z, 0
PARM, MNT_STAB_ROLL, 0
PARM, MNT_STAB_TILT, 0
PARM, MNT_STAB_PAN, 0
PARM, MNT_RC_IN_ROLL, 0
PARM, MNT_ANGMIN_ROL, -4500
PARM, MNT_ANGMAX_ROL, 4500
PARM, MNT_RC_IN_TILT, 0
PARM, MNT_ANGMIN_TIL, -4500
PARM, MNT_ANGMAX_TIL, 4500
PARM, MNT_RC_IN_PAN, 0
PARM, MNT_ANGMIN_PAN, -4500
PARM, MNT_ANGMAX_PAN, 4500
PARM, MNT_JSTICK_SPD, 0
PARM, BATT_MONITOR, 0
PARM, BATT_VOLT_PIN, 1
PARM, BATT_CURR_PIN, 2
PARM, BATT_VOLT_MULT, 10.1
PARM, BATT_AMP_PERVOLT, 17
PARM, BATT_AMP_OFFSET, 0
PARM, BATT_CAPACITY, 3300
PARM, BATT_VOLT2_PIN, -1
PARM, BATT_VOLT2_MULT, 1
PARM, GND_ABS_PRESS, 41560.03
PARM, GND_TEMP, 33.49693
PARM, GND_ALT_OFFSET, 0
PARM, GPS_TYPE, 1
PARM, GPS_NAVFILTER, 8
PARM, SCHED_DEBUG, 0
PARM, FENCE_ENABLE, 0
PARM, FENCE_TYPE, 3
PARM, FENCE_ACTION, 1
PARM, FENCE_ALT_MAX, 100
PARM, FENCE_RADIUS, 300
PARM, FENCE_MARGIN, 2
PARM, GPSGLITCH_ENABLE, 1
PARM, GPSGLITCH_RADIUS, 200
PARM, GPSGLITCH_ACCEL, 1000
PARM, BAROGLTCH_ENABLE, 1
PARM, BAROGLTCH_DIST, 500
PARM, BAROGLTCH_ACCEL, 1500
PARM, MOT_TCRV_ENABLE, 1
PARM, MOT_TCRV_MIDPCT, 52
PARM, MOT_TCRV_MAXPCT, 93
PARM, MOT_SPIN_ARMED, 70
PARM, RCMAP_ROLL, 1
PARM, RCMAP_PITCH, 2
PARM, RCMAP_THROTTLE, 3
PARM, RCMAP_YAW, 4
PARM, MIS_TOTAL, 0
PARM, MIS_RESTART, 0
PARM, RNGFND_TYPE, 0
PARM, RNGFND_PIN, -1
PARM, RNGFND_SCALING, 3
PARM, RNGFND_OFFSET, 0
PARM, RNGFND_FUNCTION, 0
PARM, RNGFND_MIN_CM, 20
PARM, RNGFND_MAX_CM, 700
PARM, RNGFND_STOP_PIN, -1
PARM, RNGFND_SETTLE_MS, 0
PARM, RNGFND_RMETRIC, 1
MSG, ArduCopter V3.2.1 (36b405fb)
MSG, Frame: QUAD
MODE, Stabilize, 450
ATT, 27649, 0, -0.49, 0, 0.17, 267.48, 267.48, 0, 0
RCIN, 27649, 900, 900, 900, 900, 900, 900, 900, 900, 0, 0, 0, 0, 0, 0
GPS, 1, 0, 0, 0, 99.99, 0, 0, 0.41, -17, 0, 0, 0, 27654
CTUN, 27737, 0, 0, 0, 0, 0.41, 0.65, 0, 0, 0, -7
ATT, 27746, 0, -0.49, 0, 0.17, 267.48, 267.48, 0, 0
RCIN, 27746, 900, 900, 900, 900, 900, 900, 900, 900, 0, 0, 0, 0, 0, 0
GPS, 1, 0, 0, 0, 99.99, 0, 0, 0.41, -17, 0, 0, 0, 27775
CTUN, 27836, 0, 0, 0, 0, 0.4, 0.65, 0, 0, 0, -7
ATT, 27846, 0, -0.49, 0, 0.17, 267.48, 267.48, 0, 0
RCIN, 27846, 900, 900, 900, 900, 900, 900, 900, 900, 0, 0, 0, 0, 0, 0
CTUN, 27937, 0, 0, 0, 0, 0.41, 0.61, 0, 0, 0, -7
ATT, 27946, 0, -0.49, 0, 0.17, 267.48, 267.48, 0, 0
RCIN, 27946, 900, 900, 900, 900, 900, 900, 900, 900, 0, 0, 0, 0, 0, 0
GPS, 1, 0, 0, 0, 99.99, 0, 0, 0.41, -17, 0, 0, 0, 27976
CTUN, 28036, 0, 0, 0, 0, 0.41, 0.66, 0, 0, 0, -7
ATT, 28046, 0, -0.49, 0, 0.17, 267.49, 267.49, 0, 0
RCIN, 28046, 900, 900, 900, 900, 900, 900, 900, 900, 0, 0, 0, 0, 0, 0
CTUN, 28137, 0, 0, 0, 0, 0.42, 0.77, 0, 0, 0, -7
ATT, 28146, 0, -0.49, 0, 0.17, 267.48, 267.48, 0, 0
RCIN, 28147, 900, 900, 900, 900, 900, 900, 900, 900, 0, 0, 0, 0, 0, 0
GPS, 1, 0, 0, 0, 99.99, 0, 0, 0.43, -17, 0, 0, 0, 28176
CTUN, 28236, 0, 0, 0, 0, 0.43, 0.61, 0, 0, 0, -6
ATT, 28246, 0, -0.49, 0, 0.16, 267.48, 267.48, 0, 0
RCIN, 28246, 900, 900, 900, 900, 900, 900, 900, 900, 0, 0, 0, 0, 0, 0
CTUN, 28337, 0, 0, 0, 0, 0.44, 0.91, 0, 0, 0, -6
ATT, 28346, 0, -0.49, 0, 0.16, 267.48, 267.48, 0, 0
RCIN, 28346, 900, 900, 900, 900, 900, 900, 900, 900, 0, 0, 0, 0, 0, 0
GPS, 1, 0, 0, 0, 99.99, 0, 0, 0.44, -17, 0, 0, 0, 28376
CTUN, 28436, 0, 0, 0, 0, 0.46, 0.63, 0, 0, 0, -6
ATT, 28446, 0, -0.49, 0, 0.16, 267.46, 267.46, 0, 0
RCIN, 28446, 900, 900, 900, 900, 900, 900, 900, 900, 0, 0, 0, 0, 0, 0
CTUN, 28537, 0, 0, 0, 0, 0.46, 0.94, 0, 0, 0, -6
DU32, 7, 991448
CURR, 28538, 0, 0, 0, 0, 5006, 0
ATT, 28547, 0, -0.49, 0, 0.16, 267.46, 267.46, 0, 0
RCIN, 28547, 900, 900, 900, 900, 900, 900, 900, 900, 0, 0, 0, 0, 0, 0
GPS, 1, 0, 0, 0, 99.99, 0, 0, 0.47, -17, 0, 0, 0, 28576
CTUN, 28636, 0, 0, 0, 0, 0.48, 0.64, 0, 0, 0, -5
ATT, 28647, 0, -0.49, 0, 0.16, 267.46, 267.46, 0, 0
RCIN, 28647, 900, 900, 900, 900, 900, 900, 900, 900, 0, 0, 0, 0, 0, 0
CTUN, 28737, 0, 0, 0, 0, 0.49, 0.69, 0, 0, 0, -5
ATT, 28746, 0, -0.49, 0, 0.16, 267.46, 267.46, 0, 0
RCIN, 28746, 900, 900, 900, 900, 900, 900, 900, 900, 0, 0, 0, 0, 0, 0
GPS, 1, 0, 0, 0, 99.99, 0, 0, 0.49, -17, 0, 0, 0, 28776
CTUN, 28836, 0, 0, 0, 0, 0.49, 0.74, 0, 0, 0, -5
ATT, 28846, 0, -0.49, 0, 0.16, 267.46, 267.46, 0, 0
RCIN, 28846, 900, 900, 900, 900, 900, 900, 900, 900, 0, 0, 0, 0, 0, 0
CTUN, 28937, 0, 0, 0, 0, 0.5, 0.77, 0, 0, 0, -5
ATT, 28946, 0, -0.49, 0, 0.16, 267.45, 267.45, 0, 0
RCIN, 28946, 900, 900, 900, 900, 900, 900, 900, 900, 0, 0, 0, 0, 0, 0
GPS, 1, 0, 0, 0, 99.99, 0, 0, 0.5, -17, 0, 0, 0, 28976
CTUN, 29036, 0, 0, 0, 0, 0.51, 0.69, 0, 0, 0, -5
ATT, 29046, 0, -0.48, 0, 0.16, 267.45, 267.45, 0, 0
RCIN, 29046, 900, 900, 900, 900, 900, 900, 900, 900, 0, 0, 0, 0, 0, 0
CTUN, 29137, 0, 0, 0, 0, 0.52, 0.63, 0, 0, 0, -5
ATT, 29146, 0, -0.48, 0, 0.16, 267.44, 267.44, 0, 0
RCIN, 29146, 900, 900, 900, 900, 900, 900, 900, 900, 0, 0, 0, 0, 0, 0
GPS, 1, 0, 0, 0, 99.99, 0, 0, 0.52, -17, 0, 0, 0, 29176
CTUN, 29236, 0, 0, 0, 0, 0.52, 0.75, 0, 0, 0, -5
ATT, 29247, 0, -0.49, 0, 0.16, 267.44, 267.44, 0, 0
RCIN, 29247, 900, 900, 900, 900, 900, 900, 900, 900, 0, 0, 0, 0, 0, 0
CTUN, 29337, 0, 0, 0, 0, 0.53, 0.69, 0, 0, 0, -5
ATT, 29346, 0, -0.49, 0, 0.16, 267.44, 267.44, 0, 0
RCIN, 29346, 900, 900, 900, 900, 900, 900, 900, 900, 0, 0, 0, 0, 0, 0
GPS, 1, 0, 0, 0, 99.99, 0, 0, 0.53, -17, 0, 0, 0, 29376
CTUN, 29436, 0, 0, 0, 0, 0.53, 0.69, 0, 0, 0, -5
ATT, 29446, 0, -0.48, 0, 0.16, 267.44, 267.44, 0, 0
RCIN, 29446, 900, 900, 900, 900, 900, 900, 900, 900, 0, 0, 0, 0, 0, 0
CTUN, 29536, 0, 0, 0, 0, 0.53, 0.62, 0, 0, 0, -5
DU32, 7, 991448
CURR, 29537, 0, 0, 0, 0, 4984, 0
ATT, 29546, 0, -0.49, 0, 0.16, 267.44, 267.44, 0, 0
RCIN, 29546, 900, 900, 900, 900, 900, 900, 900, 900, 0, 0, 0, 0, 0, 0
GPS, 1, 0, 0, 0, 99.99, 0, 0, 0.53, -17, 0, 0, 0, 29576
CTUN, 29636, 0, 0, 0, 0, 0.53, 0.52, 0, 0, 0, -5
ATT, 29646, 0, -0.49, 0, 0.16, 267.44, 267.44, 0, 0
RCIN, 29646, 900, 900, 900, 900, 900, 900, 900, 900, 0, 0, 0, 0, 0, 0
CTUN, 29737, 0, 0, 0, 0, 0.53, 0.78, 0, 0, 0, -5
ATT, 29746, 0, -0.49, 0, 0.16, 267.44, 267.44, 0, 0
RCIN, 29747, 900, 900, 900, 900, 900, 900, 900, 900, 0, 0, 0, 0, 0, 0
GPS, 1, 0, 0, 0, 99.99, 0, 0, 0.53, -17, 0, 0, 0, 29776
CTUN, 29836, 0, 0, 0, 0, 0.54, 0.64, 0, 0, 0, -5
ATT, 29846, 0, -0.49, 0, 0.16, 267.43, 267.43, 0, 0
RCIN, 29846, 900, 900, 900, 900, 900, 900, 900, 900, 0, 0, 0, 0, 0, 0
CTUN, 29936, 0, 0, 0, 0, 0.54, 0.9, 0, 0, 0, -5
ATT, 29947, 0, -0.49, 0, 0.16, 267.43, 267.43, 0, 0
RCIN, 29947, 900, 900, 900, 900, 900, 900, 900, 900, 0, 0, 0, 0, 0, 0
GPS, 1, 0, 0, 0, 99.99, 0, 0, 0.54, -17, 0, 0, 0, 29976
CTUN, 30036, 0, 0, 0, 0, 0.55, 0.78, 0, 0, 0, -4
ATT, 30046, 0, -0.49, 0, 0.16, 267.44, 267.44, 0, 0
RCIN, 30046, 900, 900, 900, 900, 900, 900, 900, 900, 0, 0, 0, 0, 0, 0
CTUN, 30136, 0, 0, 0, 0, 0.56, 0.94, 0, 0, 0, -4
ATT, 30147, 0, -0.49, 0, 0.16, 267.43, 267.43, 0, 0
RCIN, 30147, 900, 900, 900, 900, 900, 900, 900, 900, 0, 0, 0, 0, 0, 0
GPS, 1, 0, 0, 0, 99.99, 0, 0, 0.57, -17, 0, 0, 0, 30176
CTUN, 30236, 0, 0, 0, 0, 0.58, 0.9, 0, 0, 0, -4
ATT, 30247, 0, -0.49, 0, 0.16, 267.43, 267.43, 0, 0
RCIN, 30247, 900, 900, 900, 900, 900, 900, 900, 900, 0, 0, 0, 0, 0, 0
CTUN, 30337, 0, 0, 0, 0, 0.59, 0.62, 0, 0, 0, -4
ATT, 30346, 0, -0.49, 0, 0.16, 267.43, 267.43, 0, 0
RCIN, 30347, 900, 900, 900, 900, 900, 900, 900, 900, 0, 0, 0, 0, 0, 0
GPS, 1, 0, 0, 0, 99.99, 0, 0, 0.59, -17, 0, 0, 0, 30376
CTUN, 30436, 0, 0, 0, 0, 0.59, 1.01, 0, 0, 0, -4
ATT, 30446, 0, -0.49, 0, 0.16, 267.43, 267.43, 0, 0
RCIN, 30446, 900, 900, 900, 900, 900, 900, 900, 900, 0, 0, 0, 0, 0, 0
CTUN, 30537, 0, 0, 0, 0, 0.61, 0.67, 0, 0, 0, -3
DU32, 7, 991448
CURR, 30537, 0, 0, 0, 0, 5028, 0
ATT, 30546, 0, -0.49, 0, 0.16, 267.42, 267.42, 0, 0
RCIN, 30546, 900, 900, 900, 900, 900, 900, 900, 900, 0, 0, 0, 0, 0, 0
GPS, 1, 0, 0, 0, 99.99, 0, 0, 0.61, -17, 0, 0, 0, 30576
CTUN, 30636, 0, 0, 0, 0, 0.61, 0.94, 0, 0, 0, -3
ATT, 30646, 0, -0.49, 0, 0.16, 267.42, 267.42, 0, 0
RCIN, 30646, 900, 900, 900, 900, 900, 900, 900, 900, 0, 0, 0, 0, 0, 0
CTUN, 30736, 0, 0, 0, 0, 0.63, 0.99, 0, 0, 0, -3
ATT, 30746, 0, -0.49, 0, 0.16, 267.42, 267.42, 0, 0
RCIN, 30746, 900, 900, 900, 900, 900, 900, 900, 900, 0, 0, 0, 0, 0, 0
GPS, 1, 0, 0, 0, 99.99, 0, 0, 0.64, -17, 0, 0, 0, 30776
CTUN, 30836, 0, 0, 0, 0, 0.65, 0.92, 0, 0, 0, -2
ATT, 30846, 0, -0.5, 0, 0.15, 267.42, 267.42, 0, 0
RCIN, 30846, 900, 900, 900, 900, 900, 900, 900, 900, 0, 0, 0, 0, 0, 0
CTUN, 30938, 0, 0, 0, 0, 0.66, 0.91, 0, 0, 0, -2
ATT, 30946, 0, -0.5, 0, 0.15, 267.42, 267.42, 0, 0
RCIN, 30946, 900, 900, 900, 900, 900, 900, 900, 900, 0, 0, 0, 0, 0, 0
GPS, 1, 0, 0, 0, 99.99, 0, 0, 0.66, -17, 0, 0, 0, 30976
PARM, BATT_VOLT_PIN, -1
PARM, BATT_CURR_PIN, -1
PARM, COMPASS_ORIENT, 8
PARM, COMPASS_EXTERNAL, 1
PARM, COMPASS_LEARN, 1
EV, 10
MODE, Stabilize, 450
GPS, 1, 0, 0, 0, 99.99, 0, 0, 0, -17, 0, 0, 0, 300459
CTUN, 300498, 0, 0, 0, 0, 0, 0.18, 0, 0, 0, 0
ATT, 300508, 0, -0.43, 0, 0.12, 95.16, 95.16, 0, 0
RCIN, 300508, 900, 900, 900, 900, 900, 900, 900, 900, 0, 0, 0, 0, 0, 0
CTUN, 300597, 0, 0, 0, 0, 0, 0.13, 0, 0, 0, 0
ATT, 300607, 0, -0.43, 0, 0.12, 95.16, 95.16, 0, 0
RCIN, 300607, 900, 900, 900, 900, 900, 900, 900, 900, 0, 0, 0, 0, 0, 0
GPS, 1, 0, 0, 0, 99.99, 0, 0, 0, -17, 0, 0, 0, 300677
CTUN, 300697, 0, 0, 0, 0, 0, 0.16, 0, 0, 0, 0
DU32, 7, 663768
CURR, 300698, 0, 0, 0, 0, 5028, 0
ATT, 300707, 0, -0.43, 0, 0.12, 95.16, 95.16, 0, 0
RCIN, 300707, 900, 900, 900, 900, 900, 900, 900, 900, 0, 0, 0, 0, 0, 0
CTUN, 300798, 0, 0, 0, 0, 0, 0.13, 0, 0, 0, 0
ATT, 300808, 0, -0.43, 0, 0.12, 95.16, 95.16, 0, 0
RCIN, 300808, 900, 900, 900, 900, 900, 900, 900, 900, 0, 0, 0, 0, 0, 0
GPS, 1, 0, 0, 0, 99.99, 0, 0, 0.01, -17, 0, 0, 0, 300877
CTUN, 300897, 0, 0, 0, 0, 0.01, 0.41, 0, 0, 0, 0
ATT, 300907, 0, -0.43, 0, 0.12, 95.16, 95.16, 0, 0
RCIN, 300907, 900, 900, 900, 900, 900, 900, 900, 900, 0, 0, 0, 0, 0, 0
CTUN, 300998, 0, 0, 0, 0, 0.04, 0.24, 0, 0, 0, 0
ATT, 301008, 0, -0.43, 0, 0.12, 95.16, 95.16, 0, 0
RCIN, 301008, 900, 900, 900, 900, 900, 900, 900, 900, 0, 0, 0, 0, 0, 0
GPS, 1, 0, 0, 0, 99.99, 0, 0, 0.05, -17, 0, 0, 0, 301096
CTUN, 301098, 0, 0, 0, 0, 0.05, 0.2, 0, 0, 0, 1
ATT, 301107, 0, -0.43, 0, 0.12, 95.16, 95.16, 0, 0
RCIN, 301108, 900, 900, 900, 900, 900, 900, 900, 900, 0, 0, 0, 0, 0, 0
CTUN, 301197, 0, 0, 0, 0, 0.06, -0.01, 0, 0, 0, 1
ATT, 301207, 0, -0.43, 0, 0.12, 95.16, 95.16, 0, 0
RCIN, 301207, 900, 900, 900, 900, 900, 900, 900, 900, 0, 0, 0, 0, 0, 0
GPS, 1, 0, 0, 0, 99.99, 0, 0, 0.06, -17, 0, 0, 0, 301277
CTUN, 301298, 0, 0, 0, 0, 0.06, 0.07, 0, 0, 0, 1
ATT, 301307, 0, -0.43, 0, 0.12, 95.16, 95.16, 0, 0
RCIN, 301308, 900, 900, 900, 900, 900, 900, 900, 900, 0, 0, 0, 0, 0, 0
CTUN, 301397, 0, 0, 0, 0, 0.06, 0.11, 0, 0, 0, 1
ATT, 301408, 0, -0.43, 0, 0.12, 95.16, 95.16, 0, 0
RCIN, 301408, 900, 900, 900, 900, 900, 900, 900, 900, 0, 0, 0, 0, 0, 0
GPS, 1, 0, 0, 0, 99.99, 0, 0, 0.06, -17, 0, 0, 0, 301497
CTUN, 301498, 0, 0, 0, 0, 0.06, 0.01, 0, 0, 0, 1
ATT, 301508, 0, -0.43, 0, 0.12, 95.16, 95.16, 0, 0
RCIN, 301509, 900, 900, 900, 900, 900, 900, 900, 900, 0, 0, 0, 0, 0, 0
CTUN, 301597, 0, 0, 0, 0, 0.06, 0.08, 0, 0, 0, 1
ATT, 301607, 0, -0.43, 0, 0.12, 95.16, 95.16, 0, 0
RCIN, 301607, 900, 900, 900, 900, 900, 900, 900, 900, 0, 0, 0, 0, 0, 0
GPS, 1, 0, 0, 0, 99.99, 0, 0, 0.06, -17, 0, 0, 0, 301677
CTUN, 301697, 0, 0, 0, 0, 0.06, 0.32, 0, 0, 0, 1
DU32, 7, 663768
CURR, 301698, 0, 0, 0, 0, 5006, 0
ATT, 301708, 0, -0.43, 0, 0.12, 95.16, 95.16, 0, 0
RCIN, 301708, 900, 900, 900, 900, 900, 900, 900, 900, 0, 0, 0, 0, 0, 0
CTUN, 301798, 0, 0, 0, 0, 0.08, 0.29, 0, 0, 0, 1
ATT, 301807, 0, -0.43, 0, 0.13, 95.16, 95.16, 0, 0
RCIN, 301808, 900, 900, 900, 900, 900, 900, 900, 900, 0, 0, 0, 0, 0, 0
GPS, 1, 0, 0, 0, 99.99, 0, 0, 0.09, -17, 0, 0, 0, 301877
CTUN, 301897, 0, 0, 0, 0, 0.1, -0.12, 0, 0, 0, 1
ATT, 301907, 0, -0.43, 0, 0.13, 95.16, 95.16, 0, 0
RCIN, 301908, 900, 900, 900, 900, 900, 900, 900, 900, 0, 0, 0, 0, 0, 0
CTUN, 301998, 0, 0, 0, 0, 0.08, 0.04, 0, 0, 0, 1
ATT, 302008, 0, -0.43, 0, 0.13, 95.16, 95.16, 0, 0
RCIN, 302008, 900, 900, 900, 900, 900, 900, 900, 900, 0, 0, 0, 0, 0, 0
GPS, 1, 0, 0, 0, 99.99, 0, 0, 0.08, -17, 0, 0, 0, 302077
CTUN, 302097, 0, 0, 0, 0, 0.08, 0.12, 0, 0, 0, 1
ATT, 302107, 0, -0.42, 0, 0.13, 95.16, 95.16, 0, 0
RCIN, 302107, 900, 900, 900, 900, 900, 900, 900, 900, 0, 0, 0, 0, 0, 0
CTUN, 302197, 0, 0, 0, 0, 0.09, 0.01, 0, 0, 0, 1
ATT, 302207, 0, -0.42, 0, 0.13, 95.16, 95.16, 0, 0
RCIN, 302207, 900, 900, 900, 900, 900, 900, 900, 900, 0, 0, 0, 0, 0, 0
GPS, 1, 0, 0, 0, 99.99, 0, 0, 0.09, -17, 0, 0, 0, 302277
CTUN, 302298, 0, 0, 0, 0, 0.08, 0.34, 0, 0, 0, 1
ATT, 302307, 0, -0.43, 0, 0.13, 95.16, 95.16, 0, 0
RCIN, 302308, 900, 900, 900, 900, 900, 900, 900, 900, 0, 0, 0, 0, 0, 0
CTUN, 302397, 0, 0, 0, 0, 0.1, 0.17, 0, 0, 0, 1
ATT, 302407, 0, -0.43, 0, 0.13, 95.16, 95.16, 0, 0
RCIN, 302407, 900, 900, 900, 900, 900, 900, 900, 900, 0, 0, 0, 0, 0, 0
GPS, 1, 0, 0, 0, 99.99, 0, 0, 0.11, -17, 0, 0, 0, 302477
CTUN, 302498, 0, 0, 0, 0, 0.11, 0, 0, 0, 0, 1
ATT, 302508, 0, -0.43, 0, 0.13, 95.16, 95.16, 0, 0
RCIN, 302508, 900, 900, 900, 900, 900, 900, 900, 900, 0, 0, 0, 0, 0, 0
CTUN, 302597, 0, 0, 0, 0, 0.1, 0, 0, 0, 0, 1
ATT, 302607, 0, -0.43, 0, 0.13, 95.16, 95.16, 0, 0
RCIN, 302607, 900, 900, 900, 900, 900, 900, 900, 900, 0, 0, 0, 0, 0, 0
GPS, 1, 0, 0, 0, 99.99, 0, 0, 0.1, -17, 0, 0, 0, 302677
CTUN, 302697, 0, 0, 0, 0, 0.1, 0.18, 0, 0, 0, 1
DU32, 7, 663768
CURR, 302698, 0, 0, 0, 0, 4984, 0
ATT, 302707, 0, -0.43, 0, 0.13, 95.16, 95.16, 0, 0
RCIN, 302708, 900, 900, 900, 900, 900, 900, 900, 900, 0, 0, 0, 0, 0, 0
CTUN, 302798, 0, 0, 0, 0, 0.1, 0.28, 0, 0, 0, 1
ATT, 302808, 0, -0.43, 0, 0.13, 95.16, 95.16, 0, 0
RCIN, 302808, 900, 900, 900, 900, 900, 900, 900, 900, 0, 0, 0, 0, 0, 0
GPS, 1, 0, 0, 0, 99.99, 0, 0, 0.11, -17, 0, 0, 0, 302877
CTUN, 302897, 0, 0, 0, 0, 0.12, 0.36, 0, 0, 0, 1
ATT, 302907, 0, -0.43, 0, 0.13, 95.16, 95.16, 0, 0
RCIN, 302907, 900, 900, 900, 900, 900, 900, 900, 900, 0, 0, 0, 0, 0, 0
CTUN, 302997, 0, 0, 0, 0, 0.13, 0.34, 0, 0, 0, 2
ATT, 303008, 0, -0.43, 0, 0.13, 95.16, 95.16, 0, 0
RCIN, 303008, 900, 900, 900, 900, 900, 900, 900, 900, 0, 0, 0, 0, 0, 0
GPS, 1, 0, 0, 0, 99.99, 0, 0, 0.15, -17, 0, 0, 0, 303096
CTUN, 303098, 0, 0, 0, 0, 0.15, 0.24, 0, 0, 0, 2
ATT, 303107, 0, -0.43, 0, 0.13, 95.16, 95.16, 0, 0
RCIN, 303107, 900, 900, 900, 900, 900, 900, 900, 900, 0, 0, 0, 0, 0, 0
CTUN, 303197, 0, 0, 0, 0, 0.16, 0, 0, 0, 0, 2
ATT, 303207, 0, -0.43, 0, 0.14, 95.16, 95.16, 0, 0
RCIN, 303208, 900, 900, 900, 900, 900, 900, 900, 900, 0, 0, 0, 0, 0, 0
GPS, 1, 0, 0, 0, 99.99, 0, 0, 0.15, -17, 0, 0, 0, 303277
CTUN, 303298, 0, 0, 0, 0, 0.15, 0.17, 0, 0, 0, 2
ATT, 303308, 0, -0.43, 0, 0.13, 95.16, 95.16, 0, 0
RCIN, 303308, 900, 900, 900, 900, 900, 900, 900, 900, 0, 0, 0, 0, 0, 0
CTUN, 303397, 0, 0, 0, 0, 0.15, 0.19, 0, 0, 0, 2
ATT, 303407, 0, -0.43, 0, 0.13, 95.16, 95.16, 0, 0
RCIN, 303407, 900, 900, 900, 900, 900, 900, 900, 900, 0, 0, 0, 0, 0, 0
GPS, 1, 0, 0, 0, 99.99, 0, 0, 0.16, -17, 0, 0, 0, 303477
CTUN, 303497, 0, 0, 0, 0, 0.16, 0.06, 0, 0, 0, 2
ATT, 303508, 0, -0.43, 0, 0.13, 95.16, 95.16, 0, 0
RCIN, 303508, 900, 900, 900, 900, 900, 900, 900, 900, 0, 0, 0, 0, 0, 0
CTUN, 303597, 0, 0, 0, 0, 0.16, 0.07, 0, 0, 0, 2
ATT, 303607, 0, -0.43, 0, 0.13, 95.16, 95.16, 0, 0
RCIN, 303607, 900, 900, 900, 900, 900, 900, 900, 900, 0, 0, 0, 0, 0, 0
GPS, 1, 0, 0, 0, 99.99, 0, 0, 0.15, -17, 0, 0, 0, 303677
CTUN, 303697, 0, 0, 0, 0, 0.15, 0.41, 0, 0, 0, 2
DU32, 7, 663768
CURR, 303698, 0, 0, 0, 0, 5006, 0
ATT, 303707, 0, -0.43, 0, 0.13, 95.16, 95.16, 0, 0
RCIN, 303707, 900, 900, 900, 900, 900, 900, 900, 900, 0, 0, 0, 0, 0, 0
CTUN, 303798, 0, 0, 0, 0, 0.17, 0.16, 0, 0, 0, 2
ATT, 303808, 0, -0.43, 0, 0.13, 95.16, 95.16, 0, 0
RCIN, 303808, 900, 900, 900, 900, 900, 900, 900, 900, 0, 0, 0, 0, 0, 0
GPS, 1, 0, 0, 0, 99.99, 0, 0, 0.17, -17, 0, 0, 0, 303877
CTUN, 303897, 0, 0, 0, 0, 0.17, 0.11, 0, 0, 0, 2
ATT, 303907, 0, -0.44, 0, 0.13, 95.16, 95.16, 0, 0
RCIN, 303907, 900, 900, 900, 900, 900, 900, 900, 900, 0, 0, 0, 0, 0, 0
CTUN, 303998, 0, 0, 0, 0, 0.17, 0.46, 0, 0, 0, 2
ATT, 304007, 0, -0.43, 0, 0.13, 95.16, 95.16, 0, 0
RCIN, 304007, 900, 900, 900, 900, 900, 900, 900, 900, 0, 0, 0, 0, 0, 0
GPS, 1, 0, 0, 0, 99.99, 0, 0, 0.19, -17, 0, 0, 0, 304096
CTUN, 304098, 0, 0, 0, 0, 0.19, 0.04, 0, 0, 0, 3
ATT, 304107, 0, -0.43, 0, 0.14, 95.16, 95.16, 0, 0
RCIN, 304107, 900, 900, 900, 900, 900, 900, 900, 900, 0, 0, 0, 0, 0, 0
CTUN, 304198, 0, 0, 0, 0, 0.19, 0.24, 0, 0, 0, 2
ATT, 304208, 0, -0.43, 0, 0.14, 95.16, 95.16, 0, 0
RCIN, 304208, 900, 900, 900, 900, 900, 900, 900, 900, 0, 0, 0, 0, 0, 0
GPS, 1, 0, 0, 0, 99.99, 0, 0, 0.19, -17, 0, 0, 0, 304277
CTUN, 304297, 0, 0, 0, 0, 0.19, 0.29, 0, 0, 0, 3
ATT, 304308, 0, -0.44, 0, 0.13, 95.17, 95.17, 0, 0
RCIN, 304308, 900, 900, 900, 900, 900, 900, 900, 900, 0, 0, 0, 0, 0, 0
CTUN, 304397, 0, 0, 0, 0, 0.2, 0.21, 0, 0, 0, 3
ATT, 304408, 0, -0.44, 0, 0.13, 95.17, 95.17, 0, 0
RCIN, 304408, 900, 900, 900, 900, 900, 900, 900, 900, 0, 0, 0, 0, 0, 0
GPS, 1, 0, 0, 0, 99.99, 0, 0, 0.21, -17, 0, 0, 0, 304496
CTUN, 304498, 0, 0, 0, 0, 0.21, 0, 0, 0, 0, 3
ATT, 304507, 0, -0.43, 0, 0.13, 95.17, 95.17, 0, 0
RCIN, 304507, 900, 900, 900, 900, 900, 900, 900, 900, 0, 0, 0, 0, 0, 0
CTUN, 304597, 0, 0, 0, 0, 0.2, 0.41, 0, 0, 0, 2
ATT, 304607, 0, -0.43, 0, 0.13, 95.16, 95.16, 0, 0
RCIN, 304608, 900, 900, 900, 900, 900, 900, 900, 900, 0, 0, 0, 0, 0, 0
GPS, 1, 0, 0, 0, 99.99, 0, 0, 0.21, -17, 0, 0, 0, 304696
CTUN, 304698, 0, 0, 0, 0, 0.21, 0.07, 0, 0, 0, 3
DU32, 7, 663768
CURR, 304698, 0, 0, 0, 0, 5028, 0
ATT, 304707, 0, -0.43, 0, 0.13, 95.16, 95.16, 0, 0
RCIN, 304707, 900, 900, 900, 900, 900, 900, 900, 900, 0, 0, 0, 0, 0, 0
CTUN, 304798, 0, 0, 0, 0, 0.21, 0.28, 0, 0, 0, 3
ATT, 304807, 0, -0.44, 0, 0.13, 95.16, 95.16, 0, 0
RCIN, 304807, 900, 900, 900, 900, 900, 900, 900, 900, 0, 0, 0, 0, 0, 0
GPS, 1, 0, 0, 0, 99.99, 0, 0, 0.22, -17, 0, 0, 0, 304896
CTUN, 304897, 0, 0, 0, 0, 0.22, 0.05, 0, 0, 0, 3
ATT, 304907, 0, -0.44, 0, 0.13, 95.17, 95.17, 0, 0
RCIN, 304908, 900, 900, 900, 900, 900, 900, 900, 900, 0, 0, 0, 0, 0, 0
CTUN, 304997, 0, 0, 0, 0, 0.21, 0.18, 0, 0, 0, 3
ATT, 305008, 0, -0.44, 0, 0.13, 95.17, 95.17, 0, 0
RCIN, 305008, 900, 900, 900, 900, 900, 900, 900, 900, 0, 0, 0, 0, 0, 0
GPS, 1, 0, 0, 0, 99.99, 0, 0, 0.21, -17, 0, 0, 0, 305096
CTUN, 305098, 0, 0, 0, 0, 0.21, 0.26, 0, 0, 0, 3
ATT, 305107, 0, -0.44, 0, 0.14, 95.16, 95.16, 0, 0
RCIN, 305107, 900, 900, 900, 900, 900, 900, 900, 900, 0, 0, 0, 0, 0, 0
CTUN, 305197, 0, 0, 0, 0, 0.22, 0.23, 0, 0, 0, 3
ATT, 305207, 0, -0.44, 0, 0.13, 95.17, 95.17, 0, 0
RCIN, 305207, 900, 900, 900, 900, 900, 900, 900, 900, 0, 0, 0, 0, 0, 0
GPS, 1, 0, 0, 0, 99.99, 0, 0, 0.22, -17, 0, 0, 0, 305296
CTUN, 305298, 0, 0, 0, 0, 0.22, 0.54, 0, 0, 0, 3
ATT, 305307, 0, -0.44, 0, 0.13, 95.17, 95.17, 0, 0
RCIN, 305307, 900, 900, 900, 900, 900, 900, 900, 900, 0, 0, 0, 0, 0, 0
CTUN, 305397, 0, 0, 0, 0, 0.25, 0.01, 0, 0, 0, 3
ATT, 305407, 0, -0.44, 0, 0.13, 95.16, 95.16, 0, 0
RCIN, 305407, 900, 900, 900, 900, 900, 900, 900, 900, 0, 0, 0, 0, 0, 0
GPS, 1, 0, 0, 0, 99.99, 0, 0, 0.24, -17, 0, 0, 0, 305496
CTUN, 305498, 0, 0, 0, 0, 0.24, 0.28, 0, 0, 0, 3
ATT, 305507, 0, -0.44, 0, 0.13, 95.17, 95.17, 0, 0
RCIN, 305507, 900, 900, 900, 900, 900, 900, 900, 900, 0, 0, 0, 0, 0, 0
CTUN, 305597, 0, 0, 0, 0, 0.24, 0.16, 0, 0, 0, 3
ATT, 305608, 0, -0.44, 0, 0.13, 95.17, 95.17, 0, 0
RCIN, 305608, 900, 900, 900, 900, 900, 900, 900, 900, 0, 0, 0, 0, 0, 0
GPS, 1, 0, 0, 0, 99.99, 0, 0, 0.24, -17, 0, 0, 0, 305696
CTUN, 305698, 0, 0, 0, 0, 0.24, 0.14, 0, 0, 0, 3
DU32, 7, 663768
CURR, 305698, 0, 0, 0, 0, 4962, 0
PM, 22, 1000, 1090477, 11, 0, 0, 0
ATT, 305707, 0, -0.44, 0, 0.13, 95.17, 95.17, 0, 0
RCIN, 305708, 900, 900, 900, 900, 900, 900, 900, 900, 0, 0, 0, 0, 0, 0
CTUN, 305797, 0, 0, 0, 0, 0.24, 0.42, 0, 0, 0, 3
ATT, 305807, 0, -0.44, 0, 0.14, 95.17, 95.17, 0, 0
RCIN, 305807, 900, 900, 900, 900, 900, 900, 900, 900, 0, 0, 0, 0, 0, 0
GPS, 1, 0, 0, 0, 99.99, 0, 0, 0.25, -17, 0, 0, 0, 305896
CTUN, 305897, 0, 0, 0, 0, 0.25, 0.03, 0, 0, 0, 3
ATT, 305908, 0, -0.44, 0, 0.14, 95.17, 95.17, 0, 0
RCIN, 305908, 900, 900, 900, 900, 900, 900, 900, 900, 0, 0, 0, 0, 0, 0
CTUN, 305997, 0, 0, 0, 0, 0.24, 0.28, 0, 0, 0, 3
ATT, 306007, 0, -0.44, 0, 0.14, 95.17, 95.17, 0, 0
RCIN, 306007, 900, 900, 900, 900, 900, 900, 900, 900, 0, 0, 0, 0, 0, 0
GPS, 1, 0, 0, 0, 99.99, 0, 0, 0.25, -17, 0, 0, 0, 306096
CTUN, 306098, 0, 0, 0, 0, 0.25, -0.12, 0, 0, 0, 3
ATT, 306107, 0, -0.44, 0, 0.14, 95.17, 95.17, 0, 0
RCIN, 306107, 900, 900, 900, 900, 900, 900, 900, 900, 0, 0, 0, 0, 0, 0
CTUN, 306197, 0, 0, 0, 0, 0.23, 0.4, 0, 0, 0, 3
ATT, 306208, 0, -0.44, 0, 0.14, 95.18, 95.18, 0, 0
RCIN, 306208, 900, 900, 900, 900, 900, 900, 900, 900, 0, 0, 0, 0, 0, 0
GPS, 1, 0, 0, 0, 99.99, 0, 0, 0.24, -17, 0, 0, 0, 306296
CTUN, 306298, 0, 0, 0, 0, 0.24, 0.17, 0, 0, 0, 3
ATT, 306307, 0, -0.44, 0, 0.14, 95.18, 95.18, 0, 0
RCIN, 306307, 900, 900, 900, 900, 900, 900, 900, 900, 0, 0, 0, 0, 0, 0
CTUN, 306397, 0, 0, 0, 0, 0.24, 0.25, 0, 0, 0, 3
ATT, 306407, 0, -0.44, 0, 0.14, 95.18, 95.18, 0, 0
RCIN, 306407, 900, 900, 900, 900, 900, 900, 900, 900, 0, 0, 0, 0, 0, 0
GPS, 1, 0, 0, 0, 99.99, 0, 0, 0.25, -17, 0, 0, 0, 306496
CTUN, 306498, 0, 0, 0, 0, 0.25, 0.3, 0, 0, 0, 3
ATT, 306507, 0, -0.44, 0, 0.14, 95.18, 95.18, 0, 0
RCIN, 306507, 900, 900, 900, 900, 900, 900, 900, 900, 0, 0, 0, 0, 0, 0
CTUN, 306597, 0, 0, 0, 0, 0.25, 0.03, 0, 0, 0, 3
ATT, 306607, 0, -0.44, 0, 0.14, 95.18, 95.18, 0, 0
RCIN, 306607, 900, 900, 900, 900, 900, 900, 900, 900, 0, 0, 0, 0, 0, 0
GPS, 1, 0, 0, 0, 99.99, 0, 0, 0.24, -17, 0, 0, 0, 306696
CTUN, 306698, 0, 0, 0, 0, 0.24, 0.34, 0, 0, 0, 3
DU32, 7, 663768
CURR, 306698, 0, 0, 0, 0, 5006, 0
ATT, 306707, 0, -0.44, 0, 0.14, 95.18, 95.18, 0, 0
RCIN, 306708, 900, 900, 900, 900, 900, 900, 900, 900, 0, 0, 0, 0, 0, 0
CTUN, 306797, 0, 0, 0, 0, 0.25, 0.15, 0, 0, 0, 3
ATT, 306807, 0, -0.44, 0, 0.14, 95.18, 95.18, 0, 0
RCIN, 306807, 900, 900, 900, 900, 900, 900, 900, 900, 0, 0, 0, 0, 0, 0
GPS, 1, 0, 0, 0, 99.99, 0, 0, 0.25, -17, 0, 0, 0, 306896
CTUN, 306897, 0, 0, 0, 0, 0.25, 0.33, 0, 0, 0, 3
ATT, 306907, 0, -0.44, 0, 0.14, 95.18, 95.18, 0, 0
RCIN, 306908, 900, 900, 900, 900, 900, 900, 900, 900, 0, 0, 0, 0, 0, 0
CTUN, 306997, 0, 0, 0, 0, 0.26, 0.03, 0, 0, 0, 3
ATT, 307007, 0, -0.44, 0, 0.14, 95.18, 95.18, 0, 0
RCIN, 307007, 900, 900, 900, 900, 900, 900, 900, 900, 0, 0, 0, 0, 0, 0
GPS, 1, 0, 0, 0, 99.99, 0, 0, 0.25, -17, 0, 0, 0, 307096
CTUN, 307098, 0, 0, 0, 0, 0.25, 0.3, 0, 0, 0, 2
ATT, 307107, 0, -0.44, 0, 0.14, 95.19, 95.19, 0, 0
RCIN, 307107, 900, 900, 900, 900, 900, 900, 900, 900, 0, 0, 0, 0, 0, 0
CTUN, 307197, 0, 0, 0, 0, 0.25, 0.06, 0, 0, 0, 3
ATT, 307207, 0, -0.44, 0, 0.14, 95.18, 95.18, 0, 0
RCIN, 307207, 900, 900, 900, 900, 900, 900, 900, 900, 0, 0, 0, 0, 0, 0
GPS, 1, 0, 0, 0, 99.99, 0, 0, 0.25, -17, 0, 0, 0, 307296
CTUN, 307298, 0, 0, 0, 0, 0.25, 0, 0, 0, 0, 2
ATT, 307308, 0, -0.44, 0, 0.14, 95.18, 95.18, 0, 0
RCIN, 307309, 900, 900, 900, 900, 900, 900, 900, 900, 0, 0, 0, 0, 0, 0
CTUN, 307397, 0, 0, 0, 0, 0.23, 0.31, 0, 0, 0, 2
ATT, 307407, 0, -0.44, 0, 0.14, 95.19, 95.19, 0, 0
RCIN, 307407, 900, 900, 900, 900, 900, 900, 900, 900, 0, 0, 0, 0, 0, 0
GPS, 1, 0, 0, 0, 99.99, 0, 0, 0.24, -17, 0, 0, 0, 307496
CTUN, 307498, 0, 0, 0, 0, 0.24, 0.09, 0, 0, 0, 2
ATT, 307507, 0, -0.44, 0, 0.14, 95.19, 95.19, 0, 0
RCIN, 307507, 900, 900, 900, 900, 900, 900, 900, 900, 0, 0, 0, 0, 0, 0
CTUN, 307597, 0, 0, 0, 0, 0.24, 0.27, 0, 0, 0, 2
ATT, 307607, 0, -0.44, 0, 0.14, 95.19, 95.19, 0, 0
RCIN, 307607, 900, 900, 900, 900, 900, 900, 900, 900, 0, 0, 0, 0, 0, 0
GPS, 1, 0, 0, 0, 99.99, 0, 0, 0.24, -17, 0, 0, 0, 307696
CTUN, 307698, 0, 0, 0, 0, 0.24, 0.27, 0, 0, 0, 2
DU32, 7, 663768
CURR, 307698, 0, 0, 0, 0, 5028, 0
ATT, 307708, 0, -0.44, 0, 0.14, 95.19, 95.19, 0, 0
RCIN, 307708, 900, 900, 900, 900, 900, 900, 900, 900, 0, 0, 0, 0, 0, 0
CTUN, 307797, 0, 0, 0, 0, 0.24, 0.16, 0, 0, 0, 2
ATT, 307808, 0, -0.44, 0, 0.14, 95.19, 95.19, 0, 0
RCIN, 307808, 900, 900, 900, 900, 900, 900, 900, 900, 0, 0, 0, 0, 0, 0
GPS, 1, 0, 0, 0, 99.99, 0, 0, 0.24, -17, 0, 0, 0, 307896
CTUN, 307897, 0, 0, 0, 0, 0.24, 0.11, 0, 0, 0, 2
ATT, 307907, 0, -0.44, 0, 0.14, 95.19, 95.19, 0, 0
RCIN, 307907, 900, 900, 900, 900, 900, 900, 900, 900, 0, 0, 0, 0, 0, 0
CTUN, 307997, 0, 0, 0, 0, 0.24, 0.21, 0, 0, 0, 2
ATT, 308007, 0, -0.44, 0, 0.14, 95.2, 95.2, 0, 0
RCIN, 308007, 900, 900, 900, 900, 900, 900, 900, 900, 0, 0, 0, 0, 0, 0
GPS, 1, 0, 0, 0, 99.99, 0, 0, 0.24, -17, 0, 0, 0, 308096
CTUN, 308098, 0, 0, 0, 0, 0.24, 0.05, 0, 0, 0, 2
ATT, 308107, 0, -0.44, 0, 0.14, 95.2, 95.2, 0, 0
RCIN, 308107, 900, 900, 900, 900, 900, 900, 900, 900, 0, 0, 0, 0, 0, 0
CTUN, 308197, 0, 0, 0, 0, 0.23, 0.29, 0, 0, 0, 1
ATT, 308207, 0, -0.44, 0, 0.14, 95.2, 95.2, 0, 0
RCIN, 308207, 900, 900, 900, 900, 900, 900, 900, 900, 0, 0, 0, 0, 0, 0
GPS, 1, 0, 0, 0, 99.99, 0, 0, 0.23, -17, 0, 0, 0, 308297
CTUN, 308299, 0, 0, 0, 0, 0.23, 0.22, 0, 0, 0, 1
ATT, 308307, 0, -0.44, 0, 0.14, 95.2, 95.2, 0, 0
RCIN, 308307, 900, 900, 900, 900, 900, 900, 900, 900, 0, 0, 0, 0, 0, 0
CTUN, 308397, 0, 0, 0, 0, 0.23, 0.09, 0, 0, 0, 1
ATT, 308407, 0, -0.44, 0, 0.13, 95.2, 95.2, 0, 0
RCIN, 308407, 900, 900, 900, 900, 900, 900, 900, 900, 0, 0, 0, 0, 0, 0
GPS, 1, 0, 0, 0, 99.99, 0, 0, 0.23, -17, 0, 0, 0, 308496
CTUN, 308498, 0, 0, 0, 0, 0.23, 0.12, 0, 0, 0, 1
ATT, 308508, 0, -0.44, 0, 0.13, 95.2, 95.2, 0, 0
RCIN, 308508, 900, 900, 900, 900, 900, 900, 900, 900, 0, 0, 0, 0, 0, 0
CTUN, 308597, 0, 0, 0, 0, 0.22, 0.06, 0, 0, 0, 1
ATT, 308607, 0, -0.44, 0, 0.13, 95.2, 95.2, 0, 0
RCIN, 308607, 900, 900, 900, 900, 900, 900, 900, 900, 0, 0, 0, 0, 0, 0
GPS, 1, 0, 0, 0, 99.99, 0, 0, 0.22, -17, 0, 0, 0, 308696
CTUN, 308697, 0, 0, 0, 0, 0.22, -0.11, 0, 0, 0, 1
DU32, 7, 663768
CURR, 308698, 0, 0, 0, 0, 5028, 0
ATT, 308709, 0, -0.44, 0, 0.14, 95.2, 95.2, 0, 0
RCIN, 308709, 900, 900, 900, 900, 900, 900, 900, 900, 0, 0, 0, 0, 0, 0
CTUN, 308797, 0, 0, 0, 0, 0.2, 0.21, 0, 0, 0, 1
ATT, 308807, 0, -0.44, 0, 0.14, 95.2, 95.2, 0, 0
RCIN, 308807, 900, 900, 900, 900, 900, 900, 900, 900, 0, 0, 0, 0, 0, 0
GPS, 1, 0, 0, 0, 99.99, 0, 0, 0.2, -17, 0, 0, 0, 308896
CTUN, 308897, 0, 0, 0, 0, 0.2, 0.14, 0, 0, 0, 1
ATT, 308907, 0, -0.44, 0, 0.14, 95.2, 95.2, 0, 0
RCIN, 308908, 900, 900, 900, 900, 900, 900, 900, 900, 0, 0, 0, 0, 0, 0
CTUN, 308997, 0, 0, 0, 0, 0.2, 0.36, 0, 0, 0, 1
ATT, 309008, 0, -0.44, 0, 0.14, 95.2, 95.2, 0, 0
RCIN, 309008, 900, 900, 900, 900, 900, 900, 900, 900, 0, 0, 0, 0, 0, 0
GPS, 1, 0, 0, 0, 99.99, 0, 0, 0.21, -17, 0, 0, 0, 309096
CTUN, 309098, 0, 0, 0, 0, 0.21, 0.06, 0, 0, 0, 1
ATT, 309107, 0, -0.44, 0, 0.14, 95.2, 95.2, 0, 0
RCIN, 309107, 900, 900, 900, 900, 900, 900, 900, 900, 0, 0, 0, 0, 0, 0
CTUN, 309197, 0, 0, 0, 0, 0.2, 0.08, 0, 0, 0, 1
ATT, 309207, 0, -0.44, 0, 0.14, 95.2, 95.2, 0, 0
RCIN, 309207, 900, 900, 900, 900, 900, 900, 900, 900, 0, 0, 0, 0, 0, 0
GPS, 1, 0, 0, 0, 99.99, 0, 0, 0.19, -17, 0, 0, 0, 309296
CTUN, 309298, 0, 0, 0, 0, 0.19, 0.14, 0, 0, 0, 0
ATT, 309307, 0, -0.44, 0, 0.13, 95.2, 95.2, 0, 0
RCIN, 309307, 900, 900, 900, 900, 900, 900, 900, 900, 0, 0, 0, 0, 0, 0
CTUN, 309397, 0, 0, 0, 0, 0.19, 0.06, 0, 0, 0, 0
ATT, 309407, 0, -0.44, 0, 0.13, 95.2, 95.2, 0, 0
RCIN, 309407, 900, 900, 900, 900, 900, 900, 900, 900, 0, 0, 0, 0, 0, 0
GPS, 1, 0, 0, 0, 99.99, 0, 0, 0.18, -17, 0, 0, 0, 309496
CTUN, 309498, 0, 0, 0, 0, 0.18, 0.27, 0, 0, 0, 0
ATT, 309508, 0, -0.44, 0, 0.14, 95.2, 95.2, 0, 0
RCIN, 309508, 900, 900, 900, 900, 900, 900, 900, 900, 0, 0, 0, 0, 0, 0
CTUN, 309597, 0, 0, 0, 0, 0.19, 0.24, 0, 0, 0, 0
ATT, 309607, 0, -0.44, 0, 0.14, 95.2, 95.2, 0, 0
RCIN, 309607, 900, 900, 900, 900, 900, 900, 900, 900, 0, 0, 0, 0, 0, 0
GPS, 1, 0, 0, 0, 99.99, 0, 0, 0.19, -17, 0, 0, 0, 309696
CTUN, 309698, 0, 0, 0, 0, 0.19, 0.21, 0, 0, 0, 0
DU32, 7, 663768
CURR, 309698, 0, 0, 0, 0, 5028, 0
ATT, 309707, 0, -0.44, 0, 0.14, 95.2, 95.2, 0, 0
RCIN, 309707, 900, 900, 900, 900, 900, 900, 900, 900, 0, 0, 0, 0, 0, 0
CTUN, 309797, 0, 0, 0, 0, 0.2, 0.14, 0, 0, 0, 0
ATT, 309807, 0, -0.44, 0, 0.13, 95.2, 95.2, 0, 0
RCIN, 309807, 900, 900, 900, 900, 900, 900, 900, 900, 0, 0, 0, 0, 0, 0
GPS, 1, 0, 0, 0, 99.99, 0, 0, 0.19, -17, 0, 0, 0, 309896
CTUN, 309897, 0, 0, 0, 0, 0.19, 0.09, 0, 0, 0, 0
ATT, 309907, 0, -0.44, 0, 0.14, 95.21, 95.21, 0, 0
RCIN, 309907, 900, 900, 900, 900, 900, 900, 900, 900, 0, 0, 0, 0, 0, 0
CTUN, 309997, 0, 0, 0, 0, 0.19, 0, 0, 0, 0, 0
ATT, 310008, 0, -0.44, 0, 0.14, 95.21, 95.21, 0, 0
RCIN, 310008, 900, 900, 900, 900, 900, 900, 900, 900, 0, 0, 0, 0, 0, 0
GPS, 1, 0, 0, 0, 99.99, 0, 0, 0.18, -17, 0, 0, 0, 310096
CTUN, 310098, 0, 0, 0, 0, 0.18, -0.04, 0, 0, 0, 0
ATT, 310107, 0, -0.43, 0, 0.14, 95.21, 95.21, 0, 0
RCIN, 310108, 900, 900, 900, 900, 900, 900, 900, 900, 0, 0, 0, 0, 0, 0
CTUN, 310197, 0, 0, 0, 0, 0.16, 0.41, 0, 0, 0, 0
ATT, 310207, 0, -0.43, 0, 0.14, 95.21, 95.21, 0, 0
RCIN, 310207, 900, 900, 900, 900, 900, 900, 900, 900, 0, 0, 0, 0, 0, 0
GPS, 1, 0, 0, 0, 99.99, 0, 0, 0.18, -17, 0, 0, 0, 310296
CTUN, 310298, 0, 0, 0, 0, 0.18, 0.14, 0, 0, 0, 0
ATT, 310307, 0, -0.43, 0, 0.14, 95.21, 95.21, 0, 0
RCIN, 310307, 900, 900, 900, 900, 900, 900, 900, 900, 0, 0, 0, 0, 0, 0
CTUN, 310397, 0, 0, 0, 0, 0.18, 0.29, 0, 0, 0, 0
ATT, 310407, 0, -0.43, 0, 0.14, 95.21, 95.21, 0, 0
RCIN, 310407, 900, 900, 900, 900, 900, 900, 900, 900, 0, 0, 0, 0, 0, 0
GPS, 1, 0, 0, 0, 99.99, 0, 0, 0.18, -17, 0, 0, 0, 310496
CTUN, 310498, 0, 0, 0, 0, 0.18, 0.33, 0, 0, 0, 0
ATT, 310507, 0, -0.43, 0, 0.14, 95.21, 95.21, 0, 0
RCIN, 310508, 900, 900, 900, 900, 900, 900, 900, 900, 0, 0, 0, 0, 0, 0
CTUN, 310597, 0, 0, 0, 0, 0.19, 0.32, 0, 0, 0, 0
ATT, 310607, 0, -0.43, 0, 0.14, 95.21, 95.21, 0, 0
RCIN, 310607, 900, 900, 900, 900, 900, 900, 900, 900, 0, 0, 0, 0, 0, 0
GPS, 1, 0, 0, 0, 99.99, 0, 0, 0.2, -17, 0, 0, 0, 310696
CTUN, 310698, 0, 0, 0, 0, 0.2, 0.24, 0, 0, 0, 0
DU32, 7, 663768
CURR, 310699, 0, 0, 0, 0, 4984, 0
ATT, 310707, 0, -0.43, 0, 0.14, 95.21, 95.21, 0, 0
RCIN, 310707, 900, 900, 900, 900, 900, 900, 900, 900, 0, 0, 0, 0, 0, 0
CTUN, 310797, 0, 0, 0, 0, 0.2, 0.26, 0, 0, 0, 0
ATT, 310807, 0, -0.43, 0, 0.13, 95.22, 95.22, 0, 0
RCIN, 310807, 900, 900, 900, 900, 900, 900, 900, 900, 0, 0, 0, 0, 0, 0
GPS, 1, 0, 0, 0, 99.99, 0, 0, 0.21, -17, 0, 0, 0, 310896
CTUN, 310898, 0, 0, 0, 0, 0.21, 0.09, 0, 0, 0, 0
ATT, 310907, 0, -0.43, 0, 0.13, 95.22, 95.22, 0, 0
RCIN, 310907, 900, 900, 900, 900, 900, 900, 900, 900, 0, 0, 0, 0, 0, 0
CTUN, 310997, 0, 0, 0, 0, 0.2, 0.11, 0, 0, 0, 0
ATT, 311007, 0, -0.43, 0, 0.13, 95.22, 95.22, 0, 0
RCIN, 311007, 900, 900, 900, 900, 900, 900, 900, 900, 0, 0, 0, 0, 0, 0
GPS, 1, 0, 0, 0, 99.99, 0, 0, 0.2, -17, 0, 0, 0, 311096
CTUN, 311098, 0, 0, 0, 0, 0.2, 0.06, 0, 0, 0, 0
ATT, 311108, 0, -0.44, 0, 0.13, 95.22, 95.22, 0, 0
RCIN, 311108, 900, 900, 900, 900, 900, 900, 900, 900, 0, 0, 0, 0, 0, 0
CTUN, 311197, 0, 0, 0, 0, 0.19, 0.05, 0, 0, 0, 0
ATT, 311207, 0, -0.44, 0, 0.13, 95.22, 95.22, 0, 0
RCIN, 311207, 900, 900, 900, 900, 900, 900, 900, 900, 0, 0, 0, 0, 0, 0
GPS, 1, 0, 0, 0, 99.99, 0, 0, 0.18, -17, 0, 0, 0, 311296
CTUN, 311298, 0, 0, 0, 0, 0.18, 0.38, 0, 0, 0, 0
ATT, 311307, 0, -0.44, 0, 0.14, 95.22, 95.22, 0, 0
RCIN, 311307, 900, 900, 900, 900, 900, 900, 900, 900, 0, 0, 0, 0, 0, 0
CTUN, 311397, 0, 0, 0, 0, 0.19, 0.29, 0, 0, 0, 0
ATT, 311407, 0, -0.44, 0, 0.14, 95.22, 95.22, 0, 0
RCIN, 311407, 900, 900, 900, 900, 900, 900, 900, 900, 0, 0, 0, 0, 0, 0
GPS, 1, 0, 0, 0, 99.99, 0, 0, 0.2, -17, 0, 0, 0, 311496
CTUN, 311498, 0, 0, 0, 0, 0.2, 0.14, 0, 0, 0, 0
ATT, 311507, 0, -0.44, 0, 0.13, 95.22, 95.22, 0, 0
RCIN, 311507, 900, 900, 900, 900, 900, 900, 900, 900, 0, 0, 0, 0, 0, 0
CTUN, 311597, 0, 0, 0, 0, 0.2, 0.12, 0, 0, 0, 0
ATT, 311607, 0, -0.44, 0, 0.13, 95.22, 95.22, 0, 0
RCIN, 311607, 900, 900, 900, 900, 900, 900, 900, 900, 0, 0, 0, 0, 0, 0
GPS, 1, 0, 0, 0, 99.99, 0, 0, 0.19, -17, 0, 0, 0, 311696
CTUN, 311697, 0, 0, 0, 0, 0.19, 0.09, 0, 0, 0, 0
DU32, 7, 663768
CURR, 311698, 0, 0, 0, 0, 5006, 0
ATT, 311707, 0, -0.44, 0, 0.13, 95.22, 95.22, 0, 0
RCIN, 311707, 900, 900, 900, 900, 900, 900, 900, 900, 0, 0, 0, 0, 0, 0
CTUN, 311798, 0, 0, 0, 0, 0.19, 0.2, 0, 0, 0, 0
ATT, 311807, 0, -0.44, 0, 0.13, 95.22, 95.22, 0, 0
RCIN, 311807, 900, 900, 900, 900, 900, 900, 900, 900, 0, 0, 0, 0, 0, 0
GPS, 1, 0, 0, 0, 99.99, 0, 0, 0.19, -17, 0, 0, 0, 311896
CTUN, 311898, 0, 0, 0, 0, 0.19, 0.43, 0, 0, 0, 0
ATT, 311907, 0, -0.44, 0, 0.13, 95.22, 95.22, 0, 0
RCIN, 311907, 900, 900, 900, 900, 900, 900, 900, 900, 0, 0, 0, 0, 0, 0
CTUN, 311998, 0, 0, 0, 0, 0.2, 0.64, 0, 0, 0, 0
ATT, 312007, 0, -0.44, 0, 0.13, 95.22, 95.22, 0, 0
RCIN, 312007, 900, 900, 900, 900, 900, 900, 900, 900, 0, 0, 0, 0, 0, 0
GPS, 1, 0, 0, 0, 99.99, 0, 0, 0.23, -17, 0, 0, 0, 312096
CTUN, 312098, 0, 0, 0, 0, 0.23, 0.17, 0, 0, 0, 1
ATT, 312107, 0, -0.44, 0, 0.13, 95.22, 95.22, 0, 0
RCIN, 312108, 900, 900, 900, 900, 900, 900, 900, 900, 0, 0, 0, 0, 0, 0
CTUN, 312198, 0, 0, 0, 0, 0.23, 0.28, 0, 0, 0, 1
ATT, 312207, 0, -0.44, 0, 0.13, 95.22, 95.22, 0, 0
RCIN, 312207, 900, 900, 900, 900, 900, 900, 900, 900, 0, 0, 0, 0, 0, 0
GPS, 1, 0, 0, 0, 99.99, 0, 0, 0.23, -17, 0, 0, 0, 312296
CTUN, 312298, 0, 0, 0, 0, 0.23, 0.09, 0, 0, 0, 1
ATT, 312307, 0, -0.44, 0, 0.13, 95.22, 95.22, 0, 0
RCIN, 312307, 900, 900, 900, 900, 900, 900, 900, 900, 0, 0, 0, 0, 0, 0
CTUN, 312397, 0, 0, 0, 0, 0.22, 0.2, 0, 0, 0, 1
ATT, 312408, 0, -0.44, 0, 0.13, 95.22, 95.22, 0, 0
RCIN, 312408, 900, 900, 900, 900, 900, 900, 900, 900, 0, 0, 0, 0, 0, 0
GPS, 1, 0, 0, 0, 99.99, 0, 0, 0.22, -17, 0, 0, 0, 312496
CTUN, 312498, 0, 0, 0, 0, 0.22, 0.27, 0, 0, 0, 1
ATT, 312507, 0, -0.44, 0, 0.13, 95.23, 95.23, 0, 0
RCIN, 312507, 900, 900, 900, 900, 900, 900, 900, 900, 0, 0, 0, 0, 0, 0
CTUN, 312597, 0, 0, 0, 0, 0.23, 0.22, 0, 0, 0, 1
ATT, 312607, 0, -0.44, 0, 0.13, 95.23, 95.23, 0, 0
RCIN, 312607, 900, 900, 900, 900, 900, 900, 900, 900, 0, 0, 0, 0, 0, 0
GPS, 1, 0, 0, 0, 99.99, 0, 0, 0.23, -17, 0, 0, 0, 312696
CTUN, 312698, 0, 0, 0, 0, 0.23, 0.37, 0, 0, 0, 1
DU32, 7, 663768
CURR, 312698, 0, 0, 0, 0, 4984, 0
ATT, 312708, 0, -0.44, 0, 0.13, 95.23, 95.23, 0, 0
RCIN, 312708, 900, 900, 900, 900, 900, 900, 900, 900, 0, 0, 0, 0, 0, 0
CTUN, 312797, 0, 0, 0, 0, 0.24, 0.12, 0, 0, 0, 1
ATT, 312807, 0, -0.44, 0, 0.13, 95.23, 95.23, 0, 0
RCIN, 312807, 900, 900, 900, 900, 900, 900, 900, 900, 0, 0, 0, 0, 0, 0
GPS, 1, 0, 0, 0, 99.99, 0, 0, 0.23, -17, 0, 0, 0, 312896
CTUN, 312898, 0, 0, 0, 0, 0.23, 0.07, 0, 0, 0, 1
ATT, 312907, 0, -0.44, 0, 0.13, 95.23, 95.23, 0, 0
RCIN, 312907, 900, 900, 900, 900, 900, 900, 900, 900, 0, 0, 0, 0, 0, 0
CTUN, 312997, 0, 0, 0, 0, 0.22, 0.38, 0, 0, 0, 1
ATT, 313007, 0, -0.44, 0, 0.13, 95.23, 95.23, 0, 0
RCIN, 313007, 900, 900, 900, 900, 900, 900, 900, 900, 0, 0, 0, 0, 0, 0
GPS, 1, 0, 0, 0, 99.99, 0, 0, 0.24, -17, 0, 0, 0, 313096
CTUN, 313098, 0, 0, 0, 0, 0.24, 0.29, 0, 0, 0, 1
ATT, 313107, 0, -0.44, 0, 0.13, 95.23, 95.23, 0, 0
RCIN, 313107, 900, 900, 900, 900, 900, 900, 900, 900, 0, 0, 0, 0, 0, 0
CTUN, 313197, 0, 0, 0, 0, 0.24, 0.59, 0, 0, 0, 1
ATT, 313207, 0, -0.44, 0, 0.13, 95.23, 95.23, 0, 0
RCIN, 313207, 900, 900, 900, 900, 900, 900, 900, 900, 0, 0, 0, 0, 0, 0
GPS, 1, 0, 0, 0, 99.99, 0, 0, 0.26, -17, 0, 0, 0, 313296
CTUN, 313298, 0, 0, 0, 0, 0.26, 0.29, 0, 0, 0, 1
ATT, 313307, 0, -0.44, 0, 0.13, 95.23, 95.23, 0, 0
RCIN, 313307, 900, 900, 900, 900, 900, 900, 900, 900, 0, 0, 0, 0, 0, 0
CTUN, 313397, 0, 0, 0, 0, 0.27, 0.07, 0, 0, 0, 1
ATT, 313407, 0, -0.44, 0, 0.13, 95.23, 95.23, 0, 0
RCIN, 313407, 900, 900, 900, 900, 900, 900, 900, 900, 0, 0, 0, 0, 0, 0
GPS, 1, 0, 0, 0, 99.99, 0, 0, 0.26, -17, 0, 0, 0, 313496
CTUN, 313498, 0, 0, 0, 0, 0.26, 0.21, 0, 0, 0, 1
ATT, 313508, 0, -0.44, 0, 0.13, 95.23, 95.23, 0, 0
RCIN, 313508, 900, 900, 900, 900, 900, 900, 900, 900, 0, 0, 0, 0, 0, 0
CTUN, 313597, 0, 0, 0, 0, 0.26, 0.24, 0, 0, 0, 1
ATT, 313607, 0, -0.44, 0, 0.13, 95.23, 95.23, 0, 0
RCIN, 313607, 900, 900, 900, 900, 900, 900, 900, 900, 0, 0, 0, 0, 0, 0
GPS, 1, 0, 0, 0, 99.99, 0, 0, 0.26, -17, 0, 0, 0, 313696
CTUN, 313698, 0, 0, 0, 0, 0.26, 0.19, 0, 0, 0, 1
DU32, 7, 663768
CURR, 313699, 0, 0, 0, 0, 5028, 0
ATT, 313707, 0, -0.44, 0, 0.13, 95.23, 95.23, 0, 0
RCIN, 313707, 900, 900, 900, 900, 900, 900, 900, 900, 0, 0, 0, 0, 0, 0
CTUN, 313797, 0, 0, 0, 0, 0.25, 0.37, 0, 0, 0, 1
ATT, 313808, 0, -0.44, 0, 0.13, 95.23, 95.23, 0, 0
RCIN, 313808, 900, 900, 900, 900, 900, 900, 900, 900, 0, 0, 0, 0, 0, 0
GPS, 1, 0, 0, 0, 99.99, 0, 0, 0.26, -17, 0, 0, 0, 313896
CTUN, 313898, 0, 0, 0, 0, 0.26, 0.38, 0, 0, 0, 1
ATT, 313907, 0, -0.44, 0, 0.13, 95.23, 95.23, 0, 0
RCIN, 313908, 900, 900, 900, 900, 900, 900, 900, 900, 0, 0, 0, 0, 0, 0
CTUN, 313997, 0, 0, 0, 0, 0.27, 0.24, 0, 0, 0, 1
ATT, 314007, 0, -0.44, 0, 0.13, 95.23, 95.23, 0, 0
RCIN, 314007, 900, 900, 900, 900, 900, 900, 900, 900, 0, 0, 0, 0, 0, 0
GPS, 1, 0, 0, 0, 99.99, 0, 0, 0.27, -17, 0, 0, 0, 314096
CTUN, 314098, 0, 0, 0, 0, 0.27, 0.22, 0, 0, 0, 1
ATT, 314107, 0, -0.44, 0, 0.13, 95.23, 95.23, 0, 0
RCIN, 314107, 900, 900, 900, 900, 900, 900, 900, 900, 0, 0, 0, 0, 0, 0
CTUN, 314197, 0, 0, 0, 0, 0.27, 0.28, 0, 0, 0, 1
ATT, 314207, 0, -0.44, 0, 0.13, 95.22, 95.22, 0, 0
RCIN, 314207, 900, 900, 900, 900, 900, 900, 900, 900, 0, 0, 0, 0, 0, 0
GPS, 1, 0, 0, 0, 99.99, 0, 0, 0.27, -17, 0, 0, 0, 314296
CTUN, 314298, 0, 0, 0, 0, 0.27, 0.05, 0, 0, 0, 1
ATT, 314307, 0, -0.44, 0, 0.13, 95.22, 95.22, 0, 0
RCIN, 314307, 900, 900, 900, 900, 900, 900, 900, 900, 0, 0, 0, 0, 0, 0
CTUN, 314397, 0, 0, 0, 0, 0.26, 0.43, 0, 0, 0, 1
ATT, 314407, 0, -0.44, 0, 0.13, 95.22, 95.22, 0, 0
RCIN, 314407, 900, 900, 900, 900, 900, 900, 900, 900, 0, 0, 0, 0, 0, 0
GPS, 1, 0, 0, 0, 99.99, 0, 0, 0.27, -17, 0, 0, 0, 314496
CTUN, 314498, 0, 0, 0, 0, 0.27, 0.57, 0, 0, 0, 1
ATT, 314507, 0, -0.44, 0, 0.13, 95.22, 95.22, 0, 0
RCIN, 314507, 900, 900, 900, 900, 900, 900, 900, 900, 0, 0, 0, 0, 0, 0
CTUN, 314597, 0, 0, 0, 0, 0.29, 0.07, 0, 0, 0, 2
ATT, 314607, 0, -0.44, 0, 0.12, 95.23, 95.23, 0, 0
RCIN, 314607, 900, 900, 900, 900, 900, 900, 900, 900, 0, 0, 0, 0, 0, 0
GPS, 1, 0, 0, 0, 99.99, 0, 0, 0.28, -17, 0, 0, 0, 314696
CTUN, 314698, 0, 0, 0, 0, 0.28, 0.55, 0, 0, 0, 2
DU32, 7, 663768
CURR, 314698, 0, 0, 0, 0, 5028, 0
EV, 10
MODE, Stabilize, 450
ATT, 348748, 0, -0.45, 0, 0.1, 95.23, 95.23, 0, 0
RCIN, 348749, 900, 900, 900, 900, 900, 900, 900, 900, 0, 0, 0, 0, 0, 0
CTUN, 348829, 0, 0, 0, 0, 0, -0.09, 0, 0, 0, -1
ATT, 348849, 0, -0.45, 0, 0.1, 95.22, 95.22, 0, 0
RCIN, 348849, 900, 900, 900, 900, 900, 900, 900, 900, 0, 0, 0, 0, 0, 0
GPS, 1, 0, 0, 0, 99.99, 0, 0, 0, -17, 0, 0, 0, 348908
CTUN, 348928, 0, 0, 0, 0, 0, -0.15, 0, 0, 0, -1
ATT, 348948, 0, -0.45, 0, 0.11, 95.22, 95.22, 0, 0
RCIN, 348948, 900, 900, 900, 900, 900, 900, 900, 900, 0, 0, 0, 0, 0, 0
CTUN, 349029, 0, 0, 0, 0, -0.01, 0.07, 0, 0, 0, -1
ATT, 349049, 0, -0.45, 0, 0.11, 95.22, 95.22, 0, 0
RCIN, 349049, 900, 900, 900, 900, 900, 900, 900, 900, 0, 0, 0, 0, 0, 0
GPS, 1, 0, 0, 0, 99.99, 0, 0, -0.01, -17, 0, 0, 0, 349107
CTUN, 349128, 0, 0, 0, 0, 0, 0.05, 0, 0, 0, -1
ATT, 349148, 0, -0.45, 0, 0.1, 95.22, 95.22, 0, 0
RCIN, 349148, 900, 900, 900, 900, 900, 900, 900, 900, 0, 0, 0, 0, 0, 0
CTUN, 349228, 0, 0, 0, 0, 0, -0.29, 0, 0, 0, -1
ATT, 349250, 0, -0.45, 0, 0.1, 95.22, 95.22, 0, 0
RCIN, 349250, 900, 900, 900, 900, 900, 900, 900, 900, 0, 0, 0, 0, 0, 0
GPS, 1, 0, 0, 0, 99.99, 0, 0, -0.02, -17, 0, 0, 0, 349308
CTUN, 349329, 0, 0, 0, 0, -0.02, -0.4, 0, 0, 0, -1
ATT, 349348, 0, -0.45, 0, 0.1, 95.22, 95.22, 0, 0
RCIN, 349348, 900, 900, 900, 900, 900, 900, 900, 900, 0, 0, 0, 0, 0, 0
CTUN, 349428, 0, 0, 0, 0, -0.04, -0.18, 0, 0, 0, -1
ATT, 349448, 0, -0.45, 0, 0.1, 95.22, 95.22, 0, 0
RCIN, 349448, 900, 900, 900, 900, 900, 900, 900, 900, 0, 0, 0, 0, 0, 0
GPS, 1, 0, 0, 0, 99.99, 0, 0, -0.05, -17, 0, 0, 0, 349508
CTUN, 349529, 0, 0, 0, 0, -0.05, -0.05, 0, 0, 0, -1
ATT, 349548, 0, -0.45, 0, 0.1, 95.22, 95.22, 0, 0
RCIN, 349549, 900, 900, 900, 900, 900, 900, 900, 900, 0, 0, 0, 0, 0, 0
CTUN, 349628, 0, 0, 0, 0, -0.06, -0.09, 0, 0, 0, -1
ATT, 349648, 0, -0.45, 0, 0.1, 95.21, 95.21, 0, 0
RCIN, 349648, 900, 900, 900, 900, 900, 900, 900, 900, 0, 0, 0, 0, 0, 0
GPS, 1, 0, 0, 0, 99.99, 0, 0, -0.06, -17, 0, 0, 0, 349707
CTUN, 349728, 0, 0, 0, 0, -0.06, -0.16, 0, 0, 0, -1
DU32, 7, 663768
CURR, 349729, 0, 0, 0, 0, 4984, 0
ATT, 349749, 0, -0.45, 0, 0.1, 95.21, 95.21, 0, 0
RCIN, 349749, 900, 900, 900, 900, 900, 900, 900, 900, 0, 0, 0, 0, 0, 0
CTUN, 349828, 0, 0, 0, 0, -0.07, 0.04, 0, 0, 0, -2
ATT, 349848, 0, -0.45, 0, 0.11, 95.21, 95.21, 0, 0
RCIN, 349848, 900, 900, 900, 900, 900, 900, 900, 900, 0, 0, 0, 0, 0, 0
GPS, 1, 0, 0, 0, 99.99, 0, 0, -0.06, -17, 0, 0, 0, 349908
CTUN, 349929, 0, 0, 0, 0, -0.06, -0.38, 0, 0, 0, -1
ATT, 349948, 0, -0.45, 0, 0.1, 95.21, 95.21, 0, 0
RCIN, 349949, 900, 900, 900, 900, 900, 900, 900, 900, 0, 0, 0, 0, 0, 0
CTUN, 350029, 0, 0, 0, 0, -0.08, -0.05, 0, 0, 0, -2
ATT, 350048, 0, -0.45, 0, 0.1, 95.21, 95.21, 0, 0
RCIN, 350049, 900, 900, 900, 900, 900, 900, 900, 900, 0, 0, 0, 0, 0, 0
GPS, 1, 0, 0, 0, 99.99, 0, 0, -0.09, -17, 0, 0, 0, 350108
CTUN, 350128, 0, 0, 0, 0, -0.09, -0.08, 0, 0, 0, -2
ATT, 350148, 0, -0.44, 0, 0.1, 95.21, 95.21, 0, 0
RCIN, 350149, 900, 900, 900, 900, 900, 900, 900, 900, 0, 0, 0, 0, 0, 0
CTUN, 350228, 0, 0, 0, 0, -0.09, -0.04, 0, 0, 0, -2
ATT, 350248, 0, -0.44, 0, 0.1, 95.21, 95.21, 0, 0
RCIN, 350248, 900, 900, 900, 900, 900, 900, 900, 900, 0, 0, 0, 0, 0, 0
GPS, 1, 0, 0, 0, 99.99, 0, 0, -0.09, -17, 0, 0, 0, 350308
CTUN, 350328, 0, 0, 0, 0, -0.09, -0.14, 0, 0, 0, -2
ATT, 350348, 0, -0.44, 0, 0.1, 95.21, 95.21, 0, 0
RCIN, 350349, 900, 900, 900, 900, 900, 900, 900, 900, 0, 0, 0, 0, 0, 0
CTUN, 350428, 0, 0, 0, 0, -0.09, -0.12, 0, 0, 0, -2
ATT, 350448, 0, -0.44, 0, 0.1, 95.21, 95.21, 0, 0
RCIN, 350449, 900, 900, 900, 900, 900, 900, 900, 900, 0, 0, 0, 0, 0, 0
GPS, 1, 0, 0, 0, 99.99, 0, 0, -0.1, -17, 0, 0, 0, 350507
CTUN, 350529, 0, 0, 0, 0, -0.1, -0.12, 0, 0, 0, -2
ATT, 350548, 0, -0.44, 0, 0.1, 95.21, 95.21, 0, 0
RCIN, 350549, 900, 900, 900, 900, 900, 900, 900, 900, 0, 0, 0, 0, 0, 0
CTUN, 350628, 0, 0, 0, 0, -0.1, -0.08, 0, 0, 0, -2
ATT, 350648, 0, -0.44, 0, 0.1, 95.22, 95.22, 0, 0
RCIN, 350649, 900, 900, 900, 900, 900, 900, 900, 900, 0, 0, 0, 0, 0, 0
GPS, 1, 0, 0, 0, 99.99, 0, 0, -0.1, -17, 0, 0, 0, 350707
CTUN, 350728, 0, 0, 0, 0, -0.1, -0.11, 0, 0, 0, -2
DU32, 7, 663768
CURR, 350729, 0, 0, 0, 0, 5028, 0
ATT, 350749, 0, -0.44, 0, 0.1, 95.22, 95.22, 0, 0
RCIN, 350749, 900, 900, 900, 900, 900, 900, 900, 900, 0, 0, 0, 0, 0, 0
CTUN, 350828, 0, 0, 0, 0, -0.11, -0.11, 0, 0, 0, -2
ATT, 350848, 0, -0.44, 0, 0.1, 95.22, 95.22, 0, 0
RCIN, 350848, 900, 900, 900, 900, 900, 900, 900, 900, 0, 0, 0, 0, 0, 0
GPS, 1, 0, 0, 0, 99.99, 0, 0, -0.11, -17, 0, 0, 0, 350907
CTUN, 350928, 0, 0, 0, 0, -0.11, 0.04, 0, 0, 0, -2
ATT, 350948, 0, -0.44, 0, 0.1, 95.22, 95.22, 0, 0
RCIN, 350948, 900, 900, 900, 900, 900, 900, 900, 900, 0, 0, 0, 0, 0, 0
CTUN, 351030, 0, 0, 0, 0, -0.1, -0.04, 0, 0, 0, -2
ATT, 351048, 0, -0.44, 0, 0.1, 95.22, 95.22, 0, 0
RCIN, 351049, 900, 900, 900, 900, 900, 900, 900, 900, 0, 0, 0, 0, 0, 0
GPS, 1, 0, 0, 0, 99.99, 0, 0, -0.1, -17, 0, 0, 0, 351108
CTUN, 351128, 0, 0, 0, 0, -0.1, -0.28, 0, 0, 0, -2
ATT, 351148, 0, -0.44, 0, 0.1, 95.22, 95.22, 0, 0
RCIN, 351148, 900, 900, 900, 900, 900, 900, 900, 900, 0, 0, 0, 0, 0, 0
CTUN, 351228, 0, 0, 0, 0, -0.11, -0.23, 0, 0, 0, -2
ATT, 351248, 0, -0.44, 0, 0.1, 95.22, 95.22, 0, 0
RCIN, 351248, 900, 900, 900, 900, 900, 900, 900, 900, 0, 0, 0, 0, 0, 0
GPS, 1, 0, 0, 0, 99.99, 0, 0, -0.12, -17, 0, 0, 0, 351308
CTUN, 351328, 0, 0, 0, 0, -0.12, -0.3, 0, 0, 0, -2
ATT, 351348, 0, -0.44, 0, 0.1, 95.22, 95.22, 0, 0
RCIN, 351348, 900, 900, 900, 900, 900, 900, 900, 900, 0, 0, 0, 0, 0, 0
CTUN, 351428, 0, 0, 0, 0, -0.14, -0.09, 0, 0, 0, -3
ATT, 351448, 0, -0.44, 0, 0.09, 95.22, 95.22, 0, 0
RCIN, 351448, 900, 900, 900, 900, 900, 900, 900, 900, 0, 0, 0, 0, 0, 0
GPS, 1, 0, 0, 0, 99.99, 0, 0, -0.14, -17, 0, 0, 0, 351507
CTUN, 351528, 0, 0, 0, 0, -0.14, 0, 0, 0, 0, -3
ATT, 351549, 0, -0.44, 0, 0.09, 95.21, 95.21, 0, 0
RCIN, 351549, 900, 900, 900, 900, 900, 900, 900, 900, 0, 0, 0, 0, 0, 0
CTUN, 351628, 0, 0, 0, 0, -0.13, -0.05, 0, 0, 0, -3
ATT, 351648, 0, -0.44, 0, 0.09, 95.21, 95.21, 0, 0
RCIN, 351649, 900, 900, 900, 900, 900, 900, 900, 900, 0, 0, 0, 0, 0, 0
GPS, 1, 0, 0, 0, 99.99, 0, 0, -0.13, -17, 0, 0, 0, 351707
CTUN, 351728, 0, 0, 0, 0, -0.13, -0.23, 0, 0, 0, -3
DU32, 7, 663768
CURR, 351729, 0, 0, 0, 0, 5028, 0
ATT, 351748, 0, -0.44, 0, 0.09, 95.21, 95.21, 0, 0
RCIN, 351748, 900, 900, 900, 900, 900, 900, 900, 900, 0, 0, 0, 0, 0, 0
CTUN, 351828, 0, 0, 0, 0, -0.14, -0.3, 0, 0, 0, -3
ATT, 351849, 0, -0.44, 0, 0.09, 95.21, 95.21, 0, 0
RCIN, 351849, 900, 900, 900, 900, 900, 900, 900, 900, 0, 0, 0, 0, 0, 0
GPS, 1, 0, 0, 0, 99.99, 0, 0, -0.15, -17, 0, 0, 0, 351907
CTUN, 351928, 0, 0, 0, 0, -0.15, -0.1, 0, 0, 0, -3
ATT, 351949, 0, -0.45, 0, 0.09, 95.21, 95.21, 0, 0
RCIN, 351949, 900, 900, 900, 900, 900, 900, 900, 900, 0, 0, 0, 0, 0, 0
CTUN, 352028, 0, 0, 0, 0, -0.16, -0.2, 0, 0, 0, -3
ATT, 352049, 0, -0.45, 0, 0.09, 95.21, 95.21, 0, 0
RCIN, 352050, 900, 900, 900, 900, 900, 900, 900, 900, 0, 0, 0, 0, 0, 0
GPS, 1, 0, 0, 0, 99.99, 0, 0, -0.16, -17, 0, 0, 0, 352108
CTUN, 352128, 0, 0, 0, 0, -0.16, -0.09, 0, 0, 0, -3
ATT, 352148, 0, -0.45, 0, 0.09, 95.21, 95.21, 0, 0
RCIN, 352148, 900, 900, 900, 900, 900, 900, 900, 900, 0, 0, 0, 0, 0, 0
CTUN, 352228, 0, 0, 0, 0, -0.16, 0.22, 0, 0, 0, -3
ATT, 352248, 0, -0.45, 0, 0.09, 95.21, 95.21, 0, 0
RCIN, 352248, 900, 900, 900, 900, 900, 900, 900, 900, 0, 0, 0, 0, 0, 0
GPS, 1, 0, 0, 0, 99.99, 0, 0, -0.15, -17, 0, 0, 0, 352308
CTUN, 352328, 0, 0, 0, 0, -0.14, 0, 0, 0, 0, -3
ATT, 352348, 0, -0.45, 0, 0.09, 95.21, 95.21, 0, 0
RCIN, 352348, 900, 900, 900, 900, 900, 900, 900, 900, 0, 0, 0, 0, 0, 0
CTUN, 352428, 0, 0, 0, 0, -0.14, -0.21, 0, 0, 0, -3
ATT, 352448, 0, -0.45, 0, 0.09, 95.21, 95.21, 0, 0
RCIN, 352448, 900, 900, 900, 900, 900, 900, 900, 900, 0, 0, 0, 0, 0, 0
GPS, 1, 0, 0, 0, 99.99, 0, 0, -0.14, -17, 0, 0, 0, 352507
CTUN, 352528, 0, 0, 0, 0, -0.15, -0.17, 0, 0, 0, -3
ATT, 352548, 0, -0.45, 0, 0.09, 95.21, 95.21, 0, 0
RCIN, 352549, 900, 900, 900, 900, 900, 900, 900, 900, 0, 0, 0, 0, 0, 0
CTUN, 352628, 0, 0, 0, 0, -0.15, -0.05, 0, 0, 0, -3
ATT, 352648, 0, -0.45, 0, 0.09, 95.21, 95.21, 0, 0
RCIN, 352648, 900, 900, 900, 900, 900, 900, 900, 900, 0, 0, 0, 0, 0, 0
GPS, 1, 0, 0, 0, 99.99, 0, 0, -0.15, -17, 0, 0, 0, 352707
CTUN, 352728, 0, 0, 0, 0, -0.15, -0.09, 0, 0, 0, -3
DU32, 7, 663768
CURR, 352729, 0, 0, 0, 0, 5006, 0
ATT, 352748, 0, -0.45, 0, 0.09, 95.2, 95.2, 0, 0
RCIN, 352749, 900, 900, 900, 900, 900, 900, 900, 900, 0, 0, 0, 0, 0, 0
CTUN, 352828, 0, 0, 0, 0, -0.15, -0.01, 0, 0, 0, -3
ATT, 352848, 0, -0.45, 0, 0.09, 95.21, 95.21, 0, 0
RCIN, 352848, 900, 900, 900, 900, 900, 900, 900, 900, 0, 0, 0, 0, 0, 0
GPS, 1, 0, 0, 0, 99.99, 0, 0, -0.14, -17, 0, 0, 0, 352908
CTUN, 352928, 0, 0, 0, 0, -0.14, -0.09, 0, 0, 0, -3
ATT, 352948, 0, -0.45, 0, 0.09, 95.2, 95.2, 0, 0
RCIN, 352949, 900, 900, 900, 900, 900, 900, 900, 900, 0, 0, 0, 0, 0, 0
CTUN, 353028, 0, 0, 0, 0, -0.14, -0.44, 0, 0, 0, -3
ATT, 353049, 0, -0.45, 0, 0.09, 95.2, 95.2, 0, 0
RCIN, 353049, 900, 900, 900, 900, 900, 900, 900, 900, 0, 0, 0, 0, 0, 0
GPS, 1, 0, 0, 0, 99.99, 0, 0, -0.16, -17, 0, 0, 0, 353108
CTUN, 353128, 0, 0, 0, 0, -0.17, -0.23, 0, 0, 0, -3
ATT, 353148, 0, -0.44, 0, 0.09, 95.2, 95.2, 0, 0
RCIN, 353148, 900, 900, 900, 900, 900, 900, 900, 900, 0, 0, 0, 0, 0, 0
CTUN, 353228, 0, 0, 0, 0, -0.17, -0.01, 0, 0, 0, -3
ATT, 353249, 0, -0.44, 0, 0.09, 95.2, 95.2, 0, 0
RCIN, 353249, 900, 900, 900, 900, 900, 900, 900, 900, 0, 0, 0, 0, 0, 0
GPS, 1, 0, 0, 0, 99.99, 0, 0, -0.17, -17, 0, 0, 0, 353307
CTUN, 353328, 0, 0, 0, 0, -0.17, -0.32, 0, 0, 0, -3
ATT, 353348, 0, -0.44, 0, 0.09, 95.2, 95.2, 0, 0
RCIN, 353349, 900, 900, 900, 900, 900, 900, 900, 900, 0, 0, 0, 0, 0, 0
CTUN, 353428, 0, 0, 0, 0, -0.18, -0.14, 0, 0, 0, -3
ATT, 353448, 0, -0.44, 0, 0.09, 95.2, 95.2, 0, 0
RCIN, 353448, 900, 900, 900, 900, 900, 900, 900, 900, 0, 0, 0, 0, 0, 0
GPS, 1, 0, 0, 0, 99.99, 0, 0, -0.18, -17, 0, 0, 0, 353507
CTUN, 353528, 0, 0, 0, 0, -0.18, -0.16, 0, 0, 0, -3
ATT, 353548, 0, -0.44, 0, 0.09, 95.2, 95.2, 0, 0
RCIN, 353549, 900, 900, 900, 900, 900, 900, 900, 900, 0, 0, 0, 0, 0, 0
CTUN, 353628, 0, 0, 0, 0, -0.18, -0.22, 0, 0, 0, -3
ATT, 353648, 0, -0.44, 0, 0.09, 95.2, 95.2, 0, 0
RCIN, 353648, 900, 900, 900, 900, 900, 900, 900, 900, 0, 0, 0, 0, 0, 0
GPS, 1, 0, 0, 0, 99.99, 0, 0, -0.19, -17, 0, 0, 0, 353707
CTUN, 353728, 0, 0, 0, 0, -0.19, -0.34, 0, 0, 0, -3
DU32, 7, 663768
CURR, 353729, 0, 0, 0, 0, 5028, 0
ATT, 353748, 0, -0.44, 0, 0.09, 95.2, 95.2, 0, 0
RCIN, 353749, 900, 900, 900, 900, 900, 900, 900, 900, 0, 0, 0, 0, 0, 0
CTUN, 353828, 0, 0, 0, 0, -0.2, -0.05, 0, 0, 0, -4
ATT, 353848, 0, -0.44, 0, 0.09, 95.2, 95.2, 0, 0
RCIN, 353848, 900, 900, 900, 900, 900, 900, 900, 900, 0, 0, 0, 0, 0, 0
GPS, 1, 0, 0, 0, 99.99, 0, 0, -0.2, -17, 0, 0, 0, 353907
CTUN, 353928, 0, 0, 0, 0, -0.2, -0.02, 0, 0, 0, -3
ATT, 353948, 0, -0.44, 0, 0.09, 95.19, 95.19, 0, 0
RCIN, 353948, 900, 900, 900, 900, 900, 900, 900, 900, 0, 0, 0, 0, 0, 0
CTUN, 354028, 0, 0, 0, 0, -0.19, -0.19, 0, 0, 0, -3
ATT, 354048, 0, -0.44, 0, 0.09, 95.2, 95.2, 0, 0
RCIN, 354048, 900, 900, 900, 900, 900, 900, 900, 900, 0, 0, 0, 0, 0, 0
GPS, 1, 0, 0, 0, 99.99, 0, 0, -0.2, -17, 0, 0, 0, 354109
CTUN, 354128, 0, 0, 0, 0, -0.2, -0.07, 0, 0, 0, -3
ATT, 354148, 0, -0.44, 0, 0.09, 95.2, 95.2, 0, 0
RCIN, 354149, 900, 900, 900, 900, 900, 900, 900, 900, 0, 0, 0, 0, 0, 0
CTUN, 354228, 0, 0, 0, 0, -0.19, -0.23, 0, 0, 0, -3
ATT, 354248, 0, -0.44, 0, 0.09, 95.19, 95.19, 0, 0
RCIN, 354248, 900, 900, 900, 900, 900, 900, 900, 900, 0, 0, 0, 0, 0, 0
GPS, 1, 0, 0, 0, 99.99, 0, 0, -0.2, -17, 0, 0, 0, 354309
CTUN, 354328, 0, 0, 0, 0, -0.2, -0.03, 0, 0, 0, -3
ATT, 354348, 0, -0.44, 0, 0.09, 95.2, 95.2, 0, 0
RCIN, 354348, 900, 900, 900, 900, 900, 900, 900, 900, 0, 0, 0, 0, 0, 0
CTUN, 354428, 0, 0, 0, 0, -0.19, -0.15, 0, 0, 0, -3
ATT, 354448, 0, -0.44, 0, 0.09, 95.2, 95.2, 0, 0
RCIN, 354449, 900, 900, 900, 900, 900, 900, 900, 900, 0, 0, 0, 0, 0, 0
GPS, 1, 0, 0, 0, 99.99, 0, 0, -0.19, -17, 0, 0, 0, 354509
CTUN, 354528, 0, 0, 0, 0, -0.19, -0.32, 0, 0, 0, -3
ATT, 354548, 0, -0.44, 0, 0.09, 95.2, 95.2, 0, 0
RCIN, 354548, 900, 900, 900, 900, 900, 900, 900, 900, 0, 0, 0, 0, 0, 0
CTUN, 354628, 0, 0, 0, 0, -0.2, -0.25, 0, 0, 0, -3
ATT, 354649, 0, -0.44, 0, 0.09, 95.2, 95.2, 0, 0
RCIN, 354649, 900, 900, 900, 900, 900, 900, 900, 900, 0, 0, 0, 0, 0, 0
GPS, 1, 0, 0, 0, 99.99, 0, 0, -0.21, -17, 0, 0, 0, 354707
CTUN, 354728, 0, 0, 0, 0, -0.21, 0, 0, 0, 0, -3
DU32, 7, 663768
CURR, 354729, 0, 0, 0, 0, 5006, 0
ATT, 354748, 0, -0.44, 0, 0.09, 95.2, 95.2, 0, 0
RCIN, 354748, 900, 900, 900, 900, 900, 900, 900, 900, 0, 0, 0, 0, 0, 0
CTUN, 354828, 0, 0, 0, 0, -0.2, 0, 0, 0, 0, -3
ATT, 354848, 0, -0.44, 0, 0.09, 95.19, 95.19, 0, 0
RCIN, 354848, 900, 900, 900, 900, 900, 900, 900, 900, 0, 0, 0, 0, 0, 0
GPS, 1, 0, 0, 0, 99.99, 0, 0, -0.19, -17, 0, 0, 0, 354907
CTUN, 354929, 0, 0, 0, 0, -0.19, -0.19, 0, 0, 0, -2
ATT, 354948, 0, -0.44, 0, 0.08, 95.19, 95.19, 0, 0
RCIN, 354949, 900, 900, 900, 900, 900, 900, 900, 900, 0, 0, 0, 0, 0, 0
CTUN, 355028, 0, 0, 0, 0, -0.2, 0.04, 0, 0, 0, -2
ATT, 355048, 0, -0.44, 0, 0.08, 95.2, 95.2, 0, 0
RCIN, 355048, 900, 900, 900, 900, 900, 900, 900, 900, 0, 0, 0, 0, 0, 0
GPS, 1, 0, 0, 0, 99.99, 0, 0, -0.19, -17, 0, 0, 0, 355108
CTUN, 355128, 0, 0, 0, 0, -0.18, -0.04, 0, 0, 0, -2
ATT, 355148, 0, -0.44, 0, 0.08, 95.2, 95.2, 0, 0
RCIN, 355148, 900, 900, 900, 900, 900, 900, 900, 900, 0, 0, 0, 0, 0, 0
CTUN, 355228, 0, 0, 0, 0, -0.18, -0.15, 0, 0, 0, -2
ATT, 355248, 0, -0.45, 0, 0.08, 95.2, 95.2, 0, 0
RCIN, 355249, 900, 900, 900, 900, 900, 900, 900, 900, 0, 0, 0, 0, 0, 0
GPS, 1, 0, 0, 0, 99.99, 0, 0, -0.18, -17, 0, 0, 0, 355307
CTUN, 355328, 0, 0, 0, 0, -0.18, 0.18, 0, 0, 0, -2
ATT, 355348, 0, -0.45, 0, 0.08, 95.2, 95.2, 0, 0
RCIN, 355349, 900, 900, 900, 900, 900, 900, 900, 900, 0, 0, 0, 0, 0, 0
CTUN, 355428, 0, 0, 0, 0, -0.16, -0.1, 0, 0, 0, -1
ATT, 355448, 0, -0.45, 0, 0.08, 95.2, 95.2, 0, 0
RCIN, 355448, 900, 900, 900, 900, 900, 900, 900, 900, 0, 0, 0, 0, 0, 0
GPS, 1, 0, 0, 0, 99.99, 0, 0, -0.16, -17, 0, 0, 0, 355508
CTUN, 355528, 0, 0, 0, 0, -0.16, -0.12, 0, 0, 0, -1
ATT, 355549, 0, -0.45, 0, 0.08, 95.2, 95.2, 0, 0
RCIN, 355549, 900, 900, 900, 900, 900, 900, 900, 900, 0, 0, 0, 0, 0, 0
CTUN, 355628, 0, 0, 0, 0, -0.16, -0.09, 0, 0, 0, -1
ATT, 355648, 0, -0.45, 0, 0.08, 95.2, 95.2, 0, 0
RCIN, 355648, 900, 900, 900, 900, 900, 900, 900, 900, 0, 0, 0, 0, 0, 0
GPS, 1, 0, 0, 0, 99.99, 0, 0, -0.15, -17, 0, 0, 0, 355708
CTUN, 355728, 0, 0, 0, 0, -0.15, -0.06, 0, 0, 0, -1
DU32, 7, 663768
CURR, 355729, 0, 0, 0, 0, 5006, 0
PM, 13, 1000, 37560, 10, 0, 0, 0
ATT, 355749, 0, -0.45, 0, 0.08, 95.2, 95.2, 0, 0
RCIN, 355749, 900, 900, 900, 900, 900, 900, 900, 900, 0, 0, 0, 0, 0, 0
CTUN, 355828, 0, 0, 0, 0, -0.15, -0.31, 0, 0, 0, -1
ATT, 355849, 0, -0.45, 0, 0.08, 95.2, 95.2, 0, 0
RCIN, 355849, 900, 900, 900, 900, 900, 900, 900, 900, 0, 0, 0, 0, 0, 0
GPS, 1, 0, 0, 0, 99.99, 0, 0, -0.16, -17, 0, 0, 0, 355907
CTUN, 355928, 0, 0, 0, 0, -0.16, 0.03, 0, 0, 0, -1
ATT, 355948, 0, -0.45, 0, 0.08, 95.2, 95.2, 0, 0
RCIN, 355948, 900, 900, 900, 900, 900, 900, 900, 900, 0, 0, 0, 0, 0, 0
CTUN, 356028, 0, 0, 0, 0, -0.15, -0.29, 0, 0, 0, -1
ATT, 356048, 0, -0.46, 0, 0.08, 95.2, 95.2, 0, 0
RCIN, 356049, 900, 900, 900, 900, 900, 900, 900, 900, 0, 0, 0, 0, 0, 0
GPS, 1, 0, 0, 0, 99.99, 0, 0, -0.16, -17, 0, 0, 0, 356108
CTUN, 356128, 0, 0, 0, 0, -0.16, 0.01, 0, 0, 0, -1
ATT, 356148, 0, -0.46, 0, 0.08, 95.21, 95.21, 0, 0
RCIN, 356149, 900, 900, 900, 900, 900, 900, 900, 900, 0, 0, 0, 0, 0, 0
CTUN, 356228, 0, 0, 0, 0, -0.15, 0.07, 0, 0, 0, -1
ATT, 356248, 0, -0.46, 0, 0.08, 95.2, 95.2, 0, 0
RCIN, 356248, 900, 900, 900, 900, 900, 900, 900, 900, 0, 0, 0, 0, 0, 0
GPS, 1, 0, 0, 0, 99.99, 0, 0, -0.14, -17, 0, 0, 0, 356307
CTUN, 356328, 0, 0, 0, 0, -0.14, -0.05, 0, 0, 0, -1
ATT, 356349, 0, -0.46, 0, 0.08, 95.2, 95.2, 0, 0
RCIN, 356349, 900, 900, 900, 900, 900, 900, 900, 900, 0, 0, 0, 0, 0, 0
CTUN, 356428, 0, 0, 0, 0, -0.13, -0.12, 0, 0, 0, 0
ATT, 356448, 0, -0.46, 0, 0.08, 95.2, 95.2, 0, 0
RCIN, 356448, 900, 900, 900, 900, 900, 900, 900, 900, 0, 0, 0, 0, 0, 0
GPS, 1, 0, 0, 0, 99.99, 0, 0, -0.13, -17, 0, 0, 0, 356508
CTUN, 356528, 0, 0, 0, 0, -0.13, -0.14, 0, 0, 0, 0
ATT, 356548, 0, -0.46, 0, 0.08, 95.21, 95.21, 0, 0
RCIN, 356548, 900, 900, 900, 900, 900, 900, 900, 900, 0, 0, 0, 0, 0, 0
CTUN, 356628, 0, 0, 0, 0, -0.14, -0.22, 0, 0, 0, 0
ATT, 356648, 0, -0.46, 0, 0.08, 95.2, 95.2, 0, 0
RCIN, 356648, 900, 900, 900, 900, 900, 900, 900, 900, 0, 0, 0, 0, 0, 0
GPS, 1, 0, 0, 0, 99.99, 0, 0, -0.14, -17, 0, 0, 0, 356708
CTUN, 356728, 0, 0, 0, 0, -0.14, -0.16, 0, 0, 0, 0
DU32, 7, 663768
CURR, 356729, 0, 0, 0, 0, 4984, 0
ATT, 356748, 0, -0.46, 0, 0.08, 95.2, 95.2, 0, 0
RCIN, 356748, 900, 900, 900, 900, 900, 900, 900, 900, 0, 0, 0, 0, 0, 0
CTUN, 356828, 0, 0, 0, 0, -0.14, -0.08, 0, 0, 0, 0
ATT, 356848, 0, -0.46, 0, 0.08, 95.2, 95.2, 0, 0
RCIN, 356849, 900, 900, 900, 900, 900, 900, 900, 900, 0, 0, 0, 0, 0, 0
GPS, 1, 0, 0, 0, 99.99, 0, 0, -0.14, -17, 0, 0, 0, 356908
CTUN, 356928, 0, 0, 0, 0, -0.14, 0.14, 0, 0, 0, 0
ATT, 356948, 0, -0.46, 0, 0.08, 95.2, 95.2, 0, 0
RCIN, 356949, 900, 900, 900, 900, 900, 900, 900, 900, 0, 0, 0, 0, 0, 0
CTUN, 357028, 0, 0, 0, 0, -0.12, 0.18, 0, 0, 0, 0
ATT, 357048, 0, -0.46, 0, 0.08, 95.2, 95.2, 0, 0
RCIN, 357048, 900, 900, 900, 900, 900, 900, 900, 900, 0, 0, 0, 0, 0, 0
GPS, 1, 0, 0, 0, 99.99, 0, 0, -0.11, -17, 0, 0, 0, 357108
CTUN, 357128, 0, 0, 0, 0, -0.11, -0.16, 0, 0, 0, 0
ATT, 357148, 0, -0.46, 0, 0.08, 95.2, 95.2, 0, 0
RCIN, 357148, 900, 900, 900, 900, 900, 900, 900, 900, 0, 0, 0, 0, 0, 0
CTUN, 357228, 0, 0, 0, 0, -0.11, -0.18, 0, 0, 0, 0
ATT, 357248, 0, -0.46, 0, 0.08, 95.2, 95.2, 0, 0
RCIN, 357249, 900, 900, 900, 900, 900, 900, 900, 900, 0, 0, 0, 0, 0, 0
GPS, 1, 0, 0, 0, 99.99, 0, 0, -0.11, -17, 0, 0, 0, 357308
CTUN, 357328, 0, 0, 0, 0, -0.11, 0.08, 0, 0, 0, 0
ATT, 357349, 0, -0.46, 0, 0.08, 95.2, 95.2, 0, 0
RCIN, 357349, 900, 900, 900, 900, 900, 900, 900, 900, 0, 0, 0, 0, 0, 0
CTUN, 357428, 0, 0, 0, 0, -0.1, -0.21, 0, 0, 0, 0
ATT, 357448, 0, -0.46, 0, 0.08, 95.2, 95.2, 0, 0
RCIN, 357448, 900, 900, 900, 900, 900, 900, 900, 900, 0, 0, 0, 0, 0, 0
GPS, 1, 0, 0, 0, 99.99, 0, 0, -0.11, -17, 0, 0, 0, 357508
CTUN, 357528, 0, 0, 0, 0, -0.11, -0.16, 0, 0, 0, 0
ATT, 357548, 0, -0.46, 0, 0.08, 95.2, 95.2, 0, 0
RCIN, 357548, 900, 900, 900, 900, 900, 900, 900, 900, 0, 0, 0, 0, 0, 0
CTUN, 357628, 0, 0, 0, 0, -0.11, 0.01, 0, 0, 0, 0
ATT, 357648, 0, -0.46, 0, 0.08, 95.2, 95.2, 0, 0
RCIN, 357648, 900, 900, 900, 900, 900, 900, 900, 900, 0, 0, 0, 0, 0, 0
GPS, 1, 0, 0, 0, 99.99, 0, 0, -0.11, -17, 0, 0, 0, 357708
CTUN, 357728, 0, 0, 0, 0, -0.1, -0.14, 0, 0, 0, 0
DU32, 7, 663768
CURR, 357729, 0, 0, 0, 0, 5006, 0
ATT, 357749, 0, -0.46, 0, 0.08, 95.2, 95.2, 0, 0
RCIN, 357749, 900, 900, 900, 900, 900, 900, 900, 900, 0, 0, 0, 0, 0, 0
CTUN, 357828, 0, 0, 0, 0, -0.11, -0.1, 0, 0, 0, 0
ATT, 357848, 0, -0.46, 0, 0.08, 95.2, 95.2, 0, 0
RCIN, 357848, 900, 900, 900, 900, 900, 900, 900, 900, 0, 0, 0, 0, 0, 0
GPS, 1, 0, 0, 0, 99.99, 0, 0, -0.11, -17, 0, 0, 0, 357908
CTUN, 357928, 0, 0, 0, 0, -0.11, -0.08, 0, 0, 0, 0
ATT, 357948, 0, -0.46, 0, 0.08, 95.19, 95.19, 0, 0
RCIN, 357948, 900, 900, 900, 900, 900, 900, 900, 900, 0, 0, 0, 0, 0, 0
CTUN, 358028, 0, 0, 0, 0, -0.11, 0.04, 0, 0, 0, 0
ATT, 358049, 0, -0.46, 0, 0.08, 95.19, 95.19, 0, 0
RCIN, 358049, 900, 900, 900, 900, 900, 900, 900, 900, 0, 0, 0, 0, 0, 0
GPS, 1, 0, 0, 0, 99.99, 0, 0, -0.1, -17, 0, 0, 0, 358108
CTUN, 358128, 0, 0, 0, 0, -0.1, 0, 0, 0, 0, 0
ATT, 358148, 0, -0.46, 0, 0.08, 95.19, 95.19, 0, 0
RCIN, 358148, 900, 900, 900, 900, 900, 900, 900, 900, 0, 0, 0, 0, 0, 0
CTUN, 358228, 0, 0, 0, 0, -0.09, -0.08, 0, 0, 0, 0
ATT, 358248, 0, -0.46, 0, 0.08, 95.19, 95.19, 0, 0
RCIN, 358248, 900, 900, 900, 900, 900, 900, 900, 900, 0, 0, 0, 0, 0, 0
GPS, 1, 0, 0, 0, 99.99, 0, 0, -0.09, -17, 0, 0, 0, 358308
CTUN, 358328, 0, 0, 0, 0, -0.09, -0.02, 0, 0, 0, 0
ATT, 358348, 0, -0.46, 0, 0.08, 95.19, 95.19, 0, 0
RCIN, 358348, 900, 900, 900, 900, 900, 900, 900, 900, 0, 0, 0, 0, 0, 0
CTUN, 358428, 0, 0, 0, 0, -0.08, 0, 0, 0, 0, 0
ATT, 358449, 0, -0.46, 0, 0.08, 95.19, 95.19, 0, 0
RCIN, 358450, 900, 900, 900, 900, 900, 900, 900, 900, 0, 0, 0, 0, 0, 0
GPS, 1, 0, 0, 0, 99.99, 0, 0, -0.08, -17, 0, 0, 0, 358508
CTUN, 358528, 0, 0, 0, 0, -0.08, 0.01, 0, 0, 0, 0
ATT, 358548, 0, -0.46, 0, 0.08, 95.19, 95.19, 0, 0
RCIN, 358548, 900, 900, 900, 900, 900, 900, 900, 900, 0, 0, 0, 0, 0, 0
CTUN, 358628, 0, 0, 0, 0, -0.07, -0.25, 0, 0, 0, 0
ATT, 358648, 0, -0.46, 0, 0.08, 95.19, 95.19, 0, 0
RCIN, 358648, 900, 900, 900, 900, 900, 900, 900, 900, 0, 0, 0, 0, 0, 0
GPS, 1, 0, 0, 0, 99.99, 0, 0, -0.08, -17, 0, 0, 0, 358708
CTUN, 358728, 0, 0, 0, 0, -0.08, -0.02, 0, 0, 0, 0
DU32, 7, 663768
CURR, 358729, 0, 0, 0, 0, 5028, 0
ATT, 358748, 0, -0.45, 0, 0.08, 95.19, 95.19, 0, 0
RCIN, 358748, 900, 900, 900, 900, 900, 900, 900, 900, 0, 0, 0, 0, 0, 0
CTUN, 358830, 0, 0, 0, 0, -0.08, -0.21, 0, 0, 0, 0
ATT, 358849, 0, -0.46, 0, 0.08, 95.19, 95.19, 0, 0
RCIN, 358849, 900, 900, 900, 900, 900, 900, 900, 900, 0, 0, 0, 0, 0, 0
GPS, 1, 0, 0, 0, 99.99, 0, 0, -0.08, -17, 0, 0, 0, 358909
CTUN, 358930, 0, 0, 0, 0, -0.09, 0.04, 0, 0, 0, 0
ATT, 358950, 0, -0.46, 0, 0.08, 95.19, 95.19, 0, 0
RCIN, 358950, 900, 900, 900, 900, 900, 900, 900, 900, 0, 0, 0, 0, 0, 0
CTUN, 359031, 0, 0, 0, 0, -0.08, -0.19, 0, 0, 0, 0
ATT, 359050, 0, -0.46, 0, 0.08, 95.18, 95.18, 0, 0
RCIN, 359050, 900, 900, 900, 900, 900, 900, 900, 900, 0, 0, 0, 0, 0, 0
GPS, 1, 0, 0, 0, 99.99, 0, 0, -0.08, -17, 0, 0, 0, 359109
CTUN, 359130, 0, 0, 0, 0, -0.08, -0.1, 0, 0, 0, 0
ATT, 359150, 0, -0.46, 0, 0.08, 95.18, 95.18, 0, 0
RCIN, 359150, 900, 900, 900, 900, 900, 900, 900, 900, 0, 0, 0, 0, 0, 0
CTUN, 359230, 0, 0, 0, 0, -0.08, -0.2, 0, 0, 0, 0
ATT, 359249, 0, -0.46, 0, 0.08, 95.19, 95.19, 0, 0
RCIN, 359250, 900, 900, 900, 900, 900, 900, 900, 900, 0, 0, 0, 0, 0, 0
GPS, 1, 0, 0, 0, 99.99, 0, 0, -0.09, -17, 0, 0, 0, 359309
CTUN, 359330, 0, 0, 0, 0, -0.09, -0.17, 0, 0, 0, 0
ATT, 359349, 0, -0.46, 0, 0.08, 95.18, 95.18, 0, 0
RCIN, 359350, 900, 900, 900, 900, 900, 900, 900, 900, 0, 0, 0, 0, 0, 0
CTUN, 359430, 0, 0, 0, 0, -0.09, -0.03, 0, 0, 0, 0
ATT, 359449, 0, -0.46, 0, 0.08, 95.18, 95.18, 0, 0
RCIN, 359450, 900, 900, 900, 900, 900, 900, 900, 900, 0, 0, 0, 0, 0, 0
GPS, 1, 0, 0, 0, 99.99, 0, 0, -0.09, -17, 0, 0, 0, 359509
CTUN, 359530, 0, 0, 0, 0, -0.09, -0.2, 0, 0, 0, 0
ATT, 359551, 0, -0.46, 0, 0.08, 95.18, 95.18, 0, 0
RCIN, 359551, 900, 900, 900, 900, 900, 900, 900, 900, 0, 0, 0, 0, 0, 0
CTUN, 359630, 0, 0, 0, 0, -0.1, -0.02, 0, 0, 0, 0
ATT, 359651, 0, -0.46, 0, 0.07, 95.18, 95.18, 0, 0
RCIN, 359651, 900, 900, 900, 900, 900, 900, 900, 900, 0, 0, 0, 0, 0, 0
GPS, 1, 0, 0, 0, 99.99, 0, 0, -0.09, -17, 0, 0, 0, 359709
CTUN, 359730, 0, 0, 0, 0, -0.09, -0.1, 0, 0, 0, 0
DU32, 7, 663768
CURR, 359731, 0, 0, 0, 0, 5006, 0
ATT, 359750, 0, -0.46, 0, 0.07, 95.18, 95.18, 0, 0
RCIN, 359751, 900, 900, 900, 900, 900, 900, 900, 900, 0, 0, 0, 0, 0, 0
CTUN, 359830, 0, 0, 0, 0, -0.09, -0.1, 0, 0, 0, 0
ATT, 359849, 0, -0.46, 0, 0.07, 95.18, 95.18, 0, 0
RCIN, 359850, 900, 900, 900, 900, 900, 900, 900, 900, 0, 0, 0, 0, 0, 0
GPS, 1, 0, 0, 0, 99.99, 0, 0, -0.09, -17, 0, 0, 0, 359909
CTUN, 359930, 0, 0, 0, 0, -0.09, -0.21, 0, 0, 0, 0
ATT, 359950, 0, -0.46, 0, 0.07, 95.18, 95.18, 0, 0
RCIN, 359950, 900, 900, 900, 900, 900, 900, 900, 900, 0, 0, 0, 0, 0, 0
CTUN, 360030, 0, 0, 0, 0, -0.1, -0.16, 0, 0, 0, 0
ATT, 360050, 0, -0.46, 0, 0.07, 95.18, 95.18, 0, 0
RCIN, 360050, 900, 900, 900, 900, 900, 900, 900, 900, 0, 0, 0, 0, 0, 0
GPS, 1, 0, 0, 0, 99.99, 0, 0, -0.1, -17, 0, 0, 0, 360109
CTUN, 360130, 0, 0, 0, 0, -0.1, -0.01, 0, 0, 0, 0
ATT, 360149, 0, -0.46, 0, 0.07, 95.18, 95.18, 0, 0
RCIN, 360150, 900, 900, 900, 900, 900, 900, 900, 900, 0, 0, 0, 0, 0, 0
CTUN, 360230, 0, 0, 0, 0, -0.1, -0.17, 0, 0, 0, 0
ATT, 360249, 0, -0.46, 0, 0.07, 95.18, 95.18, 0, 0
RCIN, 360250, 900, 900, 900, 900, 900, 900, 900, 900, 0, 0, 0, 0, 0, 0
GPS, 1, 0, 0, 0, 99.99, 0, 0, -0.1, -17, 0, 0, 0, 360309
CTUN, 360330, 0, 0, 0, 0, -0.1, 0.04, 0, 0, 0, 0
ATT, 360349, 0, -0.46, 0, 0.07, 95.18, 95.18, 0, 0
RCIN, 360350, 900, 900, 900, 900, 900, 900, 900, 900, 0, 0, 0, 0, 0, 0
CTUN, 360430, 0, 0, 0, 0, -0.09, -0.16, 0, 0, 0, 0
ATT, 360449, 0, -0.46, 0, 0.07, 95.18, 95.18, 0, 0
RCIN, 360450, 900, 900, 900, 900, 900, 900, 900, 900, 0, 0, 0, 0, 0, 0
GPS, 1, 0, 0, 0, 99.99, 0, 0, -0.09, -17, 0, 0, 0, 360509
CTUN, 360530, 0, 0, 0, 0, -0.09, -0.26, 0, 0, 0, 0
ATT, 360550, 0, -0.46, 0, 0.07, 95.18, 95.18, 0, 0
RCIN, 360550, 900, 900, 900, 900, 900, 900, 900, 900, 0, 0, 0, 0, 0, 0
CTUN, 360630, 0, 0, 0, 0, -0.1, -0.06, 0, 0, 0, 0
ATT, 360650, 0, -0.46, 0, 0.07, 95.18, 95.18, 0, 0
RCIN, 360650, 900, 900, 900, 900, 900, 900, 900, 900, 0, 0, 0, 0, 0, 0
GPS, 1, 0, 0, 0, 99.99, 0, 0, -0.1, -17, 0, 0, 0, 360709
CTUN, 360730, 0, 0, 0, 0, -0.1, 0.09, 0, 0, 0, 0
DU32, 7, 663768
CURR, 360731, 0, 0, 0, 0, 4940, 0
ATT, 360750, 0, -0.47, 0, 0.07, 95.18, 95.18, 0, 0
RCIN, 360750, 900, 900, 900, 900, 900, 900, 900, 900, 0, 0, 0, 0, 0, 0
CTUN, 360832, 0, 0, 0, 0, -0.09, -0.25, 0, 0, 0, 0
ATT, 360852, 0, -0.47, 0, 0.07, 95.18, 95.18, 0, 0
RCIN, 360852, 900, 900, 900, 900, 900, 900, 900, 900, 0, 0, 0, 0, 0, 0
GPS, 1, 0, 0, 0, 99.99, 0, 0, -0.1, -17, 0, 0, 0, 360910
CTUN, 360931, 0, 0, 0, 0, -0.1, 0.15, 0, 0, 0, 0
ATT, 360950, 0, -0.47, 0, 0.07, 95.18, 95.18, 0, 0
RCIN, 360951, 900, 900, 900, 900, 900, 900, 900, 900, 0, 0, 0, 0, 0, 0
CTUN, 361030, 0, 0, 0, 0, -0.08, -0.11, 0, 0, 0, 0
ATT, 361050, 0, -0.47, 0, 0.07, 95.18, 95.18, 0, 0
RCIN, 361050, 900, 900, 900, 900, 900, 900, 900, 900, 0, 0, 0, 0, 0, 0
GPS, 1, 0, 0, 0, 99.99, 0, 0, -0.08, -17, 0, 0, 0, 361110
CTUN, 361131, 0, 0, 0, 0, -0.08, -0.06, 0, 0, 0, 0
ATT, 361152, 0, -0.47, 0, 0.07, 95.18, 95.18, 0, 0
RCIN, 361152, 900, 900, 900, 900, 900, 900, 900, 900, 0, 0, 0, 0, 0, 0
CTUN, 361230, 0, 0, 0, 0, -0.08, 0.03, 0, 0, 0, 0
ATT, 361250, 0, -0.47, 0, 0.07, 95.18, 95.18, 0, 0
RCIN, 361250, 900, 900, 900, 900, 900, 900, 900, 900, 0, 0, 0, 0, 0, 0
GPS, 1, 0, 0, 0, 99.99, 0, 0, -0.07, -17, 0, 0, 0, 361309
CTUN, 361332, 0, 0, 0, 0, -0.07, -0.09, 0, 0, 0, 0
ATT, 361351, 0, -0.47, 0, 0.07, 95.18, 95.18, 0, 0
RCIN, 361351, 900, 900, 900, 900, 900, 900, 900, 900, 0, 0, 0, 0, 0, 0
CTUN, 361431, 0, 0, 0, 0, -0.07, 0.04, 0, 0, 0, 0
ATT, 361451, 0, -0.47, 0, 0.07, 95.18, 95.18, 0, 0
RCIN, 361451, 900, 900, 900, 900, 900, 900, 900, 900, 0, 0, 0, 0, 0, 0
GPS, 1, 0, 0, 0, 99.99, 0, 0, -0.07, -17, 0, 0, 0, 361509
CTUN, 361530, 0, 0, 0, 0, -0.06, 0.09, 0, 0, 0, 0
ATT, 361550, 0, -0.47, 0, 0.07, 95.18, 95.18, 0, 0
RCIN, 361550, 900, 900, 900, 900, 900, 900, 900, 900, 0, 0, 0, 0, 0, 0
CTUN, 361631, 0, 0, 0, 0, -0.05, -0.11, 0, 0, 0, 1
ATT, 361651, 0, -0.47, 0, 0.07, 95.18, 95.18, 0, 0
RCIN, 361651, 900, 900, 900, 900, 900, 900, 900, 900, 0, 0, 0, 0, 0, 0
GPS, 1, 0, 0, 0, 99.99, 0, 0, -0.06, -17, 0, 0, 0, 361710
CTUN, 361730, 0, 0, 0, 0, -0.06, -0.07, 0, 0, 0, 1
DU32, 7, 663768
CURR, 361731, 0, 0, 0, 0, 5028, 0
ATT, 361750, 0, -0.47, 0, 0.07, 95.18, 95.18, 0, 0
RCIN, 361750, 900, 900, 900, 900, 900, 900, 900, 900, 0, 0, 0, 0, 0, 0
CTUN, 361832, 0, 0, 0, 0, -0.06, -0.2, 0, 0, 0, 1
ATT, 361851, 0, -0.48, 0, 0.07, 95.17, 95.17, 0, 0
RCIN, 361851, 900, 900, 900, 900, 900, 900, 900, 900, 0, 0, 0, 0, 0, 0
GPS, 1, 0, 0, 0, 99.99, 0, 0, -0.06, -17, 0, 0, 0, 361910
CTUN, 361931, 0, 0, 0, 0, -0.06, -0.04, 0, 0, 0, 1
ATT, 361950, 0, -0.48, 0, 0.07, 95.18, 95.18, 0, 0
RCIN, 361951, 900, 900, 900, 900, 900, 900, 900, 900, 0, 0, 0, 0, 0, 0
CTUN, 362030, 0, 0, 0, 0, -0.06, -0.05, 0, 0, 0, 1
ATT, 362050, 0, -0.48, 0, 0.06, 95.17, 95.17, 0, 0
RCIN, 362050, 900, 900, 900, 900, 900, 900, 900, 900, 0, 0, 0, 0, 0, 0
GPS, 1, 0, 0, 0, 99.99, 0, 0, -0.06, -17, 0, 0, 0, 362110
CTUN, 362131, 0, 0, 0, 0, -0.06, 0.02, 0, 0, 0, 1
ATT, 362151, 0, -0.48, 0, 0.06, 95.17, 95.17, 0, 0
RCIN, 362151, 900, 900, 900, 900, 900, 900, 900, 900, 0, 0, 0, 0, 0, 0
CTUN, 362230, 0, 0, 0, 0, -0.05, 0.08, 0, 0, 0, 1
ATT, 362250, 0, -0.48, 0, 0.06, 95.17, 95.17, 0, 0
RCIN, 362251, 900, 900, 900, 900, 900, 900, 900, 900, 0, 0, 0, 0, 0, 0
GPS, 1, 0, 0, 0, 99.99, 0, 0, -0.04, -17, 0, 0, 0, 362310
CTUN, 362332, 0, 0, 0, 0, -0.04, -0.28, 0, 0, 0, 1
ATT, 362352, 0, -0.48, 0, 0.06, 95.17, 95.17, 0, 0
RCIN, 362352, 900, 900, 900, 900, 900, 900, 900, 900, 0, 0, 0, 0, 0, 0
CTUN, 362431, 0, 0, 0, 0, -0.05, 0.01, 0, 0, 0, 1
ATT, 362450, 0, -0.48, 0, 0.06, 95.17, 95.17, 0, 0
RCIN, 362451, 900, 900, 900, 900, 900, 900, 900, 900, 0, 0, 0, 0, 0, 0
GPS, 1, 0, 0, 0, 99.99, 0, 0, -0.05, -17, 0, 0, 0, 362511
CTUN, 362530, 0, 0, 0, 0, -0.05, 0.05, 0, 0, 0, 1
ATT, 362550, 0, -0.48, 0, 0.06, 95.17, 95.17, 0, 0
RCIN, 362550, 900, 900, 900, 900, 900, 900, 900, 900, 0, 0, 0, 0, 0, 0
CTUN, 362631, 0, 0, 0, 0, -0.04, -0.22, 0, 0, 0, 1
ATT, 362651, 0, -0.48, 0, 0.06, 95.17, 95.17, 0, 0
RCIN, 362651, 900, 900, 900, 900, 900, 900, 900, 900, 0, 0, 0, 0, 0, 0
GPS, 1, 0, 0, 0, 99.99, 0, 0, -0.05, -17, 0, 0, 0, 362711
CTUN, 362730, 0, 0, 0, 0, -0.05, -0.14, 0, 0, 0, 1
DU32, 7, 663768
CURR, 362731, 0, 0, 0, 0, 5006, 0
ATT, 362750, 0, -0.48, 0, 0.06, 95.17, 95.17, 0, 0
RCIN, 362750, 900, 900, 900, 900, 900, 900, 900, 900, 0, 0, 0, 0, 0, 0
CTUN, 362830, 0, 0, 0, 0, -0.05, -0.21, 0, 0, 0, 1
ATT, 362852, 0, -0.48, 0, 0.06, 95.17, 95.17, 0, 0
RCIN, 362852, 900, 900, 900, 900, 900, 900, 900, 900, 0, 0, 0, 0, 0, 0
GPS, 1, 0, 0, 0, 99.99, 0, 0, -0.06, -17, 0, 0, 0, 362911
CTUN, 362931, 0, 0, 0, 0, -0.06, -0.08, 0, 0, 0, 0
ATT, 362950, 0, -0.48, 0, 0.06, 95.16, 95.16, 0, 0
RCIN, 362951, 900, 900, 900, 900, 900, 900, 900, 900, 0, 0, 0, 0, 0, 0
CTUN, 363030, 0, 0, 0, 0, -0.06, -0.26, 0, 0, 0, 0
ATT, 363050, 0, -0.47, 0, 0.06, 95.17, 95.17, 0, 0
RCIN, 363050, 900, 900, 900, 900, 900, 900, 900, 900, 0, 0, 0, 0, 0, 0
GPS, 1, 0, 0, 0, 99.99, 0, 0, -0.07, -17, 0, 0, 0, 363112
CTUN, 363131, 0, 0, 0, 0, -0.07, -0.14, 0, 0, 0, 0
ATT, 363151, 0, -0.48, 0, 0.06, 95.17, 95.17, 0, 0
RCIN, 363151, 900, 900, 900, 900, 900, 900, 900, 900, 0, 0, 0, 0, 0, 0
CTUN, 363230, 0, 0, 0, 0, -0.08, -0.19, 0, 0, 0, 0
ATT, 363250, 0, -0.47, 0, 0.06, 95.17, 95.17, 0, 0
RCIN, 363250, 900, 900, 900, 900, 900, 900, 900, 900, 0, 0, 0, 0, 0, 0
GPS, 1, 0, 0, 0, 99.99, 0, 0, -0.08, -17, 0, 0, 0, 363309
CTUN, 363330, 0, 0, 0, 0, -0.08, 0.01, 0, 0, 0, 0
ATT, 363351, 0, -0.47, 0, 0.06, 95.17, 95.17, 0, 0
RCIN, 363351, 900, 900, 900, 900, 900, 900, 900, 900, 0, 0, 0, 0, 0, 0
CTUN, 363431, 0, 0, 0, 0, -0.08, -0.16, 0, 0, 0, 0
ATT, 363451, 0, -0.47, 0, 0.06, 95.17, 95.17, 0, 0
RCIN, 363451, 900, 900, 900, 900, 900, 900, 900, 900, 0, 0, 0, 0, 0, 0
GPS, 1, 0, 0, 0, 99.99, 0, 0, -0.08, -17, 0, 0, 0, 363509
CTUN, 363530, 0, 0, 0, 0, -0.08, -0.27, 0, 0, 0, 0
ATT, 363549, 0, -0.47, 0, 0.06, 95.17, 95.17, 0, 0
RCIN, 363550, 900, 900, 900, 900, 900, 900, 900, 900, 0, 0, 0, 0, 0, 0
CTUN, 363631, 0, 0, 0, 0, -0.09, -0.16, 0, 0, 0, 0
ATT, 363651, 0, -0.47, 0, 0.06, 95.17, 95.17, 0, 0
RCIN, 363652, 900, 900, 900, 900, 900, 900, 900, 900, 0, 0, 0, 0, 0, 0
GPS, 1, 0, 0, 0, 99.99, 0, 0, -0.1, -17, 0, 0, 0, 363710
CTUN, 363730, 0, 0, 0, 0, -0.1, -0.3, 0, 0, 0, 0
DU32, 7, 663768
CURR, 363731, 0, 0, 0, 0, 4984, 0
EV, 10
MODE, Stabilize, 450
CTUN, 703977, 0, 0, 0, 0, 0, 0.16, 0, 0, 0, 5
ATT, 703987, 0, -0.55, 0, 0.18, 93.09, 93.09, 0, 0.01
RCIN, 703987, 900, 900, 900, 900, 900, 900, 900, 900, 0, 0, 0, 0, 0, 0
GPS, 1, 0, 0, 0, 99.99, 0, 0, 0, -17, 0, 0, 0, 704037
CTUN, 704079, 0, 0, 0, 0, 0.01, -0.06, 0, 0, 0, 5
ATT, 704087, 0, -0.55, 0, 0.18, 93.09, 93.09, 0, 0.01
RCIN, 704087, 900, 900, 900, 900, 900, 900, 900, 900, 0, 0, 0, 0, 0, 0
CTUN, 704179, 0, 0, 0, 0, 0.01, 0.22, 0, 0, 0, 5
RAD, 704180, 200, 204, 88, 23, 57, 0, 0
RAD, 704181, 200, 204, 88, 23, 57, 0, 0
ATT, 704188, 0, -0.56, 0, 0.19, 93.08, 93.08, 0, 0.01
RCIN, 704189, 900, 900, 900, 900, 900, 900, 900, 900, 0, 0, 0, 0, 0, 0
GPS, 1, 0, 0, 0, 99.99, 0, 0, 0.02, -17, 0, 0, 0, 704238
DU32, 7, 655576
CURR, 704267, 0, 0, 0, 0, 4752, 0
CTUN, 704279, 0, 0, 0, 0, 0.03, 0.62, 0, 0, 0, 5
ATT, 704288, 0, -0.56, 0, 0.19, 93.07, 93.07, 0, 0.01
RCIN, 704288, 900, 900, 900, 900, 900, 900, 900, 900, 0, 0, 0, 0, 0, 0
CTUN, 704380, 0, 0, 0, 0, 0.07, -0.39, 0, 0, 0, 6
ATT, 704390, 0, -0.56, 0, 0.19, 93.07, 93.07, 0, 0.01
RCIN, 704390, 900, 900, 900, 900, 900, 900, 900, 900, 0, 0, 0, 0, 0, 0
RAD, 704420, 201, 204, 95, 26, 57, 0, 0
RAD, 704421, 201, 204, 95, 26, 57, 0, 0
GPS, 1, 0, 0, 0, 99.99, 0, 0, 0.06, -17, 0, 0, 0, 704438
CTUN, 704480, 0, 0, 0, 0, 0.05, 1.28, 0, 0, 0, 5
ATT, 704488, 0, -0.55, 0, 0.19, 93.06, 93.06, 0, 0
RCIN, 704488, 900, 900, 900, 900, 900, 900, 900, 900, 0, 0, 0, 0, 0, 0
CTUN, 704578, 0, 0, 0, 0, 0.13, 0.74, 0, 0, 0, 7
ATT, 704587, 0, -0.55, 0, 0.2, 93.06, 93.06, 0, 0.02
RCIN, 704588, 900, 900, 900, 900, 900, 900, 900, 900, 0, 0, 0, 0, 0, 0
GPS, 1, 0, 0, 0, 99.99, 0, 0, 0.16, -17, 0, 0, 0, 704638
CTUN, 704680, 0, 0, 0, 0, 0.17, 0.3, 0, 0, 0, 7
ATT, 704688, 0, -0.55, 0, 0.2, 93.05, 93.05, 0, 0.24
RCIN, 704689, 900, 900, 900, 900, 900, 900, 900, 900, 0, 0, 0, 0, 0, 0
CTUN, 704778, 0, 0, 0, 0, 0.19, -0.14, 0, 0, 0, 8
ATT, 704788, 0, -0.55, 0, 0.2, 93.16, 93.16, 0, 0.01
RCIN, 704788, 900, 900, 900, 900, 900, 900, 900, 900, 0, 0, 0, 0, 0, 0
GPS, 1, 0, 0, 0, 99.99, 0, 0, 0.18, -17, 0, 0, 0, 704837
CTUN, 704878, 0, 0, 0, 0, 0.18, -0.16, 0, 0, 0, 7
ATT, 704890, 0, -0.55, 0, 0.21, 93.15, 93.15, 0, 0.02
RCIN, 704890, 900, 900, 900, 900, 900, 900, 900, 900, 0, 0, 0, 0, 0, 0
CTUN, 704978, 0, 0, 0, 0, 0.17, 0.18, 0, 0, 0, 7
ATT, 704988, 0, -0.55, 0, 0.21, 93.15, 93.15, 0, 0.04
RCIN, 704988, 900, 900, 900, 900, 900, 900, 900, 900, 0, 0, 0, 0, 0, 0
GPS, 1, 0, 0, 0, 99.99, 0, 0, 0.17, -17, 0, 0, 0, 705037
CTUN, 705077, 0, 0, 0, 0, 0.18, 0.07, 0, 0, 0, 7
ATT, 705088, 0, -0.55, 0, 0.21, 93.17, 93.17, 0, 0
RCIN, 705088, 900, 900, 900, 900, 900, 900, 900, 900, 0, 0, 0, 0, 0, 0
CTUN, 705179, 0, 0, 0, 0, 0.18, -0.41, 0, 0, 0, 7
ATT, 705189, 0, -0.55, 0, 0.22, 93.17, 93.17, 0, 0.01
RCIN, 705189, 900, 900, 900, 900, 900, 900, 900, 900, 0, 0, 0, 0, 0, 0
GPS, 1, 0, 0, 0, 99.99, 0, 0, 0.16, -17, 0, 0, 0, 705238
DU32, 7, 655576
CURR, 705267, 0, 0, 0, 0, 4752, 0
CTUN, 705278, 0, 0, 0, 0, 0.15, 0.57, 0, 0, 0, 6
ATT, 705288, 0, -0.54, 0, 0.22, 93.17, 93.17, 0, 0.01
RCIN, 705288, 900, 900, 900, 900, 900, 900, 900, 900, 0, 0, 0, 0, 0, 0
CTUN, 705378, 0, 0, 0, 0, 0.18, -0.46, 0, 0, 0, 7
ATT, 705387, 0, -0.54, 0, 0.22, 93.16, 93.16, 0, 0
RCIN, 705387, 900, 900, 900, 900, 900, 900, 900, 900, 0, 0, 0, 0, 0, 0
RAD, 705399, 203, 204, 98, 28, 54, 0, 0
RAD, 705400, 203, 204, 98, 28, 54, 0, 0
GPS, 1, 0, 0, 0, 99.99, 0, 0, 0.16, -17, 0, 0, 0, 705438
CTUN, 705478, 0, 0, 0, 0, 0.15, -0.37, 0, 0, 0, 6
ATT, 705489, 0, -0.54, 0, 0.23, 93.16, 93.16, 0, 0.01
RCIN, 705489, 900, 900, 900, 900, 900, 900, 900, 900, 0, 0, 0, 0, 0, 0
CTUN, 705577, 0, 0, 0, 0, 0.13, -0.31, 0, 0, 0, 5
ATT, 705587, 0, -0.54, 0, 0.23, 93.15, 93.15, 0, 0.01
RCIN, 705587, 900, 900, 900, 900, 900, 900, 900, 900, 0, 0, 0, 0, 0, 0
GPS, 1, 0, 0, 0, 99.99, 0, 0, 0.11, -17, 0, 0, 0, 705637
CTUN, 705679, 0, 0, 0, 0, 0.1, -0.11, 0, 0, 0, 5
ATT, 705688, 0, -0.54, 0, 0.23, 93.15, 93.15, 0, 0
RCIN, 705689, 900, 900, 900, 900, 900, 900, 900, 900, 0, 0, 0, 0, 0, 0
CTUN, 705778, 0, 0, 0, 0, 0.1, -0.26, 0, 0, 0, 5
ATT, 705787, 0, -0.54, 0, 0.24, 93.15, 93.15, 0, 0.01
RCIN, 705788, 900, 900, 900, 900, 900, 900, 900, 900, 0, 0, 0, 0, 0, 0
GPS, 1, 0, 0, 0, 99.99, 0, 0, 0.09, -17, 0, 0, 0, 705837
CTUN, 705877, 0, 0, 0, 0, 0.08, -0.18, 0, 0, 0, 4
ATT, 705887, 0, -0.54, 0, 0.24, 93.14, 93.14, 0, 0
RCIN, 705887, 900, 900, 900, 900, 900, 900, 900, 900, 0, 0, 0, 0, 0, 0
CTUN, 705978, 0, 0, 0, 0, 0.07, -0.23, 0, 0, 0, 4
ATT, 705989, 0, -0.54, 0, 0.24, 93.14, 93.14, 0, 0.02
RCIN, 705989, 900, 900, 900, 900, 900, 900, 900, 900, 0, 0, 0, 0, 0, 0
GPS, 1, 0, 0, 0, 99.99, 0, 0, 0.06, -17, 0, 0, 0, 706037
CTUN, 706078, 0, 0, 0, 0, 0.06, -0.41, 0, 0, 0, 3
ATT, 706087, 0, -0.54, 0, 0.25, 93.14, 93.14, 0, 0.02
RCIN, 706087, 900, 900, 900, 900, 900, 900, 900, 900, 0, 0, 0, 0, 0, 0
CTUN, 706178, 0, 0, 0, 0, 0.03, -0.28, 0, 0, 0, 3
ATT, 706188, 0, -0.54, 0, 0.25, 93.12, 93.12, 0, 0.01
RCIN, 706189, 900, 900, 900, 900, 900, 900, 900, 900, 0, 0, 0, 0, 0, 0
GPS, 1, 0, 0, 0, 99.99, 0, 0, 0.02, -17, 0, 0, 0, 706237
DU32, 7, 655576
CURR, 706266, 0, 0, 0, 0, 4752, 0
PM, 37, 1000, 38303, 10, 0, 0, 0
CTUN, 706278, 0, 0, 0, 0, 0.02, -0.52, 0, 0, 0, 2
ATT, 706288, 0, -0.53, 0, 0.25, 93.11, 93.11, 0, 0
RCIN, 706288, 900, 900, 900, 900, 900, 900, 900, 900, 0, 0, 0, 0, 0, 0
CTUN, 706377, 0, 0, 0, 0, 0, 0.51, 0, 0, 0, 2
ATT, 706387, 0, -0.53, 0, 0.25, 93.11, 93.11, 0, 0.04
RCIN, 706387, 900, 900, 900, 900, 900, 900, 900, 900, 0, 0, 0, 0, 0, 0
GPS, 1, 0, 0, 0, 99.99, 0, 0, 0.01, -17, 0, 0, 0, 706438
CTUN, 706478, 0, 0, 0, 0, 0.02, 0.38, 0, 0, 0, 3
ATT, 706488, 0, -0.53, 0, 0.25, 93.13, 93.13, 0, 0.03
RCIN, 706489, 900, 900, 900, 900, 900, 900, 900, 900, 0, 0, 0, 0, 0, 0
RAD, 706518, 204, 204, 93, 25, 54, 0, 0
RAD, 706520, 204, 204, 93, 25, 54, 0, 0
CTUN, 706578, 0, 0, 0, 0, 0.05, 0.56, 0, 0, 0, 3
ATT, 706588, 0, -0.54, 0, 0.26, 93.15, 93.15, 0, 0.04
RCIN, 706588, 900, 900, 900, 900, 900, 900, 900, 900, 0, 0, 0, 0, 0, 0
GPS, 1, 0, 0, 0, 99.99, 0, 0, 0.07, -17, 0, 0, 0, 706637
CTUN, 706678, 0, 0, 0, 0, 0.08, 0.46, 0, 0, 0, 4
ATT, 706688, 0, -0.53, 0, 0.26, 93.17, 93.17, 0, 0
RCIN, 706688, 900, 900, 900, 900, 900, 900, 900, 900, 0, 0, 0, 0, 0, 0
CTUN, 706778, 0, 0, 0, 0, 0.11, 0.64, 0, 0, 0, 4
ATT, 706788, 0, -0.54, 0, 0.26, 93.16, 93.16, 0, 0.01
RCIN, 706788, 900, 900, 900, 900, 900, 900, 900, 900, 0, 0, 0, 0, 0, 0
GPS, 1, 0, 0, 0, 99.99, 0, 0, 0.13, -17, 0, 0, 0, 706837
CTUN, 706878, 0, 0, 0, 0, 0.14, -0.36, 0, 0, 0, 5
ATT, 706887, 0, -0.53, 0, 0.26, 93.16, 93.16, 0, 0.01
RCIN, 706887, 900, 900, 900, 900, 900, 900, 900, 900, 0, 0, 0, 0, 0, 0
CTUN, 706978, 0, 0, 0, 0, 0.12, -0.15, 0, 0, 0, 4
ATT, 706988, 0, -0.53, 0, 0.26, 93.15, 93.15, 0, 0.02
RCIN, 706988, 900, 900, 900, 900, 900, 900, 900, 900, 0, 0, 0, 0, 0, 0
GPS, 1, 0, 0, 0, 99.99, 0, 0, 0.11, -17, 0, 0, 0, 707037
CTUN, 707078, 0, 0, 0, 0, 0.11, 0.48, 0, 0, 0, 4
ATT, 707088, 0, -0.53, 0, 0.26, 93.14, 93.14, 0, 0
RCIN, 707088, 900, 900, 900, 900, 900, 900, 900, 900, 0, 0, 0, 0, 0, 0
CTUN, 707178, 0, 0, 0, 0, 0.14, 0.43, 0, 0, 0, 4
ATT, 707188, 0, -0.53, 0, 0.27, 93.13, 93.13, 0, 0
RCIN, 707188, 900, 900, 900, 900, 900, 900, 900, 900, 0, 0, 0, 0, 0, 0
GPS, 1, 0, 0, 0, 99.99, 0, 0, 0.15, -17, 0, 0, 0, 707237
DU32, 7, 655576
CURR, 707267, 0, 0, 0, 0, 4712, 0
CTUN, 707278, 0, 0, 0, 0, 0.16, 0.54, 0, 0, 0, 5
ATT, 707288, 0, -0.53, 0, 0.27, 93.13, 93.13, 0, 0
RCIN, 707288, 900, 900, 900, 900, 900, 900, 900, 900, 0, 0, 0, 0, 0, 0
RAD, 707338, 204, 204, 98, 25, 55, 0, 0
RAD, 707357, 204, 204, 98, 25, 55, 0, 0
CTUN, 707377, 0, 0, 0, 0, 0.19, 0.25, 0, 0, 0, 5
ATT, 707387, 0, -0.53, 0, 0.27, 93.14, 93.14, 0, 0.02
RCIN, 707387, 900, 900, 900, 900, 900, 900, 900, 900, 0, 0, 0, 0, 0, 0
GPS, 1, 0, 0, 0, 99.99, 0, 0, 0.19, -17, 0, 0, 0, 707437
CTUN, 707478, 0, 0, 0, 0, 0.2, -0.02, 0, 0, 0, 5
ATT, 707488, 0, -0.53, 0, 0.28, 93.13, 93.13, 0, 0
RCIN, 707488, 900, 900, 900, 900, 900, 900, 900, 900, 0, 0, 0, 0, 0, 0
CTUN, 707578, 0, 0, 0, 0, 0.19, -0.41, 0, 0, 0, 5
ATT, 707587, 0, -0.53, 0, 0.28, 93.13, 93.13, 0, 0.02
RCIN, 707588, 900, 900, 900, 900, 900, 900, 900, 900, 0, 0, 0, 0, 0, 0
GPS, 1, 0, 0, 0, 99.99, 0, 0, 0.17, -17, 0, 0, 0, 707637
CTUN, 707678, 0, 0, 0, 0, 0.16, -0.48, 0, 0, 0, 4
ATT, 707688, 0, -0.53, 0, 0.28, 93.12, 93.12, 0, 0.01
RCIN, 707688, 900, 900, 900, 900, 900, 900, 900, 900, 0, 0, 0, 0, 0, 0
CTUN, 707778, 0, 0, 0, 0, 0.12, 0.9, 0, 0, 0, 4
ATT, 707787, 0, -0.53, 0, 0.28, 93.11, 93.11, 0, 0.01
RCIN, 707788, 900, 900, 900, 900, 900, 900, 900, 900, 0, 0, 0, 0, 0, 0
GPS, 1, 0, 0, 0, 99.99, 0, 0, 0.16, -17, 0, 0, 0, 707837
CTUN, 707877, 0, 0, 0, 0, 0.18, -0.42, 0, 0, 0, 4
ATT, 707887, 0, -0.53, 0, 0.29, 93.11, 93.11, 0, 0.12
RCIN, 707888, 900, 900, 900, 900, 900, 900, 900, 900, 0, 0, 0, 0, 0, 0
CTUN, 707978, 0, 0, 0, 0, 0.14, -0.02, 0, 0, 0, 4
ATT, 707988, 0, -0.53, 0, 0.29, 93.16, 93.16, 0, 0
RCIN, 707989, 900, 900, 900, 900, 900, 900, 900, 900, 0, 0, 0, 0, 0, 0
GPS, 1, 0, 0, 0, 99.99, 0, 0, 0.14, -17, 0, 0, 0, 708037
CTUN, 708077, 0, 0, 0, 0, 0.14, -0.24, 0, 0, 0, 3
ATT, 708087, 0, -0.53, 0, 0.29, 93.17, 93.17, 0, 0.01
RCIN, 708087, 900, 900, 900, 900, 900, 900, 900, 900, 0, 0, 0, 0, 0, 0
CTUN, 708178, 0, 0, 0, 0, 0.12, -0.12, 0, 0, 0, 3
ATT, 708188, 0, -0.53, 0, 0.29, 93.16, 93.16, 0, 0.01
RCIN, 708189, 900, 900, 900, 900, 900, 900, 900, 900, 0, 0, 0, 0, 0, 0
GPS, 1, 0, 0, 0, 99.99, 0, 0, 0.11, -17, 0, 0, 0, 708237
DU32, 7, 655576
CURR, 708266, 0, 0, 0, 0, 4732, 0
CTUN, 708278, 0, 0, 0, 0, 0.11, 0.94, 0, 0, 0, 3
ATT, 708288, 0, -0.53, 0, 0.29, 93.16, 93.16, 0, 0.01
RCIN, 708288, 900, 900, 900, 900, 900, 900, 900, 900, 0, 0, 0, 0, 0, 0
RAD, 708317, 205, 204, 100, 28, 56, 0, 0
RAD, 708337, 205, 204, 100, 28, 56, 0, 0
CTUN, 708377, 0, 0, 0, 0, 0.16, 0.53, 0, 0, 0, 4
ATT, 708387, 0, -0.53, 0, 0.3, 93.15, 93.15, 0, 0.02
RCIN, 708387, 900, 900, 900, 900, 900, 900, 900, 900, 0, 0, 0, 0, 0, 0
GPS, 1, 0, 0, 0, 99.99, 0, 0, 0.18, -17, 0, 0, 0, 708437
CTUN, 708478, 0, 0, 0, 0, 0.19, -0.59, 0, 0, 0, 4
ATT, 708488, 0, -0.53, 0, 0.3, 93.14, 93.14, 0, 0
RCIN, 708488, 900, 900, 900, 900, 900, 900, 900, 900, 0, 0, 0, 0, 0, 0
CTUN, 708577, 0, 0, 0, 0, 0.15, -0.38, 0, 0, 0, 3
ATT, 708587, 0, -0.53, 0, 0.3, 93.13, 93.13, 0, 0
RCIN, 708587, 900, 900, 900, 900, 900, 900, 900, 900, 0, 0, 0, 0, 0, 0
GPS, 1, 0, 0, 0, 99.99, 0, 0, 0.13, -17, 0, 0, 0, 708637
CTUN, 708677, 0, 0, 0, 0, 0.12, 0.35, 0, 0, 0, 2
ATT, 708687, 0, -0.53, 0, 0.3, 93.13, 93.13, 0, 0
RCIN, 708687, 900, 900, 900, 900, 900, 900, 900, 900, 0, 0, 0, 0, 0, 0
CTUN, 708777, 0, 0, 0, 0, 0.13, -0.38, 0, 0, 0, 3
ATT, 708787, 0, -0.53, 0, 0.3, 93.13, 93.13, 0, 0.01
RCIN, 708788, 900, 900, 900, 900, 900, 900, 900, 900, 0, 0, 0, 0, 0, 0
GPS, 1, 0, 0, 0, 99.99, 0, 0, 0.12, -17, 0, 0, 0, 708837
CTUN, 708877, 0, 0, 0, 0, 0.11, 0.55, 0, 0, 0, 2
ATT, 708887, 0, -0.53, 0, 0.3, 93.12, 93.12, 0, 0.01
RCIN, 708887, 900, 900, 900, 900, 900, 900, 900, 900, 0, 0, 0, 0, 0, 0
CTUN, 708978, 0, 0, 0, 0, 0.14, 0.14, 0, 0, 0, 2
ATT, 708988, 0, -0.53, 0, 0.31, 93.11, 93.11, 0, 0.01
RCIN, 708988, 900, 900, 900, 900, 900, 900, 900, 900, 0, 0, 0, 0, 0, 0
GPS, 1, 0, 0, 0, 99.99, 0, 0, 0.14, -17, 0, 0, 0, 709037
CTUN, 709077, 0, 0, 0, 0, 0.14, -0.55, 0, 0, 0, 2
ATT, 709087, 0, -0.53, 0, 0.31, 93.1, 93.1, 0, 0.01
RCIN, 709088, 900, 900, 900, 900, 900, 900, 900, 900, 0, 0, 0, 0, 0, 0
CTUN, 709178, 0, 0, 0, 0, 0.1, -0.39, 0, 0, 0, 2
ATT, 709187, 0, -0.53, 0, 0.31, 93.1, 93.1, 0, 0.01
RCIN, 709187, 900, 900, 900, 900, 900, 900, 900, 900, 0, 0, 0, 0, 0, 0
GPS, 1, 0, 0, 0, 99.99, 0, 0, 0.08, -17, 0, 0, 0, 709237
DU32, 7, 655576
CURR, 709266, 0, 0, 0, 0, 4752, 0
CTUN, 709278, 0, 0, 0, 0, 0.07, -0.15, 0, 0, 0, 1
ATT, 709288, 0, -0.52, 0, 0.31, 93.09, 93.09, 0, 0
RCIN, 709288, 900, 900, 900, 900, 900, 900, 900, 900, 0, 0, 0, 0, 0, 0
CTUN, 709378, 0, 0, 0, 0, 0.06, 0.99, 0, 0, 0, 1
RAD, 709380, 205, 204, 96, 27, 55, 0, 0
RAD, 709381, 205, 204, 96, 27, 55, 0, 0
ATT, 709388, 0, -0.52, 0, 0.31, 93.09, 93.09, 0, 0.01
RCIN, 709388, 900, 900, 900, 900, 900, 900, 900, 900, 0, 0, 0, 0, 0, 0
GPS, 1, 0, 0, 0, 99.99, 0, 0, 0.09, -17, 0, 0, 0, 709437
CTUN, 709477, 0, 0, 0, 0, 0.12, -0.33, 0, 0, 0, 2
ATT, 709488, 0, -0.52, 0, 0.32, 93.09, 93.09, 0, 0.01
RCIN, 709488, 900, 900, 900, 900, 900, 900, 900, 900, 0, 0, 0, 0, 0, 0
CTUN, 709579, 0, 0, 0, 0, 0.09, 0.49, 0, 0, 0, 1
ATT, 709588, 0, -0.52, 0, 0.32, 93.08, 93.08, 0, 0.02
RCIN, 709588, 900, 900, 900, 900, 900, 900, 900, 900, 0, 0, 0, 0, 0, 0
GPS, 1, 0, 0, 0, 99.99, 0, 0, 0.11, -17, 0, 0, 0, 709637
CTUN, 709678, 0, 0, 0, 0, 0.12, -0.38, 0, 0, 0, 2
ATT, 709687, 0, -0.52, 0, 0.32, 93.09, 93.09, 0, 0
RCIN, 709687, 900, 900, 900, 900, 900, 900, 900, 900, 0, 0, 0, 0, 0, 0
CTUN, 709779, 0, 0, 0, 0, 0.09, -0.34, 0, 0, 0, 1
ATT, 709787, 0, -0.52, 0, 0.32, 93.09, 93.09, 0, 0.01
RCIN, 709788, 900, 900, 900, 900, 900, 900, 900, 900, 0, 0, 0, 0, 0, 0
GPS, 1, 0, 0, 0, 99.99, 0, 0, 0.07, -17, 0, 0, 0, 709837
CTUN, 709878, 0, 0, 0, 0, 0.06, 0.65, 0, 0, 0, 1
ATT, 709887, 0, -0.52, 0, 0.32, 93.08, 93.08, 0, 0.01
RCIN, 709888, 900, 900, 900, 900, 900, 900, 900, 900, 0, 0, 0, 0, 0, 0
CTUN, 709977, 0, 0, 0, 0, 0.1, -0.51, 0, 0, 0, 1
ATT, 709988, 0, -0.53, 0, 0.33, 93.08, 93.08, 0, 0.01
RCIN, 709989, 900, 900, 900, 900, 900, 900, 900, 900, 0, 0, 0, 0, 0, 0
GPS, 1, 0, 0, 0, 99.99, 0, 0, 0.08, -17, 0, 0, 0, 710037
CTUN, 710077, 0, 0, 0, 0, 0.07, -0.33, 0, 0, 0, 0
ATT, 710087, 0, -0.53, 0, 0.33, 93.07, 93.07, 0, 0
RCIN, 710087, 900, 900, 900, 900, 900, 900, 900, 900, 0, 0, 0, 0, 0, 0
CTUN, 710177, 0, 0, 0, 0, 0.04, -0.39, 0, 0, 0, 0
ATT, 710187, 0, -0.52, 0, 0.33, 93.07, 93.07, 0, 0.01
RCIN, 710187, 900, 900, 900, 900, 900, 900, 900, 900, 0, 0, 0, 0, 0, 0
GPS, 1, 0, 0, 0, 99.99, 0, 0, 0.03, -17, 0, 0, 0, 710237
DU32, 7, 655576
CURR, 710266, 0, 0, 0, 0, 4732, 0
CTUN, 710277, 0, 0, 0, 0, 0.02, 0.74, 0, 0, 0, 0
ATT, 710288, 0, -0.52, 0, 0.34, 93.07, 93.07, 0, 0.01
RCIN, 710288, 900, 900, 900, 900, 900, 900, 900, 900, 0, 0, 0, 0, 0, 0
RAD, 710337, 202, 203, 97, 30, 51, 0, 0
RAD, 710357, 202, 203, 97, 30, 51, 0, 0
CTUN, 710378, 0, 0, 0, 0, 0.06, -0.28, 0, 0, 0, 0
ATT, 710387, 0, -0.52, 0, 0.34, 93.06, 93.06, 0, 0.01
RCIN, 710388, 900, 900, 900, 900, 900, 900, 900, 900, 0, 0, 0, 0, 0, 0
GPS, 1, 0, 0, 0, 99.99, 0, 0, 0.05, -17, 0, 0, 0, 710437
CTUN, 710477, 0, 0, 0, 0, 0.04, 0.16, 0, 0, 0, 0
ATT, 710487, 0, -0.52, 0, 0.34, 93.05, 93.05, 0, 0
RCIN, 710488, 900, 900, 900, 900, 900, 900, 900, 900, 0, 0, 0, 0, 0, 0
CTUN, 710577, 0, 0, 0, 0, 0.05, 0.42, 0, 0, 0, 0
ATT, 710587, 0, -0.52, 0, 0.35, 93.05, 93.05, 0, 0.01
RCIN, 710587, 900, 900, 900, 900, 900, 900, 900, 900, 0, 0, 0, 0, 0, 0
GPS, 1, 0, 0, 0, 99.99, 0, 0, 0.06, -17, 0, 0, 0, 710637
CTUN, 710677, 0, 0, 0, 0, 0.07, -0.31, 0, 0, 0, 0
ATT, 710688, 0, -0.52, 0, 0.35, 93.04, 93.04, 0, 0.01
RCIN, 710688, 900, 900, 900, 900, 900, 900, 900, 900, 0, 0, 0, 0, 0, 0
CTUN, 710778, 0, 0, 0, 0, 0.05, -0.27, 0, 0, 0, 0
ATT, 710788, 0, -0.52, 0, 0.35, 93.04, 93.04, 0, 0
RCIN, 710788, 900, 900, 900, 900, 900, 900, 900, 900, 0, 0, 0, 0, 0, 0
GPS, 1, 0, 0, 0, 99.99, 0, 0, 0.03, -17, 0, 0, 0, 710837
CTUN, 710877, 0, 0, 0, 0, 0.03, -0.24, 0, 0, 0, 0
ATT, 710888, 0, -0.52, 0, 0.35, 93.04, 93.04, 0, 0.01
RCIN, 710888, 900, 900, 900, 900, 900, 900, 900, 900, 0, 0, 0, 0, 0, 0
CTUN, 710977, 0, 0, 0, 0, 0.01, 0.55, 0, 0, 0, 0
ATT, 710988, 0, -0.52, 0, 0.36, 93.03, 93.03, 0, 0.01
RCIN, 710988, 900, 900, 900, 900, 900, 900, 900, 900, 0, 0, 0, 0, 0, 0
GPS, 1, 0, 0, 0, 99.99, 0, 0, 0.03, -17, 0, 0, 0, 711037
CTUN, 711077, 0, 0, 0, 0, 0.04, 0.78, 0, 0, 0, 0
ATT, 711087, 0, -0.52, 0, 0.36, 93.03, 93.03, 0, 0
RCIN, 711088, 900, 900, 900, 900, 900, 900, 900, 900, 0, 0, 0, 0, 0, 0
CTUN, 711177, 0, 0, 0, 0, 0.09, 0.47, 0, 0, 0, 0
ATT, 711187, 0, -0.52, 0, 0.36, 93.03, 93.03, 0, 0.01
RCIN, 711187, 900, 900, 900, 900, 900, 900, 900, 900, 0, 0, 0, 0, 0, 0
GPS, 1, 0, 0, 0, 99.99, 0, 0, 0.1, -17, 0, 0, 0, 711237
DU32, 7, 655576
CURR, 711266, 0, 0, 0, 0, 4712, 0
CTUN, 711277, 0, 0, 0, 0, 0.11, -0.63, 0, 0, 0, 1
ATT, 711287, 0, -0.52, 0, 0.36, 93.04, 93.04, 0, 0.04
RCIN, 711288, 900, 900, 900, 900, 900, 900, 900, 900, 0, 0, 0, 0, 0, 0
CTUN, 711378, 0, 0, 0, 0, 0.07, -0.24, 0, 0, 0, 0
RAD, 711380, 204, 203, 94, 29, 61, 0, 0
RAD, 711380, 204, 203, 94, 29, 61, 0, 0
ATT, 711387, 0, -0.52, 0, 0.36, 93.05, 93.05, 0, 0.01
RCIN, 711387, 900, 900, 900, 900, 900, 900, 900, 900, 0, 0, 0, 0, 0, 0
GPS, 1, 0, 0, 0, 99.99, 0, 0, 0.06, -17, 0, 0, 0, 711437
CTUN, 711478, 0, 0, 0, 0, 0.05, 0.47, 0, 0, 0, 0
ATT, 711487, 0, -0.52, 0, 0.36, 93.05, 93.05, 0, 0.01
RCIN, 711488, 900, 900, 900, 900, 900, 900, 900, 900, 0, 0, 0, 0, 0, 0
CTUN, 711577, 0, 0, 0, 0, 0.07, -0.62, 0, 0, 0, 0
ATT, 711587, 0, -0.52, 0, 0.36, 93.06, 93.06, 0, 0.01
RCIN, 711587, 900, 900, 900, 900, 900, 900, 900, 900, 0, 0, 0, 0, 0, 0
GPS, 1, 0, 0, 0, 99.99, 0, 0, 0.05, -17, 0, 0, 0, 711637
CTUN, 711678, 0, 0, 0, 0, 0.03, 0.69, 0, 0, 0, 0
ATT, 711687, 0, -0.52, 0, 0.36, 93.05, 93.05, 0, 0.05
RCIN, 711687, 900, 900, 900, 900, 900, 900, 900, 900, 0, 0, 0, 0, 0, 0
CTUN, 711777, 0, 0, 0, 0, 0.07, -0.36, 0, 0, 0, 0
ATT, 711787, 0, -0.52, 0, 0.36, 93.07, 93.07, 0, 0.01
RCIN, 711787, 900, 900, 900, 900, 900, 900, 900, 900, 0, 0, 0, 0, 0, 0
GPS, 1, 0, 0, 0, 99.99, 0, 0, 0.05, -17, 0, 0, 0, 711837
CTUN, 711877, 0, 0, 0, 0, 0.04, -0.45, 0, 0, 0, 0
ATT, 711887, 0, -0.51, 0, 0.36, 93.06, 93.06, 0, 0.01
RCIN, 711887, 900, 900, 900, 900, 900, 900, 900, 900, 0, 0, 0, 0, 0, 0
CTUN, 711978, 0, 0, 0, 0, 0.01, -0.13, 0, 0, 0, 0
ATT, 711988, 0, -0.51, 0, 0.36, 93.05, 93.05, 0, 0.01
RCIN, 711988, 900, 900, 900, 900, 900, 900, 900, 900, 0, 0, 0, 0, 0, 0
GPS, 1, 0, 0, 0, 99.99, 0, 0, 0.01, -17, 0, 0, 0, 712037
CTUN, 712077, 0, 0, 0, 0, 0, -0.03, 0, 0, 0, 0
ATT, 712087, 0, -0.51, 0, 0.36, 93.06, 93.06, 0, 0.01
RCIN, 712087, 900, 900, 900, 900, 900, 900, 900, 900, 0, 0, 0, 0, 0, 0
CTUN, 712177, 0, 0, 0, 0, 0, 0.92, 0, 0, 0, -1
ATT, 712188, 0, -0.51, 0, 0.36, 93.05, 93.05, 0, 0
RCIN, 712188, 900, 900, 900, 900, 900, 900, 900, 900, 0, 0, 0, 0, 0, 0
GPS, 1, 0, 0, 0, 99.99, 0, 0, 0.03, -17, 0, 0, 0, 712238
DU32, 7, 655576
CURR, 712266, 0, 0, 0, 0, 4752, 0
CTUN, 712277, 0, 0, 0, 0, 0.05, -0.3, 0, 0, 0, 0
ATT, 712287, 0, -0.51, 0, 0.37, 93.05, 93.05, 0, 0.01
RCIN, 712288, 900, 900, 900, 900, 900, 900, 900, 900, 0, 0, 0, 0, 0, 0
RAD, 712357, 204, 203, 100, 26, 53, 0, 0
RAD, 712357, 204, 203, 100, 26, 53, 0, 0
CTUN, 712378, 0, 0, 0, 0, 0.03, 0.7, 0, 0, 0, 0
ATT, 712388, 0, -0.51, 0, 0.37, 93.04, 93.04, 0, 0.02
RCIN, 712388, 900, 900, 900, 900, 900, 900, 900, 900, 0, 0, 0, 0, 0, 0
GPS, 1, 0, 0, 0, 99.99, 0, 0, 0.06, -17, 0, 0, 0, 712437
CTUN, 712478, 0, 0, 0, 0, 0.07, -0.06, 0, 0, 0, 0
ATT, 712488, 0, -0.51, 0, 0.37, 93.03, 93.03, 0, 0
RCIN, 712488, 900, 900, 900, 900, 900, 900, 900, 900, 0, 0, 0, 0, 0, 0
CTUN, 712577, 0, 0, 0, 0, 0.06, 0.02, 0, 0, 0, 0
ATT, 712587, 0, -0.51, 0, 0.37, 93.03, 93.03, 0, 0.01
RCIN, 712587, 900, 900, 900, 900, 900, 900, 900, 900, 0, 0, 0, 0, 0, 0
GPS, 1, 0, 0, 0, 99.99, 0, 0, 0.06, -17, 0, 0, 0, 712637
CTUN, 712678, 0, 0, 0, 0, 0.06, 0, 0, 0, 0, 0
ATT, 712688, 0, -0.51, 0, 0.37, 93.02, 93.02, 0, 0.01
RCIN, 712688, 900, 900, 900, 900, 900, 900, 900, 900, 0, 0, 0, 0, 0, 0
CTUN, 712777, 0, 0, 0, 0, 0.06, 0.14, 0, 0, 0, 0
ATT, 712787, 0, -0.51, 0, 0.37, 93.01, 93.01, 0, 0
RCIN, 712787, 900, 900, 900, 900, 900, 900, 900, 900, 0, 0, 0, 0, 0, 0
GPS, 1, 0, 0, 0, 99.99, 0, 0, 0.06, -17, 0, 0, 0, 712837
CTUN, 712877, 0, 0, 0, 0, 0.06, 0.75, 0, 0, 0, 0
ATT, 712888, 0, -0.51, 0, 0.37, 93.01, 93.01, 0, 0
RCIN, 712888, 900, 900, 900, 900, 900, 900, 900, 900, 0, 0, 0, 0, 0, 0
CTUN, 712977, 0, 0, 0, 0, 0.1, -0.25, 0, 0, 0, 0
ATT, 712987, 0, -0.51, 0, 0.38, 93.01, 93.01, 0, 0.01
RCIN, 712987, 900, 900, 900, 900, 900, 900, 900, 900, 0, 0, 0, 0, 0, 0
GPS, 1, 0, 0, 0, 99.99, 0, 0, 0.09, -17, 0, 0, 0, 713037
CTUN, 713078, 0, 0, 0, 0, 0.08, -0.33, 0, 0, 0, 0
ATT, 713088, 0, -0.5, 0, 0.38, 93, 93, 0, 0.01
RCIN, 713088, 900, 900, 900, 900, 900, 900, 900, 900, 0, 0, 0, 0, 0, 0
CTUN, 713177, 0, 0, 0, 0, 0.06, -0.36, 0, 0, 0, 0
ATT, 713187, 0, -0.5, 0, 0.38, 92.99, 92.99, 0, 0.01
RCIN, 713187, 900, 900, 900, 900, 900, 900, 900, 900, 0, 0, 0, 0, 0, 0
GPS, 1, 0, 0, 0, 99.99, 0, 0, 0.04, -17, 0, 0, 0, 713237
DU32, 7, 655576
CURR, 713266, 0, 0, 0, 0, 4712, 0
CTUN, 713277, 0, 0, 0, 0, 0.03, 0.18, 0, 0, 0, 0
ATT, 713287, 0, -0.5, 0, 0.38, 92.98, 92.98, 0, 0.24
RCIN, 713288, 900, 900, 900, 900, 900, 900, 900, 900, 0, 0, 0, 0, 0, 0
CTUN, 713377, 0, 0, 0, 0, 0.04, 0.11, 0, 0, 0, 0
RAD, 713379, 204, 203, 96, 26, 57, 0, 0
RAD, 713380, 204, 203, 96, 26, 57, 0, 0
ATT, 713387, 0, -0.5, 0, 0.38, 93.09, 93.09, 0, 0.05
RCIN, 713387, 900, 900, 900, 900, 900, 900, 900, 900, 0, 0, 0, 0, 0, 0
GPS, 1, 0, 0, 0, 99.99, 0, 0, 0.04, -17, 0, 0, 0, 713437
CTUN, 713477, 0, 0, 0, 0, 0.04, -0.1, 0, 0, 0, 0
ATT, 713487, 0, -0.5, 0, 0.38, 93.12, 93.12, 0, 0
RCIN, 713487, 900, 900, 900, 900, 900, 900, 900, 900, 0, 0, 0, 0, 0, 0
CTUN, 713577, 0, 0, 0, 0, 0.03, -0.17, 0, 0, 0, 0
ATT, 713588, 0, -0.5, 0, 0.38, 93.11, 93.11, 0, 0.01
RCIN, 713588, 900, 900, 900, 900, 900, 900, 900, 900, 0, 0, 0, 0, 0, 0
GPS, 1, 0, 0, 0, 99.99, 0, 0, 0.03, -17, 0, 0, 0, 713637
CTUN, 713677, 0, 0, 0, 0, 0.02, -0.28, 0, 0, 0, -1
ATT, 713687, 0, -0.5, 0, 0.38, 93.11, 93.11, 0, 0.01
RCIN, 713687, 900, 900, 900, 900, 900, 900, 900, 900, 0, 0, 0, 0, 0, 0
CTUN, 713777, 0, 0, 0, 0, 0, -0.6, 0, 0, 0, -1
ATT, 713787, 0, -0.5, 0, 0.39, 93.1, 93.1, 0, 0.01
RCIN, 713788, 900, 900, 900, 900, 900, 900, 900, 900, 0, 0, 0, 0, 0, 0
GPS, 1, 0, 0, 0, 99.99, 0, 0, -0.01, -17, 0, 0, 0, 713837
CTUN, 713877, 0, 0, 0, 0, -0.03, 0.31, 0, 0, 0, -2
ATT, 713888, 0, -0.51, 0, 0.39, 93.09, 93.09, 0, 0
RCIN, 713888, 900, 900, 900, 900, 900, 900, 900, 900, 0, 0, 0, 0, 0, 0
CTUN, 713977, 0, 0, 0, 0, -0.01, 0.85, 0, 0, 0, -2
ATT, 713987, 0, -0.51, 0, 0.39, 93.09, 93.09, 0, 0.02
RCIN, 713987, 900, 900, 900, 900, 900, 900, 900, 900, 0, 0, 0, 0, 0, 0
GPS, 1, 0, 0, 0, 99.99, 0, 0, 0.01, -17, 0, 0, 0, 714037
CTUN, 714078, 0, 0, 0, 0, 0.03, -0.08, 0, 0, 0, -1
ATT, 714088, 0, -0.51, 0, 0.39, 93.08, 93.08, 0, 0.01
RCIN, 714088, 900, 900, 900, 900, 900, 900, 900, 900, 0, 0, 0, 0, 0, 0
CTUN, 714178, 0, 0, 0, 0, 0.02, -0.18, 0, 0, 0, -1
ATT, 714188, 0, -0.51, 0, 0.39, 93.07, 93.07, 0, 0.01
RCIN, 714188, 900, 900, 900, 900, 900, 900, 900, 900, 0, 0, 0, 0, 0, 0
GPS, 1, 0, 0, 0, 99.99, 0, 0, 0.01, -17, 0, 0, 0, 714237
DU32, 7, 655576
CURR, 714266, 0, 0, 0, 0, 4752, 0
CTUN, 714277, 0, 0, 0, 0, 0.01, -0.31, 0, 0, 0, -1
ATT, 714289, 0, -0.51, 0, 0.39, 93.06, 93.06, 0, 0
RCIN, 714289, 900, 900, 900, 900, 900, 900, 900, 900, 0, 0, 0, 0, 0, 0
CTUN, 714378, 0, 0, 0, 0, 0, -0.36, 0, 0, 0, -2
ATT, 714388, 0, -0.5, 0, 0.39, 93.06, 93.06, 0, 0.01
RCIN, 714388, 900, 900, 900, 900, 900, 900, 900, 900, 0, 0, 0, 0, 0, 0
GPS, 1, 0, 0, 0, 99.99, 0, 0, -0.02, -17, 0, 0, 0, 714437
RAD, 714439, 204, 203, 100, 29, 56, 0, 0
RAD, 714440, 204, 203, 100, 29, 56, 0, 0
CTUN, 714478, 0, 0, 0, 0, -0.03, 0.75, 0, 0, 0, -2
ATT, 714488, 0, -0.5, 0, 0.39, 93.05, 93.05, 0, 0.01
RCIN, 714489, 900, 900, 900, 900, 900, 900, 900, 900, 0, 0, 0, 0, 0, 0
CTUN, 714577, 0, 0, 0, 0, 0.01, -0.41, 0, 0, 0, -1
ATT, 714587, 0, -0.51, 0, 0.39, 93.04, 93.04, 0, 0.01
RCIN, 714587, 900, 900, 900, 900, 900, 900, 900, 900, 0, 0, 0, 0, 0, 0
GPS, 1, 0, 0, 0, 99.99, 0, 0, 0, -17, 0, 0, 0, 714637
CTUN, 714678, 0, 0, 0, 0, -0.01, 0.66, 0, 0, 0, -2
ATT, 714688, 0, -0.5, 0, 0.39, 93.03, 93.03, 0, 0.01
RCIN, 714689, 900, 900, 900, 900, 900, 900, 900, 900, 0, 0, 0, 0, 0, 0
CTUN, 714777, 0, 0, 0, 0, 0.02, -0.27, 0, 0, 0, -1
ATT, 714787, 0, -0.5, 0, 0.39, 93.02, 93.02, 0, 0.01
RCIN, 714787, 900, 900, 900, 900, 900, 900, 900, 900, 0, 0, 0, 0, 0, 0
GPS, 1, 0, 0, 0, 99.99, 0, 0, 0.01, -17, 0, 0, 0, 714837
CTUN, 714877, 0, 0, 0, 0, 0, 0.94, 0, 0, 0, -1
ATT, 714887, 0, -0.5, 0, 0.39, 93.02, 93.02, 0, 0
RCIN, 714887, 900, 900, 900, 900, 900, 900, 900, 900, 0, 0, 0, 0, 0, 0
CTUN, 714978, 0, 0, 0, 0, 0.05, 0, 0, 0, 0, 0
ATT, 714987, 0, -0.5, 0, 0.39, 93.02, 93.02, 0, 0.05
RCIN, 714987, 900, 900, 900, 900, 900, 900, 900, 900, 0, 0, 0, 0, 0, 0
GPS, 1, 0, 0, 0, 99.99, 0, 0, 0.05, -17, 0, 0, 0, 715037
CTUN, 715077, 0, 0, 0, 0, 0.05, -0.06, 0, 0, 0, 0
ATT, 715087, 0, -0.5, 0, 0.39, 93.04, 93.04, 0, 0.01
RCIN, 715087, 900, 900, 900, 900, 900, 900, 900, 900, 0, 0, 0, 0, 0, 0
CTUN, 715177, 0, 0, 0, 0, 0.04, 0.32, 0, 0, 0, -1
ATT, 715187, 0, -0.5, 0, 0.39, 93.03, 93.03, 0, 0.01
RCIN, 715187, 900, 900, 900, 900, 900, 900, 900, 900, 0, 0, 0, 0, 0, 0
GPS, 1, 0, 0, 0, 99.99, 0, 0, 0.05, -17, 0, 0, 0, 715237
DU32, 7, 655576
CURR, 715266, 0, 0, 0, 0, 4772, 0
CTUN, 715277, 0, 0, 0, 0, 0.06, -0.31, 0, 0, 0, 0
ATT, 715288, 0, -0.5, 0, 0.39, 93.03, 93.03, 0, 0
RCIN, 715288, 900, 900, 900, 900, 900, 900, 900, 900, 0, 0, 0, 0, 0, 0
RAD, 715357, 204, 203, 98, 25, 50, 0, 0
RAD, 715358, 204, 203, 98, 25, 50, 0, 0
CTUN, 715378, 0, 0, 0, 0, 0.03, 0.38, 0, 0, 0, -1
ATT, 715387, 0, -0.5, 0, 0.39, 93.03, 93.03, 0, 0.07
RCIN, 715387, 900, 900, 900, 900, 900, 900, 900, 900, 0, 0, 0, 0, 0, 0
GPS, 1, 0, 0, 0, 99.99, 0, 0, 0.05, -17, 0, 0, 0, 715437
CTUN, 715477, 0, 0, 0, 0, 0.05, 0.21, 0, 0, 0, 0
ATT, 715488, 0, -0.5, 0, 0.39, 93.06, 93.06, 0, 0.18
RCIN, 715488, 900, 900, 900, 900, 900, 900, 900, 900, 0, 0, 0, 0, 0, 0
CTUN, 715577, 0, 0, 0, 0, 0.06, -0.41, 0, 0, 0, 0
ATT, 715588, 0, -0.5, 0, 0.39, 93.14, 93.14, 0, 0.02
RCIN, 715588, 900, 900, 900, 900, 900, 900, 900, 900, 0, 0, 0, 0, 0, 0
GPS, 1, 0, 0, 0, 99.99, 0, 0, 0.04, -17, 0, 0, 0, 715637
CTUN, 715677, 0, 0, 0, 0, 0.03, -0.16, 0, 0, 0, -1
ATT, 715687, 0, -0.5, 0, 0.39, 93.13, 93.13, 0, 0.01
RCIN, 715687, 900, 900, 900, 900, 900, 900, 900, 900, 0, 0, 0, 0, 0, 0
CTUN, 715778, 0, 0, 0, 0, 0.02, 0.01, 0, 0, 0, -1
ATT, 715788, 0, -0.5, 0, 0.39, 93.12, 93.12, 0, 0.01
RCIN, 715788, 900, 900, 900, 900, 900, 900, 900, 900, 0, 0, 0, 0, 0, 0
GPS, 1, 0, 0, 0, 99.99, 0, 0, 0.02, -17, 0, 0, 0, 715837
CTUN, 715878, 0, 0, 0, 0, 0.02, -0.11, 0, 0, 0, -1
ATT, 715887, 0, -0.5, 0, 0.39, 93.11, 93.11, 0, 0
RCIN, 715887, 900, 900, 900, 900, 900, 900, 900, 900, 0, 0, 0, 0, 0, 0
CTUN, 715977, 0, 0, 0, 0, 0.01, -0.1, 0, 0, 0, -1
ATT, 715987, 0, -0.5, 0, 0.4, 93.11, 93.11, 0, 0.02
RCIN, 715988, 900, 900, 900, 900, 900, 900, 900, 900, 0, 0, 0, 0, 0, 0
GPS, 1, 0, 0, 0, 99.99, 0, 0, 0, -17, 0, 0, 0, 716037
CTUN, 716077, 0, 0, 0, 0, 0, 0.79, 0, 0, 0, -2
ATT, 716088, 0, -0.5, 0, 0.4, 93.1, 93.1, 0, 0.02
RCIN, 716088, 900, 900, 900, 900, 900, 900, 900, 900, 0, 0, 0, 0, 0, 0
CTUN, 716177, 0, 0, 0, 0, 0.04, -0.39, 0, 0, 0, -1
ATT, 716187, 0, -0.5, 0, 0.4, 93.09, 93.09, 0, 0
RCIN, 716187, 900, 900, 900, 900, 900, 900, 900, 900, 0, 0, 0, 0, 0, 0
GPS, 1, 0, 0, 0, 99.99, 0, 0, 0.03, -17, 0, 0, 0, 716237
DU32, 7, 655576
CURR, 716266, 0, 0, 0, 0, 4752, 0
PM, 11, 1000, 11082, 10, 0, 0, 0
CTUN, 716277, 0, 0, 0, 0, 0.01, -0.34, 0, 0, 0, -1
ATT, 716288, 0, -0.5, 0, 0.4, 93.09, 93.09, 0, 0
RCIN, 716288, 900, 900, 900, 900, 900, 900, 900, 900, 0, 0, 0, 0, 0, 0
RAD, 716357, 204, 203, 92, 26, 56, 0, 0
RAD, 716358, 204, 203, 92, 26, 56, 0, 0
CTUN, 716378, 0, 0, 0, 0, 0, 0.52, 0, 0, 0, -1
ATT, 716387, 0, -0.5, 0, 0.4, 93.09, 93.09, 0, 0.01
RCIN, 716387, 900, 900, 900, 900, 900, 900, 900, 900, 0, 0, 0, 0, 0, 0
GPS, 1, 0, 0, 0, 99.99, 0, 0, 0.01, -17, 0, 0, 0, 716437
CTUN, 716477, 0, 0, 0, 0, 0.02, 0.8, 0, 0, 0, -1
ATT, 716487, 0, -0.5, 0, 0.4, 93.08, 93.08, 0, 0.05
RCIN, 716487, 900, 900, 900, 900, 900, 900, 900, 900, 0, 0, 0, 0, 0, 0
CTUN, 716577, 0, 0, 0, 0, 0.07, 0, 0, 0, 0, 0
ATT, 716587, 0, -0.5, 0, 0.4, 93.1, 93.1, 0, 0.04
RCIN, 716587, 900, 900, 900, 900, 900, 900, 900, 900, 0, 0, 0, 0, 0, 0
GPS, 1, 0, 0, 0, 99.99, 0, 0, 0.06, -17, 0, 0, 0, 716637
CTUN, 716677, 0, 0, 0, 0, 0.06, 0.06, 0, 0, 0, 0
ATT, 716687, 0, -0.5, 0, 0.4, 93.12, 93.12, 0, 0.03
RCIN, 716687, 900, 900, 900, 900, 900, 900, 900, 900, 0, 0, 0, 0, 0, 0
CTUN, 716777, 0, 0, 0, 0, 0.06, -0.37, 0, 0, 0, 0
ATT, 716787, 0, -0.5, 0, 0.4, 93.14, 93.14, 0, 0.01
RCIN, 716787, 900, 900, 900, 900, 900, 900, 900, 900, 0, 0, 0, 0, 0, 0
GPS, 1, 0, 0, 0, 99.99, 0, 0, 0.04, -17, 0, 0, 0, 716837
CTUN, 716878, 0, 0, 0, 0, 0.03, -0.74, 0, 0, 0, -1
ATT, 716887, 0, -0.5, 0, 0.4, 93.13, 93.13, 0, 0.01
RCIN, 716887, 900, 900, 900, 900, 900, 900, 900, 900, 0, 0, 0, 0, 0, 0
CTUN, 716978, 0, 0, 0, 0, -0.01, 0.57, 0, 0, 0, -2
ATT, 716988, 0, -0.5, 0, 0.4, 93.12, 93.12, 0, 0.04
RCIN, 716988, 900, 900, 900, 900, 900, 900, 900, 900, 0, 0, 0, 0, 0, 0
GPS, 1, 0, 0, 0, 99.99, 0, 0, 0, -17, 0, 0, 0, 717037
CTUN, 717077, 0, 0, 0, 0, 0.02, -0.24, 0, 0, 0, -1
ATT, 717087, 0, -0.5, 0, 0.4, 93.14, 93.14, 0, 0
RCIN, 717087, 900, 900, 900, 900, 900, 900, 900, 900, 0, 0, 0, 0, 0, 0
CTUN, 717178, 0, 0, 0, 0, 0, 0.5, 0, 0, 0, -1
ATT, 717187, 0, -0.5, 0, 0.4, 93.15, 93.15, 0, 0.01
RCIN, 717188, 900, 900, 900, 900, 900, 900, 900, 900, 0, 0, 0, 0, 0, 0
GPS, 1, 0, 0, 0, 99.99, 0, 0, 0.02, -17, 0, 0, 0, 717237
DU32, 7, 655576
CURR, 717266, 0, 0, 0, 0, 4752, 0
CTUN, 717278, 0, 0, 0, 0, 0.03, -0.31, 0, 0, 0, -1
ATT, 717287, 0, -0.5, 0, 0.4, 93.14, 93.14, 0, 0.01
RCIN, 717288, 900, 900, 900, 900, 900, 900, 900, 900, 0, 0, 0, 0, 0, 0
CTUN, 717379, 0, 0, 0, 0, 0.01, 0.31, 0, 0, 0, -1
ATT, 717388, 0, -0.5, 0, 0.41, 93.13, 93.13, 0, 0.01
RCIN, 717388, 900, 900, 900, 900, 900, 900, 900, 900, 0, 0, 0, 0, 0, 0
RAD, 717418, 205, 203, 96, 22, 59, 0, 0
RAD, 717419, 205, 203, 96, 22, 59, 0, 0
GPS, 1, 0, 0, 0, 99.99, 0, 0, 0.01, -17, 0, 0, 0, 717437
CTUN, 717478, 0, 0, 0, 0, 0.02, 0.47, 0, 0, 0, -1
ATT, 717487, 0, -0.5, 0, 0.4, 93.14, 93.14, 0, 0.01
RCIN, 717488, 900, 900, 900, 900, 900, 900, 900, 900, 0, 0, 0, 0, 0, 0
CTUN, 717578, 0, 0, 0, 0, 0.05, 0.88, 0, 0, 0, 0
ATT, 717588, 0, -0.51, 0, 0.4, 93.13, 93.13, 0, 0.01
RCIN, 717589, 900, 900, 900, 900, 900, 900, 900, 900, 0, 0, 0, 0, 0, 0
GPS, 1, 0, 0, 0, 99.99, 0, 0, 0.08, -17, 0, 0, 0, 717637
CTUN, 717677, 0, 0, 0, 0, 0.1, 0.76, 0, 0, 0, 0
ATT, 717687, 0, -0.51, 0, 0.4, 93.12, 93.12, 0, 0
RCIN, 717687, 900, 900, 900, 900, 900, 900, 900, 900, 0, 0, 0, 0, 0, 0
CTUN, 717777, 0, 0, 0, 0, 0.14, -0.44, 0, 0, 0, 0
ATT, 717788, 0, -0.51, 0, 0.41, 93.12, 93.12, 0, 0
RCIN, 717788, 900, 900, 900, 900, 900, 900, 900, 900, 0, 0, 0, 0, 0, 0
GPS, 1, 0, 0, 0, 99.99, 0, 0, 0.12, -17, 0, 0, 0, 717837
CTUN, 717877, 0, 0, 0, 0, 0.1, -0.35, 0, 0, 0, 0
ATT, 717887, 0, -0.51, 0, 0.41, 93.11, 93.11, 0, 0.04
RCIN, 717887, 900, 900, 900, 900, 900, 900, 900, 900, 0, 0, 0, 0, 0, 0
CTUN, 717977, 0, 0, 0, 0, 0.07, -0.18, 0, 0, 0, 0
ATT, 717988, 0, -0.51, 0, 0.4, 93.13, 93.13, 0, 0
RCIN, 717989, 900, 900, 900, 900, 900, 900, 900, 900, 0, 0, 0, 0, 0, 0
GPS, 1, 0, 0, 0, 99.99, 0, 0, 0.06, -17, 0, 0, 0, 718037
CTUN, 718077, 0, 0, 0, 0, 0.06, 0.26, 0, 0, 0, 0
ATT, 718088, 0, -0.51, 0, 0.41, 93.13, 93.13, 0, 0.01
RCIN, 718088, 900, 900, 900, 900, 900, 900, 900, 900, 0, 0, 0, 0, 0, 0
CTUN, 718177, 0, 0, 0, 0, 0.07, 0.39, 0, 0, 0, 0
ATT, 718188, 0, -0.51, 0, 0.4, 93.12, 93.12, 0, 0.02
RCIN, 718189, 900, 900, 900, 900, 900, 900, 900, 900, 0, 0, 0, 0, 0, 0
GPS, 1, 0, 0, 0, 99.99, 0, 0, 0.08, -17, 0, 0, 0, 718237
DU32, 7, 655576
CURR, 718266, 0, 0, 0, 0, 4712, 0
EV, 10
MODE, Stabilize, 450
ATT, 906627, 0, -0.93, 0, 0.5, 60.84, 60.84, 0, 0
RCIN, 906628, 900, 900, 900, 900, 900, 900, 900, 900, 0, 0, 0, 0, 0, 0
GPS, 3, 163815000, 2004, 6, 3.93, 39.9201898, -105.1131568, 0, 1690.31, 0.03, 0, 0.02, 906667
CTUN, 906707, 0, 0, 0, 0, 0.01, 0.16, 0, 0, 0, -1
ATT, 906727, 0, -0.92, 0, 0.5, 60.85, 60.85, 0.03, 0
RCIN, 906728, 900, 900, 900, 900, 900, 900, 900, 900, 0, 0, 0, 0, 0, 0
CTUN, 906807, 0, 0, 0, 0, 0.01, -0.38, 0, 0, 0, -1
ATT, 906827, 0, -0.9, 0, 0.49, 60.85, 60.85, 0.03, 0
RCIN, 906828, 900, 900, 900, 900, 900, 900, 900, 900, 0, 0, 0, 0, 0, 0
GPS, 3, 163815200, 2004, 6, 3.93, 39.9201897, -105.1131569, 0, 1690.29, 0.02, 0, 0.02, 906867
CTUN, 906907, 0, 0, 0, 0, 0, -0.32, 0, 0, 0, -1
ATT, 906927, 0, -0.89, 0, 0.49, 60.84, 60.84, 0, 0
RCIN, 906927, 900, 900, 900, 900, 900, 900, 900, 900, 0, 0, 0, 0, 0, 0
RAD, 906935, 114, 121, 77, 19, 54, 0, 2
RAD, 906936, 114, 121, 77, 19, 54, 0, 2
CTUN, 907007, 0, 0, 0, 0, -0.02, 0.12, 0, 0, 0, -2
ATT, 907027, 0, -0.88, 0, 0.48, 60.84, 60.84, 0, 0
RCIN, 907027, 900, 900, 900, 900, 900, 900, 900, 900, 0, 0, 0, 0, 0, 0
GPS, 3, 163815400, 2004, 6, 3.93, 39.9201896, -105.1131571, -0.02, 1690.27, 0.03, 0, 0.01, 907067
CTUN, 907107, 0, 0, 0, 0, -0.02, -0.01, 0, 0, 0, -2
ATT, 907127, 0, -0.88, 0, 0.48, 60.83, 60.83, 0.01, 0
RCIN, 907127, 900, 900, 900, 900, 900, 900, 900, 900, 0, 0, 0, 0, 0, 0
CTUN, 907207, 0, 0, 0, 0, -0.02, -0.16, 0, 0, 0, -2
ATT, 907228, 0, -0.88, 0, 0.48, 60.83, 60.83, 0.01, 0
RCIN, 907228, 900, 900, 900, 900, 900, 900, 900, 900, 0, 0, 0, 0, 0, 0
GPS, 3, 163815600, 2004, 6, 3.93, 39.9201895, -105.1131571, -0.02, 1690.26, 0.07, 0, 0.01, 907267
DU32, 7, 655577
CURR, 907296, 0, 0, 0, 0, 4752, 0
CTUN, 907307, 0, 0, 0, 0, -0.03, -0.38, 0, 0, 0, -2
ATT, 907327, 0, -0.89, 0, 0.48, 60.83, 60.83, 0.02, 0
RCIN, 907327, 900, 900, 900, 900, 900, 900, 900, 900, 0, 0, 0, 0, 0, 0
CTUN, 907407, 0, 0, 0, 0, -0.05, 0.07, 0, 0, 0, -2
ATT, 907427, 0, -0.9, 0, 0.47, 60.83, 60.83, 0.02, 0
RCIN, 907428, 900, 900, 900, 900, 900, 900, 900, 900, 0, 0, 0, 0, 0, 0
GPS, 3, 163815800, 2004, 6, 3.93, 39.9201895, -105.1131572, -0.05, 1690.24, 0.11, 0, -0.01, 907467
CTUN, 907507, 0, 0, 0, 0, -0.05, -0.13, 0, 0, 0, -2
ATT, 907527, 0, -0.91, 0, 0.46, 60.83, 60.83, 0.02, 0
RCIN, 907528, 900, 900, 900, 900, 900, 900, 900, 900, 0, 0, 0, 0, 0, 0
RAD, 907556, 113, 116, 88, 17, 58, 0, 2
RAD, 907576, 113, 116, 88, 17, 58, 0, 2
CTUN, 907607, 0, 0, 0, 0, -0.05, -0.3, 0, 0, 0, -2
ATT, 907627, 0, -0.92, 0, 0.45, 60.82, 60.82, 0.02, 0.01
RCIN, 907628, 900, 900, 900, 900, 900, 900, 900, 900, 0, 0, 0, 0, 0, 0
GPS, 3, 163816000, 2004, 6, 3.93, 39.9201894, -105.1131573, -0.07, 1690.23, 0.09, 0, -0.01, 907667
CTUN, 907707, 0, 0, 0, 0, -0.07, -0.19, 0, 0, 0, -2
ATT, 907727, 0, -0.93, 0, 0.45, 60.83, 60.83, 0, 0
RCIN, 907727, 900, 900, 900, 900, 900, 900, 900, 900, 0, 0, 0, 0, 0, 0
CTUN, 907807, 0, 0, 0, 0, -0.08, -0.13, 0, 0, 0, -3
ATT, 907828, 0, -0.92, 0, 0.44, 60.83, 60.83, 0, 0
RCIN, 907829, 900, 900, 900, 900, 900, 900, 900, 900, 0, 0, 0, 0, 0, 0
GPS, 3, 163816200, 2004, 6, 3.93, 39.9201894, -105.1131574, -0.09, 1690.23, 0.06, 0, -0.02, 907867
CTUN, 907907, 0, 0, 0, 0, -0.09, -0.07, 0, 0, 0, -3
ATT, 907927, 0, -0.91, 0, 0.44, 60.82, 60.82, 0.02, 0
RCIN, 907928, 900, 900, 900, 900, 900, 900, 900, 900, 0, 0, 0, 0, 0, 0
CTUN, 908007, 0, 0, 0, 0, -0.09, -0.06, 0, 0, 0, -3
ATT, 908028, 0, -0.9, 0, 0.44, 60.82, 60.82, 0.02, 0
RCIN, 908028, 900, 900, 900, 900, 900, 900, 900, 900, 0, 0, 0, 0, 0, 0
GPS, 3, 163816400, 2004, 6, 3.93, 39.9201894, -105.1131575, -0.09, 1690.22, 0.04, 0, -0.01, 908067
CTUN, 908107, 0, 0, 0, 0, -0.09, -0.15, 0, 0, 0, -3
ATT, 908127, 0, -0.9, 0, 0.44, 60.82, 60.82, 0, 0
RCIN, 908127, 900, 900, 900, 900, 900, 900, 900, 900, 0, 0, 0, 0, 0, 0
CTUN, 908207, 0, 0, 0, 0, -0.1, -0.44, 0, 0, 0, -3
ATT, 908227, 0, -0.89, 0, 0.43, 60.82, 60.82, 0, 0
RCIN, 908227, 900, 900, 900, 900, 900, 900, 900, 900, 0, 0, 0, 0, 0, 0
GPS, 3, 163816600, 2004, 6, 3.93, 39.9201892, -105.1131577, -0.11, 1690.22, 0.02, 0, -0.02, 908267
DU32, 7, 655577
CURR, 908296, 0, 0, 0, 0, 4732, 0
CTUN, 908307, 0, 0, 0, 0, -0.12, -0.23, 0, 0, 0, -3
ATT, 908327, 0, -0.89, 0, 0.44, 60.82, 60.82, 0.02, 0
RCIN, 908327, 900, 900, 900, 900, 900, 900, 900, 900, 0, 0, 0, 0, 0, 0
CTUN, 908407, 0, 0, 0, 0, -0.13, -0.33, 0, 0, 0, -3
ATT, 908427, 0, -0.88, 0, 0.45, 60.82, 60.82, 0.02, 0
RCIN, 908428, 900, 900, 900, 900, 900, 900, 900, 900, 0, 0, 0, 0, 0, 0
GPS, 3, 163816800, 2004, 6, 3.93, 39.9201891, -105.1131579, -0.14, 1690.22, 0.01, 0, -0.01, 908467
RAD, 908477, 109, 117, 89, 24, 53, 0, 2
RAD, 908478, 109, 117, 89, 24, 53, 0, 2
CTUN, 908507, 0, 0, 0, 0, -0.15, -0.2, 0, 0, 0, -3
ATT, 908527, 0, -0.88, 0, 0.45, 60.82, 60.82, 0, 0.01
RCIN, 908527, 900, 900, 900, 900, 900, 900, 900, 900, 0, 0, 0, 0, 0, 0
CTUN, 908607, 0, 0, 0, 0, -0.16, -0.2, 0, 0, 0, -4
ATT, 908628, 0, -0.87, 0, 0.44, 60.82, 60.82, 0, 0
RCIN, 908628, 900, 900, 900, 900, 900, 900, 900, 900, 0, 0, 0, 0, 0, 0
GPS, 3, 163817000, 2004, 6, 3.93, 39.9201889, -105.1131579, -0.16, 1690.21, 0.03, 0, -0.01, 908667
CTUN, 908707, 0, 0, 0, 0, -0.16, -0.02, 0, 0, 0, -4
ATT, 908727, 0, -0.87, 0, 0.44, 60.82, 60.82, 0.02, 0
RCIN, 908727, 900, 900, 900, 900, 900, 900, 900, 900, 0, 0, 0, 0, 0, 0
CTUN, 908807, 0, 0, 0, 0, -0.16, -0.1, 0, 0, 0, -4
ATT, 908828, 0, -0.86, 0, 0.44, 60.81, 60.81, 0.02, 0
RCIN, 908828, 900, 900, 900, 900, 900, 900, 900, 900, 0, 0, 0, 0, 0, 0
GPS, 3, 163817200, 2004, 6, 3.93, 39.9201888, -105.1131579, -0.16, 1690.21, 0.04, 0, 0, 908867
CTUN, 908907, 0, 0, 0, 0, -0.16, -0.28, 0, 0, 0, -3
ATT, 908928, 0, -0.85, 0, 0.43, 60.81, 60.81, 0.01, 0
RCIN, 908928, 900, 900, 900, 900, 900, 900, 900, 900, 0, 0, 0, 0, 0, 0
CTUN, 909007, 0, 0, 0, 0, -0.17, -0.25, 0, 0, 0, -4
ATT, 909027, 0, -0.85, 0, 0.42, 60.81, 60.81, 0.01, 0
RCIN, 909028, 900, 900, 900, 900, 900, 900, 900, 900, 0, 0, 0, 0, 0, 0
GPS, 3, 163817400, 2004, 6, 3.93, 39.9201887, -105.1131578, -0.18, 1690.18, 0.04, 0, 0.01, 909067
CTUN, 909107, 0, 0, 0, 0, -0.18, -0.13, 0, 0, 0, -4
ATT, 909127, 0, -0.85, 0, 0.42, 60.8, 60.8, 0, 0
RCIN, 909127, 900, 900, 900, 900, 900, 900, 900, 900, 0, 0, 0, 0, 0, 0
CTUN, 909207, 0, 0, 0, 0, -0.18, -0.28, 0, 0, 0, -4
ATT, 909227, 0, -0.84, 0, 0.41, 60.8, 60.8, 0, 0
RCIN, 909228, 900, 900, 900, 900, 900, 900, 900, 900, 0, 0, 0, 0, 0, 0
GPS, 3, 163817600, 2004, 6, 3.93, 39.9201886, -105.1131578, -0.19, 1690.18, 0.03, 0, 0.01, 909267
DU32, 7, 655577
CURR, 909295, 0, 0, 0, 0, 4752, 0
CTUN, 909307, 0, 0, 0, 0, -0.19, -0.25, 0, 0, 0, -4
ATT, 909327, 0, -0.84, 0, 0.41, 60.8, 60.8, 0, 0
RCIN, 909327, 900, 900, 900, 900, 900, 900, 900, 900, 0, 0, 0, 0, 0, 0
CTUN, 909407, 0, 0, 0, 0, -0.2, -0.28, 0, 0, 0, -4
ATT, 909428, 0, -0.85, 0, 0.41, 60.8, 60.8, 0, 0
RCIN, 909428, 900, 900, 900, 900, 900, 900, 900, 900, 0, 0, 0, 0, 0, 0
RAD, 909456, 112, 118, 95, 19, 50, 0, 2
RAD, 909457, 112, 118, 95, 19, 50, 0, 2
GPS, 3, 163817800, 2004, 6, 3.93, 39.9201887, -105.1131578, -0.21, 1690.19, 0.02, 0, 0.01, 909467
CTUN, 909507, 0, 0, 0, 0, -0.21, -0.27, 0, 0, 0, -4
ATT, 909527, 0, -0.85, 0, 0.41, 60.8, 60.8, 0, 0
RCIN, 909527, 900, 900, 900, 900, 900, 900, 900, 900, 0, 0, 0, 0, 0, 0
CTUN, 909607, 0, 0, 0, 0, -0.22, -0.28, 0, 0, 0, -4
ATT, 909627, 0, -0.86, 0, 0.41, 60.79, 60.79, 0, 0
RCIN, 909628, 900, 900, 900, 900, 900, 900, 900, 900, 0, 0, 0, 0, 0, 0
GPS, 3, 163818000, 2004, 6, 3.93, 39.9201887, -105.1131578, -0.23, 1690.17, 0.04, 0, 0.01, 909667
CTUN, 909707, 0, 0, 0, 0, -0.23, -0.09, 0, 0, 0, -5
ATT, 909727, 0, -0.86, 0, 0.41, 60.79, 60.79, 0, 0
RCIN, 909727, 900, 900, 900, 900, 900, 900, 900, 900, 0, 0, 0, 0, 0, 0
CTUN, 909807, 0, 0, 0, 0, -0.23, 0.25, 0, 0, 0, -5
ATT, 909827, 0, -0.85, 0, 0.41, 60.79, 60.79, 0, 0
RCIN, 909827, 900, 900, 900, 900, 900, 900, 900, 900, 0, 0, 0, 0, 0, 0
GPS, 3, 163818200, 2004, 6, 3.93, 39.9201887, -105.1131577, -0.21, 1690.13, 0.04, 0, 0.02, 909886
CTUN, 909907, 0, 0, 0, 0, -0.2, -0.14, 0, 0, 0, -4
ATT, 909927, 0, -0.85, 0, 0.4, 60.79, 60.79, 0, 0
RCIN, 909927, 900, 900, 900, 900, 900, 900, 900, 900, 0, 0, 0, 0, 0, 0
CTUN, 910007, 0, 0, 0, 0, -0.2, -0.46, 0, 0, 0, -4
ATT, 910027, 0, -0.84, 0, 0.4, 60.79, 60.79, 0, 0
RCIN, 910028, 900, 900, 900, 900, 900, 900, 900, 900, 0, 0, 0, 0, 0, 0
GPS, 3, 163818400, 2004, 6, 3.93, 39.9201888, -105.1131576, -0.22, 1690.1, 0.06, 0, 0.03, 910067
CTUN, 910107, 0, 0, 0, 0, -0.22, 0.24, 0, 0, 0, -4
ATT, 910127, 0, -0.84, 0, 0.4, 60.79, 60.79, 0, 0
RCIN, 910127, 900, 900, 900, 900, 900, 900, 900, 900, 0, 0, 0, 0, 0, 0
CTUN, 910207, 0, 0, 0, 0, -0.2, -0.17, 0, 0, 0, -4
ATT, 910227, 0, -0.84, 0, 0.39, 60.79, 60.79, 0, 0
RCIN, 910228, 900, 900, 900, 900, 900, 900, 900, 900, 0, 0, 0, 0, 0, 0
GPS, 3, 163818600, 2004, 6, 3.93, 39.9201887, -105.1131575, -0.2, 1690.07, 0.07, 0, 0.04, 910267
DU32, 7, 655577
CURR, 910295, 0, 0, 0, 0, 4752, 0
CTUN, 910307, 0, 0, 0, 0, -0.2, -0.16, 0, 0, 0, -4
ATT, 910327, 0, -0.83, 0, 0.38, 60.78, 60.78, 0, 0
RCIN, 910328, 900, 900, 900, 900, 900, 900, 900, 900, 0, 0, 0, 0, 0, 0
CTUN, 910407, 0, 0, 0, 0, -0.21, -0.17, 0, 0, 0, -4
ATT, 910427, 0, -0.83, 0, 0.38, 60.78, 60.78, 0, 0
RCIN, 910428, 900, 900, 900, 900, 900, 900, 900, 900, 0, 0, 0, 0, 0, 0
GPS, 3, 163818800, 2004, 6, 3.93, 39.9201886, -105.1131573, -0.21, 1690.01, 0.01, 0, 0.04, 910467
RAD, 910496, 115, 119, 97, 23, 57, 0, 2
RAD, 910496, 115, 119, 97, 23, 57, 0, 2
CTUN, 910507, 0, 0, 0, 0, -0.21, 0.07, 0, 0, 0, -4
ATT, 910528, 0, -0.83, 0, 0.38, 60.77, 60.77, 0.03, 0
RCIN, 910528, 900, 900, 900, 900, 900, 900, 900, 900, 0, 0, 0, 0, 0, 0
CTUN, 910607, 0, 0, 0, 0, -0.2, -0.14, 0, 0, 0, -3
ATT, 910628, 0, -0.85, 0, 0.39, 60.77, 60.77, 0.03, 0
RCIN, 910628, 900, 900, 900, 900, 900, 900, 900, 900, 0, 0, 0, 0, 0, 0
GPS, 3, 163819000, 2004, 6, 3.93, 39.9201885, -105.1131573, -0.2, 1689.97, 0.04, 0, 0.03, 910667
CTUN, 910707, 0, 0, 0, 0, -0.2, -0.09, 0, 0, 0, -3
ATT, 910727, 0, -0.86, 0, 0.39, 60.77, 60.77, 0.02, 0
RCIN, 910727, 900, 900, 900, 900, 900, 900, 900, 900, 0, 0, 0, 0, 0, 0
CTUN, 910807, 0, 0, 0, 0, -0.19, -0.21, 0, 0, 0, -3
ATT, 910828, 0, -0.88, 0, 0.39, 60.77, 60.77, 0.02, 0
RCIN, 910828, 900, 900, 900, 900, 900, 900, 900, 900, 0, 0, 0, 0, 0, 0
GPS, 3, 163819200, 2004, 6, 3.93, 39.9201884, -105.1131574, -0.2, 1689.95, 0.08, 0, 0.02, 910867
CTUN, 910907, 0, 0, 0, 0, -0.2, -0.22, 0, 0, 0, -3
ATT, 910927, 0, -0.89, 0, 0.39, 60.77, 60.77, 0.01, 0
RCIN, 910927, 900, 900, 900, 900, 900, 900, 900, 900, 0, 0, 0, 0, 0, 0
CTUN, 911007, 0, 0, 0, 0, -0.2, -0.21, 0, 0, 0, -3
ATT, 911027, 0, -0.89, 0, 0.39, 60.77, 60.77, 0.01, 0
RCIN, 911027, 900, 900, 900, 900, 900, 900, 900, 900, 0, 0, 0, 0, 0, 0
GPS, 3, 163819400, 2004, 6, 3.93, 39.9201883, -105.1131574, -0.21, 1689.93, 0.07, 0, 0.01, 911067
CTUN, 911107, 0, 0, 0, 0, -0.21, 0.09, 0, 0, 0, -3
ATT, 911127, 0, -0.9, 0, 0.39, 60.77, 60.77, 0, 0
RCIN, 911127, 900, 900, 900, 900, 900, 900, 900, 900, 0, 0, 0, 0, 0, 0
CTUN, 911207, 0, 0, 0, 0, -0.19, 0.05, 0, 0, 0, -3
ATT, 911227, 0, -0.89, 0, 0.39, 60.76, 60.76, 0, 0
RCIN, 911228, 900, 900, 900, 900, 900, 900, 900, 900, 0, 0, 0, 0, 0, 0
GPS, 3, 163819600, 2004, 6, 3.93, 39.9201883, -105.1131575, -0.19, 1689.92, 0.02, 0, 0.01, 911267
DU32, 7, 655577
CURR, 911295, 0, 0, 0, 0, 4712, 0
CTUN, 911307, 0, 0, 0, 0, -0.18, -0.2, 0, 0, 0, -2
ATT, 911327, 0, -0.89, 0, 0.38, 60.76, 60.76, 0.02, 0
RCIN, 911327, 900, 900, 900, 900, 900, 900, 900, 900, 0, 0, 0, 0, 0, 0
CTUN, 911407, 0, 0, 0, 0, -0.19, 0.07, 0, 0, 0, -2
RAD, 911416, 117, 123, 98, 14, 54, 0, 2
RAD, 911417, 117, 123, 98, 14, 54, 0, 2
ATT, 911427, 0, -0.87, 0, 0.37, 60.76, 60.76, 0.02, 0
RCIN, 911428, 900, 900, 900, 900, 900, 900, 900, 900, 0, 0, 0, 0, 0, 0
GPS, 3, 163819800, 2004, 6, 3.93, 39.9201884, -105.1131576, -0.17, 1689.92, 0.04, 0, 0.01, 911486
CTUN, 911507, 0, 0, 0, 0, -0.17, -0.56, 0, 0, 0, -2
ATT, 911527, 0, -0.86, 0, 0.37, 60.75, 60.75, 0.01, 0
RCIN, 911527, 900, 900, 900, 900, 900, 900, 900, 900, 0, 0, 0, 0, 0, 0
CTUN, 911607, 0, 0, 0, 0, -0.2, 0.26, 0, 0, 0, -2
ATT, 911628, 0, -0.87, 0, 0.38, 60.75, 60.75, 0.01, 0
RCIN, 911628, 900, 900, 900, 900, 900, 900, 900, 900, 0, 0, 0, 0, 0, 0
GPS, 3, 163820000, 2004, 6, 3.93, 39.9201884, -105.1131578, -0.18, 1689.91, 0.03, 0, 0, 911667
CTUN, 911707, 0, 0, 0, 0, -0.17, -0.03, 0, 0, 0, -2
ATT, 911727, 0, -0.87, 0, 0.38, 60.75, 60.75, 0, 0
RCIN, 911727, 900, 900, 900, 900, 900, 900, 900, 900, 0, 0, 0, 0, 0, 0
CTUN, 911807, 0, 0, 0, 0, -0.17, -0.04, 0, 0, 0, -2
ATT, 911827, 0, -0.87, 0, 0.38, 60.75, 60.75, 0, 0
RCIN, 911828, 900, 900, 900, 900, 900, 900, 900, 900, 0, 0, 0, 0, 0, 0
GPS, 3, 163820200, 2004, 6, 3.93, 39.9201884, -105.1131579, -0.16, 1689.91, 0.08, 0, -0.01, 911867
CTUN, 911907, 0, 0, 0, 0, -0.16, 0.03, 0, 0, 0, -1
ATT, 911927, 0, -0.88, 0, 0.38, 60.75, 60.75, 0.02, 0
RCIN, 911928, 900, 900, 900, 900, 900, 900, 900, 900, 0, 0, 0, 0, 0, 0
CTUN, 912007, 0, 0, 0, 0, -0.15, -0.29, 0, 0, 0, -1
ATT, 912027, 0, -0.89, 0, 0.37, 60.75, 60.75, 0.02, 0
RCIN, 912027, 900, 900, 900, 900, 900, 900, 900, 900, 0, 0, 0, 0, 0, 0
GPS, 3, 163820400, 2004, 6, 3.93, 39.9201885, -105.1131582, -0.16, 1689.92, 0.09, 0, -0.02, 912067
CTUN, 912107, 0, 0, 0, 0, -0.16, 0, 0, 0, 0, -2
ATT, 912127, 0, -0.9, 0, 0.37, 60.75, 60.75, 0.01, 0
RCIN, 912127, 900, 900, 900, 900, 900, 900, 900, 900, 0, 0, 0, 0, 0, 0
CTUN, 912207, 0, 0, 0, 0, -0.15, -0.16, 0, 0, 0, -1
ATT, 912228, 0, -0.9, 0, 0.38, 60.75, 60.75, 0.01, 0
RCIN, 912228, 900, 900, 900, 900, 900, 900, 900, 900, 0, 0, 0, 0, 0, 0
GPS, 3, 163820600, 2004, 6, 3.93, 39.9201885, -105.1131585, -0.16, 1689.93, 0.06, 0, -0.03, 912286
DU32, 7, 655577
CURR, 912297, 0, 0, 0, 0, 4752, 0
CTUN, 912307, 0, 0, 0, 0, -0.16, 0.1, 0, 0, 0, -1
ATT, 912327, 0, -0.89, 0, 0.38, 60.75, 60.75, 0.01, 0
RCIN, 912327, 900, 900, 900, 900, 900, 900, 900, 900, 0, 0, 0, 0, 0, 0
CTUN, 912407, 0, 0, 0, 0, -0.14, -0.13, 0, 0, 0, -1
ATT, 912427, 0, -0.88, 0, 0.37, 60.75, 60.75, 0.01, 0
RCIN, 912427, 900, 900, 900, 900, 900, 900, 900, 900, 0, 0, 0, 0, 0, 0
RAD, 912456, 114, 120, 100, 19, 57, 0, 2
RAD, 912457, 114, 120, 100, 19, 57, 0, 2
GPS, 3, 163820800, 2004, 6, 3.93, 39.9201885, -105.1131589, -0.14, 1689.94, 0.02, 0, -0.03, 912486
CTUN, 912507, 0, 0, 0, 0, -0.14, -0.37, 0, 0, 0, -1
ATT, 912527, 0, -0.87, 0, 0.37, 60.75, 60.75, 0.01, 0
RCIN, 912527, 900, 900, 900, 900, 900, 900, 900, 900, 0, 0, 0, 0, 0, 0
CTUN, 912607, 0, 0, 0, 0, -0.16, -0.28, 0, 0, 0, -1
ATT, 912628, 0, -0.86, 0, 0.36, 60.75, 60.75, 0.01, 0
RCIN, 912628, 900, 900, 900, 900, 900, 900, 900, 900, 0, 0, 0, 0, 0, 0
GPS, 3, 163821000, 2004, 6, 3.93, 39.9201886, -105.1131592, -0.17, 1689.95, 0.03, 0, -0.03, 912686
CTUN, 912707, 0, 0, 0, 0, -0.17, 0.01, 0, 0, 0, -1
ATT, 912727, 0, -0.86, 0, 0.36, 60.75, 60.75, 0.01, 0
RCIN, 912727, 900, 900, 900, 900, 900, 900, 900, 900, 0, 0, 0, 0, 0, 0
CTUN, 912807, 0, 0, 0, 0, -0.16, -0.07, 0, 0, 0, -1
ATT, 912827, 0, -0.86, 0, 0.35, 60.74, 60.74, 0.01, 0
RCIN, 912828, 900, 900, 900, 900, 900, 900, 900, 900, 0, 0, 0, 0, 0, 0
GPS, 3, 163821200, 2004, 6, 3.93, 39.9201886, -105.1131595, -0.16, 1689.96, 0.02, 0, -0.03, 912886
CTUN, 912907, 0, 0, 0, 0, -0.15, -0.35, 0, 0, 0, -1
ATT, 912927, 0, -0.86, 0, 0.35, 60.74, 60.74, 0.02, 0
RCIN, 912927, 900, 900, 900, 900, 900, 900, 900, 900, 0, 0, 0, 0, 0, 0
CTUN, 913007, 0, 0, 0, 0, -0.17, -0.22, 0, 0, 0, -1
ATT, 913027, 0, -0.84, 0, 0.36, 60.74, 60.74, 0.02, 0
RCIN, 913027, 900, 900, 900, 900, 900, 900, 900, 900, 0, 0, 0, 0, 0, 0
GPS, 3, 163821400, 2004, 6, 3.93, 39.9201886, -105.1131599, -0.17, 1689.98, 0.02, 0, -0.03, 913086
CTUN, 913107, 0, 0, 0, 0, -0.17, -0.34, 0, 0, 0, -1
ATT, 913127, 0, -0.83, 0, 0.36, 60.74, 60.74, 0, 0
RCIN, 913128, 900, 900, 900, 900, 900, 900, 900, 900, 0, 0, 0, 0, 0, 0
CTUN, 913207, 0, 0, 0, 0, -0.18, -0.18, 0, 0, 0, -1
ATT, 913228, 0, -0.84, 0, 0.36, 60.74, 60.74, 0, 0
RCIN, 913228, 900, 900, 900, 900, 900, 900, 900, 900, 0, 0, 0, 0, 0, 0
GPS, 3, 163821600, 2004, 6, 3.93, 39.9201886, -105.1131602, -0.19, 1690.01, 0.03, 0, -0.02, 913267
DU32, 7, 655577
CURR, 913295, 0, 0, 0, 0, 4752, 0
CTUN, 913307, 0, 0, 0, 0, -0.19, -0.19, 0, 0, 0, -1
ATT, 913327, 0, -0.83, 0, 0.35, 60.74, 60.74, 0.01, 0
RCIN, 913327, 900, 900, 900, 900, 900, 900, 900, 900, 0, 0, 0, 0, 0, 0
CTUN, 913407, 0, 0, 0, 0, -0.19, -0.14, 0, 0, 0, -1
ATT, 913428, 0, -0.83, 0, 0.35, 60.74, 60.74, 0.01, 0
RCIN, 913428, 900, 900, 900, 900, 900, 900, 900, 900, 0, 0, 0, 0, 0, 0
GPS, 3, 163821800, 2004, 6, 3.93, 39.9201886, -105.1131605, -0.19, 1690.07, 0.07, 0, -0.02, 913486
CTUN, 913507, 0, 0, 0, 0, -0.19, -0.25, 0, 0, 0, -1
RAD, 913516, 116, 117, 93, 13, 54, 0, 2
ATT, 913527, 0, -0.82, 0, 0.36, 60.74, 60.74, 0.01, 0
RCIN, 913527, 900, 900, 900, 900, 900, 900, 900, 900, 0, 0, 0, 0, 0, 0
RAD, 913536, 116, 117, 93, 13, 54, 0, 2
CTUN, 913607, 0, 0, 0, 0, -0.19, -0.1, 0, 0, 0, -1
ATT, 913628, 0, -0.81, 0, 0.36, 60.74, 60.74, 0.01, 0
RCIN, 913628, 900, 900, 900, 900, 900, 900, 900, 900, 0, 0, 0, 0, 0, 0
GPS, 3, 163822000, 2004, 6, 3.93, 39.9201886, -105.1131608, -0.19, 1690.12, 0.04, 0, -0.02, 913667
CTUN, 913707, 0, 0, 0, 0, -0.19, -0.18, 0, 0, 0, -1
ATT, 913727, 0, -0.81, 0, 0.35, 60.74, 60.74, 0.02, 0
RCIN, 913727, 900, 900, 900, 900, 900, 900, 900, 900, 0, 0, 0, 0, 0, 0
CTUN, 913807, 0, 0, 0, 0, -0.19, 0.17, 0, 0, 0, -1
ATT, 913827, 0, -0.82, 0, 0.35, 60.74, 60.74, 0.02, 0
RCIN, 913827, 900, 900, 900, 900, 900, 900, 900, 900, 0, 0, 0, 0, 0, 0
GPS, 3, 163822200, 2004, 6, 3.93, 39.9201888, -105.1131611, -0.17, 1690.18, 0.02, 0, -0.02, 913886
CTUN, 913907, 0, 0, 0, 0, -0.17, -0.22, 0, 0, 0, -1
ATT, 913927, 0, -0.83, 0, 0.35, 60.74, 60.74, 0.01, 0
RCIN, 913927, 900, 900, 900, 900, 900, 900, 900, 900, 0, 0, 0, 0, 0, 0
CTUN, 914007, 0, 0, 0, 0, -0.17, 0.09, 0, 0, 0, -1
ATT, 914027, 0, -0.84, 0, 0.35, 60.73, 60.73, 0.01, 0
RCIN, 914027, 900, 900, 900, 900, 900, 900, 900, 900, 0, 0, 0, 0, 0, 0
GPS, 3, 163822400, 2004, 6, 3.93, 39.9201889, -105.1131614, -0.16, 1690.22, 0.04, 0, -0.02, 914086
CTUN, 914107, 0, 0, 0, 0, -0.16, -0.05, 0, 0, 0, 0
ATT, 914127, 0, -0.84, 0, 0.34, 60.73, 60.73, 0.01, 0
RCIN, 914127, 900, 900, 900, 900, 900, 900, 900, 900, 0, 0, 0, 0, 0, 0
CTUN, 914209, 0, 0, 0, 0, -0.15, -0.45, 0, 0, 0, 0
ATT, 914229, 0, -0.83, 0, 0.34, 60.73, 60.73, 0.01, 0
RCIN, 914229, 900, 900, 900, 900, 900, 900, 900, 900, 0, 0, 0, 0, 0, 0
GPS, 3, 163822600, 2004, 6, 3.93, 39.9201892, -105.1131616, -0.16, 1690.28, 0.04, 0, -0.02, 914268
DU32, 7, 655577
CURR, 914297, 0, 0, 0, 0, 4712, 0
CTUN, 914308, 0, 0, 0, 0, -0.17, -0.25, 0, 0, 0, -1
ATT, 914328, 0, -0.83, 0, 0.33, 60.73, 60.73, 0.01, 0
RCIN, 914329, 900, 900, 900, 900, 900, 900, 900, 900, 0, 0, 0, 0, 0, 0
CTUN, 914408, 0, 0, 0, 0, -0.18, -0.07, 0, 0, 0, -1
ATT, 914427, 0, -0.83, 0, 0.32, 60.73, 60.73, 0.01, 0
RCIN, 914428, 900, 900, 900, 900, 900, 900, 900, 900, 0, 0, 0, 0, 0, 0
GPS, 3, 163822800, 2004, 6, 3.93, 39.9201895, -105.1131618, -0.17, 1690.33, 0.06, 0, -0.01, 914488
CTUN, 914509, 0, 0, 0, 0, -0.17, -0.37, 0, 0, 0, 0
RAD, 914518, 104, 109, 96, 18, 55, 0, 2
RAD, 914519, 104, 109, 96, 18, 55, 0, 2
ATT, 914528, 0, -0.82, 0, 0.31, 60.73, 60.73, 0, 0
RCIN, 914528, 900, 900, 900, 900, 900, 900, 900, 900, 0, 0, 0, 0, 0, 0
CTUN, 914608, 0, 0, 0, 0, -0.19, -0.05, 0, 0, 0, -1
ATT, 914628, 0, -0.82, 0, 0.3, 60.72, 60.72, 0, 0
RCIN, 914628, 900, 900, 900, 900, 900, 900, 900, 900, 0, 0, 0, 0, 0, 0
GPS, 3, 163823000, 2004, 6, 3.93, 39.9201896, -105.113162, -0.18, 1690.38, 0.02, 0, -0.01, 914686
CTUN, 914709, 0, 0, 0, 0, -0.18, -0.34, 0, 0, 0, -1
ATT, 914729, 0, -0.82, 0, 0.3, 60.72, 60.72, 0.02, 0
RCIN, 914729, 900, 900, 900, 900, 900, 900, 900, 900, 0, 0, 0, 0, 0, 0
CTUN, 914808, 0, 0, 0, 0, -0.19, 0.09, 0, 0, 0, -1
ATT, 914829, 0, -0.83, 0, 0.3, 60.72, 60.72, 0.02, 0
RCIN, 914829, 900, 900, 900, 900, 900, 900, 900, 900, 0, 0, 0, 0, 0, 0
GPS, 3, 163823200, 2004, 6, 3.93, 39.9201897, -105.1131622, -0.18, 1690.41, 0.06, 0, -0.02, 914886
CTUN, 914908, 0, 0, 0, 0, -0.17, -0.15, 0, 0, 0, -1
ATT, 914927, 0, -0.85, 0, 0.3, 60.71, 60.71, 0.04, 0
RCIN, 914927, 900, 900, 900, 900, 900, 900, 900, 900, 0, 0, 0, 0, 0, 0
CTUN, 915009, 0, 0, 0, 0, -0.17, -0.11, 0, 0, 0, 0
ATT, 915029, 0, -0.87, 0, 0.3, 60.71, 60.71, 0.04, 0
RCIN, 915030, 900, 900, 900, 900, 900, 900, 900, 900, 0, 0, 0, 0, 0, 0
GPS, 3, 163823400, 2004, 6, 3.93, 39.9201898, -105.1131624, -0.17, 1690.46, 0.13, 0, -0.04, 915068
CTUN, 915108, 0, 0, 0, 0, -0.17, -0.18, 0, 0, 0, 0
ATT, 915128, 0, -0.9, 0, 0.3, 60.71, 60.71, 0.03, 0
RCIN, 915128, 900, 900, 900, 900, 900, 900, 900, 900, 0, 0, 0, 0, 0, 0
CTUN, 915207, 0, 0, 0, 0, -0.17, -0.33, 0, 0, 0, 0
ATT, 915229, 0, -0.92, 0, 0.29, 60.72, 60.72, 0.03, 0
RCIN, 915229, 900, 900, 900, 900, 900, 900, 900, 900, 0, 0, 0, 0, 0, 0
GPS, 3, 163823600, 2004, 6, 3.93, 39.9201899, -105.1131627, -0.18, 1690.5, 0.17, 0, -0.06, 915268
DU32, 7, 655577
CURR, 915297, 0, 0, 0, 0, 4752, 0
CTUN, 915308, 0, 0, 0, 0, -0.18, -0.24, 0, 0, 0, -1
ATT, 915328, 0, -0.93, 0, 0.29, 60.71, 60.71, 0.01, 0
RCIN, 915329, 900, 900, 900, 900, 900, 900, 900, 900, 0, 0, 0, 0, 0, 0
RAD, 915376, 110, 120, 100, 17, 55, 0, 2
RAD, 915377, 110, 120, 100, 17, 55, 0, 2
CTUN, 915408, 0, 0, 0, 0, -0.19, 0.16, 0, 0, 0, -1
ATT, 915427, 0, -0.94, 0, 0.28, 60.71, 60.71, 0.01, 0
RCIN, 915428, 900, 900, 900, 900, 900, 900, 900, 900, 0, 0, 0, 0, 0, 0
GPS, 3, 163823800, 2004, 6, 3.93, 39.9201899, -105.1131631, -0.17, 1690.54, 0.13, 0, -0.07, 915488
CTUN, 915509, 0, 0, 0, 0, -0.17, 0.3, 0, 0, 0, 0
ATT, 915528, 0, -0.95, 0, 0.28, 60.71, 60.71, 0.01, 0
RCIN, 915528, 900, 900, 900, 900, 900, 900, 900, 900, 0, 0, 0, 0, 0, 0
CTUN, 915608, 0, 0, 0, 0, -0.14, -0.37, 0, 0, 0, 0
ATT, 915628, 0, -0.94, 0, 0.28, 60.7, 60.7, 0.01, 0
RCIN, 915628, 900, 900, 900, 900, 900, 900, 900, 900, 0, 0, 0, 0, 0, 0
GPS, 3, 163824000, 2004, 6, 3.93, 39.9201901, -105.1131635, -0.15, 1690.57, 0.09, 0, -0.07, 915686
CTUN, 915707, 0, 0, 0, 0, -0.15, -0.26, 0, 0, 0, 0
ATT, 915727, 0, -0.93, 0, 0.28, 60.7, 60.7, 0.02, 0
RCIN, 915728, 900, 900, 900, 900, 900, 900, 900, 900, 0, 0, 0, 0, 0, 0
CTUN, 915808, 0, 0, 0, 0, -0.16, -0.23, 0, 0, 0, 0
ATT, 915828, 0, -0.91, 0, 0.29, 60.7, 60.7, 0.02, 0
RCIN, 915828, 900, 900, 900, 900, 900, 900, 900, 900, 0, 0, 0, 0, 0, 0
GPS, 3, 163824200, 2004, 6, 3.93, 39.92019, -105.1131638, -0.16, 1690.6, 0.07, 0, -0.08, 915887
CTUN, 915907, 0, 0, 0, 0, -0.16, -0.24, 0, 0, 0, 0
ATT, 915928, 0, -0.91, 0, 0.29, 60.7, 60.7, 0.02, 0
RCIN, 915928, 900, 900, 900, 900, 900, 900, 900, 900, 0, 0, 0, 0, 0, 0
CTUN, 916009, 0, 0, 0, 0, -0.17, -0.18, 0, 0, 0, 0
ATT, 916029, 0, -0.9, 0, 0.3, 60.7, 60.7, 0.02, 0
RCIN, 916029, 900, 900, 900, 900, 900, 900, 900, 900, 0, 0, 0, 0, 0, 0
GPS, 3, 163824400, 2004, 6, 3.93, 39.9201901, -105.1131642, -0.17, 1690.64, 0.12, 0, -0.09, 916068
CTUN, 916108, 0, 0, 0, 0, -0.17, -0.3, 0, 0, 0, 0
ATT, 916127, 0, -0.91, 0, 0.3, 60.69, 60.69, 0.03, 0
RCIN, 916128, 900, 900, 900, 900, 900, 900, 900, 900, 0, 0, 0, 0, 0, 0
CTUN, 916207, 0, 0, 0, 0, -0.18, 0.04, 0, 0, 0, 0
ATT, 916228, 0, -0.92, 0, 0.29, 60.69, 60.69, 0.03, 0
RCIN, 916228, 900, 900, 900, 900, 900, 900, 900, 900, 0, 0, 0, 0, 0, 0
GPS, 3, 163824600, 2004, 6, 3.92, 39.92019, -105.1131645, -0.17, 1690.69, 0.14, 0, -0.09999999, 916287
DU32, 7, 655577
CURR, 916298, 0, 0, 0, 0, 4752, 0
PM, 11, 1000, 39250, 10, 0, 0, 0
CTUN, 916308, 0, 0, 0, 0, -0.17, -0.47, 0, 0, 0, 0
ATT, 916328, 0, -0.94, 0, 0.29, 60.69, 60.69, 0, 0
RCIN, 916328, 900, 900, 900, 900, 900, 900, 900, 900, 0, 0, 0, 0, 0, 0
RAD, 916396, 117, 119, 100, 16, 53, 0, 2
RAD, 916397, 117, 119, 100, 16, 53, 0, 2
CTUN, 916407, 0, 0, 0, 0, -0.18, 0.11, 0, 0, 0, 0
ATT, 916428, 0, -0.94, 0, 0.28, 60.69, 60.69, 0, 0
RCIN, 916428, 900, 900, 900, 900, 900, 900, 900, 900, 0, 0, 0, 0, 0, 0
GPS, 3, 163824800, 2004, 6, 3.92, 39.9201899, -105.1131649, -0.17, 1690.73, 0.12, 0, -0.11, 916486
CTUN, 916507, 0, 0, 0, 0, -0.17, -0.35, 0, 0, 0, 0
ATT, 916529, 0, -0.94, 0, 0.28, 60.69, 60.69, 0.01, 0
RCIN, 916529, 900, 900, 900, 900, 900, 900, 900, 900, 0, 0, 0, 0, 0, 0
CTUN, 916608, 0, 0, 0, 0, -0.18, 0.07, 0, 0, 0, 0
ATT, 916628, 0, -0.93, 0, 0.28, 60.69, 60.69, 0.01, 0
RCIN, 916628, 900, 900, 900, 900, 900, 900, 900, 900, 0, 0, 0, 0, 0, 0
GPS, 3, 163825000, 2004, 6, 3.92, 39.9201898, -105.1131653, -0.17, 1690.78, 0.08, 0, -0.11, 916686
CTUN, 916707, 0, 0, 0, 0, -0.16, -0.12, 0, 0, 0, 0
ATT, 916727, 0, -0.92, 0, 0.28, 60.69, 60.69, 0.02, 0
RCIN, 916727, 900, 900, 900, 900, 900, 900, 900, 900, 0, 0, 0, 0, 0, 0
CTUN, 916808, 0, 0, 0, 0, -0.16, -0.23, 0, 0, 0, 0
ATT, 916829, 0, -0.91, 0, 0.28, 60.69, 60.69, 0.02, 0
RCIN, 916829, 900, 900, 900, 900, 900, 900, 900, 900, 0, 0, 0, 0, 0, 0
GPS, 3, 163825200, 2004, 6, 3.92, 39.9201898, -105.1131656, -0.16, 1690.81, 0.06, 0, -0.11, 916867
CTUN, 916907, 0, 0, 0, 0, -0.16, -0.12, 0, 0, 0, 0
ATT, 916927, 0, -0.9, 0, 0.28, 60.69, 60.69, 0.01, 0
RCIN, 916927, 900, 900, 900, 900, 900, 900, 900, 900, 0, 0, 0, 0, 0, 0
CTUN, 917007, 0, 0, 0, 0, -0.16, -0.13, 0, 0, 0, 0
ATT, 917030, 0, -0.89, 0, 0.28, 60.69, 60.69, 0.01, 0
RCIN, 917030, 900, 900, 900, 900, 900, 900, 900, 900, 0, 0, 0, 0, 0, 0
GPS, 3, 163825400, 2004, 6, 3.92, 39.9201897, -105.1131659, -0.16, 1690.84, 0.06, 0, -0.11, 917087
CTUN, 917108, 0, 0, 0, 0, -0.16, -0.14, 0, 0, 0, 0
ATT, 917127, 0, -0.88, 0, 0.28, 60.69, 60.69, 0, 0
RCIN, 917127, 900, 900, 900, 900, 900, 900, 900, 900, 0, 0, 0, 0, 0, 0
CTUN, 917207, 0, 0, 0, 0, -0.16, 0.05, 0, 0, 0, 0
ATT, 917227, 0, -0.88, 0, 0.28, 60.7, 60.7, 0, 0
RCIN, 917227, 900, 900, 900, 900, 900, 900, 900, 900, 0, 0, 0, 0, 0, 0
GPS, 3, 163825600, 2004, 6, 3.92, 39.9201896, -105.1131662, -0.15, 1690.88, 0.04, 0, -0.12, 917268
DU32, 7, 655577
CURR, 917297, 0, 0, 0, 0, 4752, 0
CTUN, 917308, 0, 0, 0, 0, -0.14, -0.26, 0, 0, 0, 0
ATT, 917328, 0, -0.88, 0, 0.28, 60.7, 60.7, 0.01, 0
RCIN, 917328, 900, 900, 900, 900, 900, 900, 900, 900, 0, 0, 0, 0, 0, 0
CTUN, 917407, 0, 0, 0, 0, -0.15, -0.23, 0, 0, 0, 0
ATT, 917427, 0, -0.87, 0, 0.28, 60.7, 60.7, 0.01, 0
RCIN, 917427, 900, 900, 900, 900, 900, 900, 900, 900, 0, 0, 0, 0, 0, 0
RAD, 917456, 117, 123, 100, 17, 57, 0, 2
RAD, 917476, 117, 123, 100, 17, 57, 0, 2
GPS, 3, 163825800, 2004, 6, 3.92, 39.9201895, -105.1131665, -0.15, 1690.9, 0.04, 0, -0.11, 917486
CTUN, 917507, 0, 0, 0, 0, -0.16, -0.11, 0, 0, 0, 0
ATT, 917528, 0, -0.87, 0, 0.28, 60.7, 60.7, 0, 0
RCIN, 917528, 900, 900, 900, 900, 900, 900, 900, 900, 0, 0, 0, 0, 0, 0
CTUN, 917608, 0, 0, 0, 0, -0.15, -0.19, 0, 0, 0, 0
ATT, 917628, 0, -0.87, 0, 0.28, 60.69, 60.69, 0, 0
RCIN, 917628, 900, 900, 900, 900, 900, 900, 900, 900, 0, 0, 0, 0, 0, 0
GPS, 3, 163826000, 2004, 6, 3.92, 39.9201894, -105.1131668, -0.15, 1690.93, 0.03, 0, -0.11, 917686
CTUN, 917707, 0, 0, 0, 0, -0.15, -0.27, 0, 0, 0, 0
ATT, 917727, 0, -0.87, 0, 0.28, 60.69, 60.69, 0.02, 0
RCIN, 917727, 900, 900, 900, 900, 900, 900, 900, 900, 0, 0, 0, 0, 0, 0
CTUN, 917808, 0, 0, 0, 0, -0.16, -0.03, 0, 0, 0, 0
ATT, 917828, 0, -0.85, 0, 0.28, 60.69, 60.69, 0.02, 0.01
RCIN, 917829, 900, 900, 900, 900, 900, 900, 900, 900, 0, 0, 0, 0, 0, 0
GPS, 3, 163826200, 2004, 6, 3.92, 39.9201892, -105.1131669, -0.16, 1690.96, 0.03, 0, -0.09999999, 917886
CTUN, 917907, 0, 0, 0, 0, -0.15, -0.21, 0, 0, 0, 0
ATT, 917927, 0, -0.85, 0, 0.28, 60.69, 60.69, 0, 0
RCIN, 917928, 900, 900, 900, 900, 900, 900, 900, 900, 0, 0, 0, 0, 0, 0
CTUN, 918007, 0, 0, 0, 0, -0.16, -0.27, 0, 0, 0, 0
ATT, 918028, 0, -0.84, 0, 0.28, 60.69, 60.69, 0, 0
RCIN, 918029, 900, 900, 900, 900, 900, 900, 900, 900, 0, 0, 0, 0, 0, 0
GPS, 3, 163826400, 2004, 6, 3.92, 39.9201889, -105.113167, -0.16, 1691, 0.04, 0, -0.11, 918087
CTUN, 918108, 0, 0, 0, 0, -0.16, -0.18, 0, 0, 0, 0
ATT, 918128, 0, -0.85, 0, 0.27, 60.69, 60.69, 0, 0
RCIN, 918128, 900, 900, 900, 900, 900, 900, 900, 900, 0, 0, 0, 0, 0, 0
CTUN, 918207, 0, 0, 0, 0, -0.16, -0.23, 0, 0, 0, 0
ATT, 918227, 0, -0.85, 0, 0.28, 60.69, 60.69, 0, 0
RCIN, 918227, 900, 900, 900, 900, 900, 900, 900, 900, 0, 0, 0, 0, 0, 0
GPS, 3, 163826600, 2004, 6, 3.92, 39.9201889, -105.1131671, -0.17, 1691.07, 0.03, 0, -0.11, 918287
DU32, 7, 655577
CURR, 918298, 0, 0, 0, 0, 4752, 0
CTUN, 918308, 0, 0, 0, 0, -0.17, -0.08, 0, 0, 0, 0
ATT, 918328, 0, -0.85, 0, 0.28, 60.69, 60.69, 0.01, 0.01
RCIN, 918329, 900, 900, 900, 900, 900, 900, 900, 900, 0, 0, 0, 0, 0, 0
CTUN, 918407, 0, 0, 0, 0, -0.16, -0.23, 0, 0, 0, 0
ATT, 918427, 0, -0.86, 0, 0.27, 60.69, 60.69, 0.01, 0
RCIN, 918428, 900, 900, 900, 900, 900, 900, 900, 900, 0, 0, 0, 0, 0, 0
RAD, 918436, 114, 119, 95, 17, 59, 0, 2
RAD, 918437, 114, 119, 95, 17, 59, 0, 2
GPS, 3, 163826800, 2004, 6, 3.92, 39.920189, -105.1131672, -0.17, 1691.15, 0.02, 0, -0.09999999, 918486
CTUN, 918507, 0, 0, 0, 0, -0.17, -0.14, 0, 0, 0, 0
ATT, 918527, 0, -0.86, 0, 0.26, 60.69, 60.69, 0.01, 0
RCIN, 918527, 900, 900, 900, 900, 900, 900, 900, 900, 0, 0, 0, 0, 0, 0
CTUN, 918608, 0, 0, 0, 0, -0.17, -0.28, 0, 0, 0, 0
ATT, 918628, 0, -0.85, 0, 0.26, 60.69, 60.69, 0.01, 0
RCIN, 918628, 900, 900, 900, 900, 900, 900, 900, 900, 0, 0, 0, 0, 0, 0
GPS, 3, 163827000, 2004, 6, 3.92, 39.9201888, -105.1131675, -0.17, 1691.24, 0.08, 0, -0.09999999, 918686
CTUN, 918707, 0, 0, 0, 0, -0.17, -0.01, 0, 0, 0, 0
ATT, 918727, 0, -0.84, 0, 0.26, 60.69, 60.69, 0.03, 0
RCIN, 918727, 900, 900, 900, 900, 900, 900, 900, 900, 0, 0, 0, 0, 0, 0
CTUN, 918808, 0, 0, 0, 0, -0.16, -0.08, 0, 0, 0, 0
ATT, 918828, 0, -0.83, 0, 0.27, 60.68, 60.68, 0.03, 0
RCIN, 918828, 900, 900, 900, 900, 900, 900, 900, 900, 0, 0, 0, 0, 0, 0
GPS, 3, 163827200, 2004, 6, 3.92, 39.9201886, -105.1131677, -0.16, 1691.31, 0.04, 0, -0.09999999, 918886
CTUN, 918907, 0, 0, 0, 0, -0.16, 0.05, 0, 0, 0, 0
ATT, 918927, 0, -0.83, 0, 0.27, 60.68, 60.68, 0.02, 0
RCIN, 918927, 900, 900, 900, 900, 900, 900, 900, 900, 0, 0, 0, 0, 0, 0
CTUN, 919007, 0, 0, 0, 0, -0.14, -0.28, 0, 0, 0, 0
ATT, 919027, 0, -0.84, 0, 0.27, 60.68, 60.68, 0.02, 0
RCIN, 919027, 900, 900, 900, 900, 900, 900, 900, 900, 0, 0, 0, 0, 0, 0
GPS, 3, 163827400, 2004, 6, 3.92, 39.9201885, -105.1131679, -0.15, 1691.4, 0.08, 0, -0.11, 919087
CTUN, 919108, 0, 0, 0, 0, -0.15, 0.13, 0, 0, 0, 0
ATT, 919127, 0, -0.86, 0, 0.26, 60.67, 60.67, 0.04, 0
RCIN, 919127, 900, 900, 900, 900, 900, 900, 900, 900, 0, 0, 0, 0, 0, 0
CTUN, 919207, 0, 0, 0, 0, -0.13, -0.08, 0, 0, 0, 0
ATT, 919227, 0, -0.88, 0, 0.26, 60.68, 60.68, 0.04, 0
RCIN, 919227, 900, 900, 900, 900, 900, 900, 900, 900, 0, 0, 0, 0, 0, 0
GPS, 3, 163827600, 2004, 6, 3.92, 39.9201885, -105.113168, -0.13, 1691.49, 0.16, 0, -0.13, 919286
DU32, 7, 655577
CURR, 919297, 0, 0, 0, 0, 4732, 0
CTUN, 919308, 0, 0, 0, 0, -0.13, -0.29, 0, 0, 0, 0
ATT, 919328, 0, -0.91, 0, 0.26, 60.68, 60.68, 0.04, 0
RCIN, 919328, 900, 900, 900, 900, 900, 900, 900, 900, 0, 0, 0, 0, 0, 0
CTUN, 919407, 0, 0, 0, 0, -0.14, 0.15, 0, 0, 0, 0
RAD, 919417, 110, 123, 97, 24, 61, 0, 2
RAD, 919417, 110, 123, 97, 24, 61, 0, 2
ATT, 919427, 0, -0.93, 0, 0.25, 60.68, 60.68, 0.04, 0
RCIN, 919427, 900, 900, 900, 900, 900, 900, 900, 900, 0, 0, 0, 0, 0, 0
GPS, 3, 163827800, 2004, 6, 3.92, 39.9201884, -105.1131683, -0.12, 1691.56, 0.19, 0, -0.15, 919486
CTUN, 919507, 0, 0, 0, 0, -0.12, 0.06, 0, 0, 0, 1
ATT, 919527, 0, -0.95, 0, 0.24, 60.68, 60.68, 0.02, 0
RCIN, 919527, 900, 900, 900, 900, 900, 900, 900, 900, 0, 0, 0, 0, 0, 0
CTUN, 919608, 0, 0, 0, 0, -0.11, -0.02, 0, 0, 0, 1
ATT, 919628, 0, -0.97, 0, 0.25, 60.68, 60.68, 0.02, 0
RCIN, 919628, 900, 900, 900, 900, 900, 900, 900, 900, 0, 0, 0, 0, 0, 0
GPS, 3, 163828000, 2004, 6, 3.92, 39.9201884, -105.1131685, -0.1, 1691.64, 0.13, 0, -0.16, 919686
CTUN, 919707, 0, 0, 0, 0, -0.1, -0.15, 0, 0, 0, 1
ATT, 919727, 0, -0.97, 0, 0.24, 60.67, 60.67, 0.03, 0
RCIN, 919728, 900, 900, 900, 900, 900, 900, 900, 900, 0, 0, 0, 0, 0, 0
CTUN, 919807, 0, 0, 0, 0, -0.1, 0.35, 0, 0, 0, 1
ATT, 919828, 0, -0.95, 0, 0.23, 60.67, 60.67, 0.03, 0
RCIN, 919828, 900, 900, 900, 900, 900, 900, 900, 900, 0, 0, 0, 0, 0, 0
GPS, 3, 163828200, 2004, 6, 3.92, 39.9201883, -105.1131688, -0.08, 1691.69, 0.09, 0, -0.16, 919886
CTUN, 919907, 0, 0, 0, 0, -0.07, -0.2, 0, 0, 0, 1
ATT, 919927, 0, -0.94, 0, 0.22, 60.67, 60.67, 0.02, 0
RCIN, 919927, 900, 900, 900, 900, 900, 900, 900, 900, 0, 0, 0, 0, 0, 0
CTUN, 920007, 0, 0, 0, 0, -0.08, -0.16, 0, 0, 0, 1
ATT, 920027, 0, -0.93, 0, 0.23, 60.66, 60.66, 0.02, 0
RCIN, 920027, 900, 900, 900, 900, 900, 900, 900, 900, 0, 0, 0, 0, 0, 0
GPS, 3, 163828400, 2004, 6, 3.92, 39.9201881, -105.1131689, -0.08, 1691.72, 0.09, 0, -0.17, 920087
CTUN, 920108, 0, 0, 0, 0, -0.08, 0, 0, 0, 0, 1
ATT, 920127, 0, -0.93, 0, 0.23, 60.66, 60.66, 0, 0
RCIN, 920127, 900, 900, 900, 900, 900, 900, 900, 900, 0, 0, 0, 0, 0, 0
CTUN, 920207, 0, 0, 0, 0, -0.08, 0.02, 0, 0, 0, 1
ATT, 920227, 0, -0.93, 0, 0.23, 60.66, 60.66, 0, 0
RCIN, 920227, 900, 900, 900, 900, 900, 900, 900, 900, 0, 0, 0, 0, 0, 0
GPS, 3, 163828600, 2004, 6, 3.92, 39.9201878, -105.1131691, -0.07, 1691.75, 0.13, 0, -0.18, 920286
DU32, 7, 655577
CURR, 920297, 0, 0, 0, 0, 4752, 0
CTUN, 920307, 0, 0, 0, 0, -0.07, -0.19, 0, 0, 0, 1
ATT, 920327, 0, -0.93, 0, 0.23, 60.66, 60.66, 0.01, 0
RCIN, 920327, 900, 900, 900, 900, 900, 900, 900, 900, 0, 0, 0, 0, 0, 0
CTUN, 920407, 0, 0, 0, 0, -0.07, -0.3, 0, 0, 0, 1
ATT, 920427, 0, -0.94, 0, 0.23, 60.66, 60.66, 0.01, 0
RCIN, 920427, 900, 900, 900, 900, 900, 900, 900, 900, 0, 0, 0, 0, 0, 0
RAD, 920456, 108, 113, 97, 16, 59, 0, 2
RAD, 920457, 108, 113, 97, 16, 59, 0, 2
GPS, 3, 163828800, 2004, 6, 3.92, 39.9201873, -105.1131694, -0.08, 1691.77, 0.16, 0, -0.19, 920486
CTUN, 920507, 0, 0, 0, 0, -0.08, -0.11, 0, 0, 0, 1
ATT, 920527, 0, -0.94, 0, 0.24, 60.66, 60.66, 0.03, 0.01
RCIN, 920527, 900, 900, 900, 900, 900, 900, 900, 900, 0, 0, 0, 0, 0, 0
CTUN, 920608, 0, 0, 0, 0, -0.08, -0.04, 0, 0, 0, 1
ATT, 920627, 0, -0.95, 0, 0.25, 60.67, 60.67, 0.03, 0
RCIN, 920628, 900, 900, 900, 900, 900, 900, 900, 900, 0, 0, 0, 0, 0, 0
GPS, 3, 163829000, 2004, 6, 3.92, 39.9201872, -105.1131696, -0.08, 1691.82, 0.13, 0, -0.2, 920686
CTUN, 920707, 0, 0, 0, 0, -0.08, -0.41, 0, 0, 0, 1
ATT, 920727, 0, -0.95, 0, 0.26, 60.66, 60.66, 0.01, 0
RCIN, 920728, 900, 900, 900, 900, 900, 900, 900, 900, 0, 0, 0, 0, 0, 0
CTUN, 920807, 0, 0, 0, 0, -0.1, -0.16, 0, 0, 0, 1
ATT, 920827, 0, -0.94, 0, 0.26, 60.66, 60.66, 0.01, 0
RCIN, 920828, 900, 900, 900, 900, 900, 900, 900, 900, 0, 0, 0, 0, 0, 0
GPS, 3, 163829200, 2004, 6, 3.92, 39.9201871, -105.1131698, -0.1, 1691.83, 0.09, 0, -0.2, 920886
CTUN, 920907, 0, 0, 0, 0, -0.1, -0.3, 0, 0, 0, 1
ATT, 920927, 0, -0.93, 0, 0.26, 60.66, 60.66, 0.01, 0
RCIN, 920927, 900, 900, 900, 900, 900, 900, 900, 900, 0, 0, 0, 0, 0, 0
CTUN, 921007, 0, 0, 0, 0, -0.11, -0.12, 0, 0, 0, 0
ATT, 921028, 0, -0.92, 0, 0.25, 60.66, 60.66, 0.01, 0
RCIN, 921028, 900, 900, 900, 900, 900, 900, 900, 900, 0, 0, 0, 0, 0, 0
GPS, 3, 163829400, 2004, 6, 3.92, 39.9201869, -105.11317, -0.11, 1691.85, 0.09, 0, -0.19, 921086
CTUN, 921108, 0, 0, 0, 0, -0.11, 0.07, 0, 0, 0, -27229
FMT, 129, 23, PARM, Nf, Name,Value
FMT, 130, 45, GPS, BIHBcLLeeEefI, Status,TimeMS,Week,NSats,HDop,Lat,Lng,RelAlt,Alt,Spd,GCrs,VZ,T
FMT, 131, 31, IMU, Iffffff, TimeMS,GyrX,GyrY,GyrZ,AccX,AccY,AccZ
FMT, 132, 67, MSG, Z, Message
FMT, 133, 35, RCIN, Ihhhhhhhhhhhhhh, TimeMS,C1,C2,C3,C4,C5,C6,C7,C8,C9,C10,C11,C12,C13,C14
FMT, 134, 23, RCOU, Ihhhhhhhh, TimeMS,Chan1,Chan2,Chan3,Chan4,Chan5,Chan6,Chan7,Chan8
FMT, 136, 21, BARO, , 
